3 satposs  : teph= 2020/12/24 22:08:00.005 n=24 ephopt=0
3 estpos  : n=24
3 rescode: rr=0.000 0.000 0.000
3 unhealthy satellite: sat=7 svh=3f
3 rescode: rr=-1521372.453 -5532262.140 4817457.047
3 unhealthy satellite: sat=7 svh=3f
3 rescode: rr=-1286916.211 -4741085.345 4109770.475
3 unhealthy satellite: sat=7 svh=3f
3 rescode: rr=-1276984.245 -4717220.356 4087271.074
3 unhealthy satellite: sat=7 svh=3f
3 rescode: rr=-1276972.186 -4717181.272 4087236.874
3 unhealthy satellite: sat=7 svh=3f
3 rescode: rr=-1276972.184 -4717181.157 4087236.790
3 unhealthy satellite: sat=7 svh=3f
3 rescode: rr=-1276972.184 -4717181.157 4087236.790
3 unhealthy satellite: sat=7 svh=3f
3 init rr: -1276972.18 -4717181.16 4087236.79: 5
3 rtkpos: start solution, dir=1
3 satposs  : teph= 2020/12/24 22:08:00.005 n=24 ephopt=0
3 estpos  : n=24
3 rescode: rr=-1276972.184 -4717181.157 4087236.790
3 unhealthy satellite: sat=7 svh=3f
3 rescode: rr=-1276973.138 -4717202.242 4087252.816
3 unhealthy satellite: sat=7 svh=3f
3 rescode: rr=-1276972.185 -4717181.213 4087236.831
3 unhealthy satellite: sat=7 svh=3f
3 rescode: rr=-1276972.184 -4717181.157 4087236.790
3 unhealthy satellite: sat=7 svh=3f
3 rescode: rr=-1276972.184 -4717181.157 4087236.790
3 unhealthy satellite: sat=7 svh=3f
1 
---------------------------------------------------------
1 relpos: dt=0.005 nu=24 nr=26
1 ---------------------------------------------------------
3 satposs  : teph= 2020/12/24 22:08:00.005 n=24 ephopt=0
3 satposs  : teph= 2020/12/24 22:08:00.000 n=26 ephopt=0
3 base station:
3 zdres: n=26 rr=-1283433.94 -4713073.29 4090105.09
3 sat= 4 rs=   -31639.194 -24805334.721   9427713.301 dts=-0.0001671607 az= 141.7 el= 59.9
3 unhealthy satellite: sat=7 svh=3f
3 sat= 8 rs=  5083626.453 -25892239.660   -944527.723 dts=-0.0000040917 az= 143.7 el= 29.3
3 sat= 9 rs= -9334834.761 -17060450.065  18014783.337 dts=-0.0003052093 az= 289.5 el= 76.3
3 sat=16 rs=  9857429.102 -11095488.722  21775311.845 dts=-0.0002551586 az=  47.4 el= 39.4
3 sat=27 rs= 12305889.405 -20726730.061  10592326.020 dts=-0.0000418400 az=  98.8 el= 37.1
3 sat=30 rs=-24362290.043  -1703188.001  10752734.978 dts=-0.0003578175 az= 277.6 el= 16.1
3 sat=38 rs= -8294761.783 -23976065.566   2490348.901 dts= 0.0001897532 az= 186.8 el= 45.2
3 sat=39 rs=-12375947.055 -13588059.603  17694259.783 dts=-0.0000419300 az= 289.7 el= 63.1
3 sat=40 rs=-10303189.081   3921968.971  23050097.580 dts=-0.0000564558 az= 329.1 el= 19.7
3 sat=41 rs=-11283279.151 -12578149.972  19150223.667 dts= 0.0000148841 az= 303.0 el= 62.7
3 sat=42 rs=-23322513.575  -8592582.712   5552248.085 dts=-0.0000649858 az= 256.1 el= 21.5
3 sat=48 rs=  6984734.502  -9588223.149  22573400.626 dts=-0.0000094939 az=  36.5 el= 41.7
3 sat=60 rs= -8837169.575 -20483062.824  19453746.110 dts=-0.0010103684 az= 281.9 el= 82.1
3 sat=63 rs=-13414752.403 -18052368.465  19240033.086 dts=-0.0006747668 az= 278.6 el= 69.4
3 sat=68 rs=-16814061.543   4324895.623  23968409.226 dts= 0.0058217666 az= 316.3 el= 20.2
3 sat=73 rs=  6525711.917 -28210579.477  -2441249.569 dts=-0.0012706424 az= 143.1 el= 26.8
3 sat=78 rs=  -569116.947 -29561755.774   1336870.088 dts= 0.0001612756 az= 157.5 el= 41.0
3 sat=80 rs= 11053254.946 -12506239.821  24447648.368 dts=-0.0006390822 az=  47.4 el= 40.9
3 sat=90 rs=-24354333.357 -16598221.448   2710672.414 dts=-0.0004767740 az= 237.2 el= 28.8
3 y=
        0.000         8.756         0.000        13.718        14.443         9.589         0.000        13.101         8.447        17.025        14.686        12.752        19.787        10.449        15.143         0.000         0.000         0.000        10.718        10.464         4.696         0.000         9.837         2.270        14.956        12.068
        0.000         0.000         0.000         0.000         0.000         0.000         0.000         0.000         0.000         0.000        23.901        21.163        30.337         0.000        24.883         0.000         0.000         0.000         0.000         0.000         0.000         0.000         0.000         0.000         0.000         0.000
        0.000         2.062         0.000         6.581         2.790         0.778         0.000         4.892         5.241         8.509        10.156        11.562        10.168         4.942         8.538         0.000         0.000         0.000         0.955        -0.192         1.172         0.000         2.271         1.660         2.235         2.973
        0.000         0.000         0.000         0.000         0.000         0.000         0.000         0.000         0.000         0.000        13.474        14.639        12.233         0.000         9.902         0.000         0.000         0.000         0.000         0.000         0.000         0.000         0.000         0.000         0.000         0.000
3 selsat  : nu=24 nr=26
3 before udstate: x=-1276972.1842 -4717181.1566 4087236.7896 1640049.2904 13.5020 -3.7866 0.0000 0.0000 0.0000
3 udstate : ns=19
3 udpos : tt=0.000
3 pos var too high for accel term: 900.0000
3 udbias  : tt=0.000 ns=19
3      sat=  4, F=1: init phase=-22.239
3      sat=  8, F=1: init phase=-10.050
3      sat=  9, F=1: init phase=-66.143
3      sat= 16, F=1: init phase=-47.298
3      sat= 27, F=1: init phase=-38.830
3      sat= 30, F=1: init phase=-140.821
3      sat= 38, F=1: init phase=-61.082
3      sat= 39, F=1: init phase=-15.142
3      sat= 40, F=1: init phase=83.764
3      sat= 41, F=1: init phase=-47.264
3      sat= 42, F=1: init phase=-5.140
3      sat= 48, F=1: init phase=-41.097
3      sat= 60, F=1: init phase=-51.800
3      sat= 63, F=1: init phase=-57.368
3      sat= 68, F=1: init phase=-28.400
3      sat= 73, F=1: init phase=-8.730
3      sat= 78, F=1: init phase=-9.717
3      sat= 80, F=1: init phase=-73.984
3      sat= 90, F=1: init phase=-36.816
3      sat= 39, F=2: init phase=-37.985
3      sat= 40, F=2: init phase=24.598
3      sat= 41, F=2: init phase=-75.978
3      sat= 48, F=2: init phase=-52.096
3 after udstate x=-1276972.1842 -4717181.1566 4087236.7896 1640049.2904 13.5020 -3.7866 0.0000 0.0000 0.0000
3 rover: dt=0.005
3 zdres: n=24 rr=-1276972.18 -4717181.16 4087236.79
3 unhealthy satellite: sat=7 svh=3f
3 y=
        0.000   1640053.760         0.000   1640068.279   1640052.498   1640054.076         0.000   1640058.573   1640049.369   1640064.624   1640071.090   1640099.605   1640068.808   1640078.599   1640065.712         0.000         0.000   1640047.777   1640047.864   1640061.597   1640061.408   1640050.108   1640051.881   1640064.517
        0.000   1640044.233         0.000   1640068.582   1640050.463         0.000         0.000   1640058.642   1640052.254         0.000   1640066.324   1640091.836   1640064.468         0.000   1640064.921         0.000         0.000         0.000         0.000         0.000         0.000         0.000         0.000         0.000
        0.000   1640051.298         0.000   1640063.055   1640053.431   1640054.266         0.000   1640057.753   1640072.960   1640067.554   1640069.389   1640082.773   1640068.040   1640074.057   1640066.801         0.000         0.000   1640047.871   1640048.125   1640063.478   1640055.503   1640051.346   1640053.239   1640062.428
        0.000   1640047.846         0.000   1640060.841   1640050.312         0.000         0.000   1640055.343   1640071.641         0.000   1640065.021   1640079.407   1640064.658         0.000   1640062.478         0.000         0.000         0.000         0.000         0.000         0.000         0.000         0.000         0.000
3 ddres   : dt=0.0050 ns=19
3 sat=  9-  4 L1 v=        1.406 R= 0.000037  0.000042 lock= 0 x=-22.239 P=900.000
3 sat=  9-  8 L1 v=       -5.832 R= 0.000037  0.000093 lock= 0 x=-10.050 P=900.000
3 sat=  9- 16 L1 v=       -2.846 R= 0.000037  0.000063 lock= 0 x=-47.298 P=900.000
3 sat=  9- 27 L1 v=       -2.219 R= 0.000037  0.000067 lock= 0 x=-38.830 P=900.000
3 outlier rejected: (sat=  9- 30 L1 v=      -17.077 x=      -66.143      -140.821 P=900.000000 900.000000)
3 sat=  9-  4 P1 v=        1.406 R= 3.337573  3.782390 lock= 0 x=-22.239 P=900.000
3 sat=  9-  8 P1 v=       -5.832 R= 3.337573  8.352452 lock= 0 x=-10.050 P=900.000
3 sat=  9- 16 P1 v=       -2.846 R= 3.337573  5.637392 lock= 0 x=-47.298 P=900.000
3 sat=  9- 27 P1 v=       -2.219 R= 3.337573  6.047198 lock= 0 x=-38.830 P=900.000
3 sat=  9- 30 P1 v=      -17.077 R= 3.337573 22.897576 lock= 0 x=-140.821 P=900.000
3 sat= 39- 38 L1 v=        0.187 R= 0.000091  0.000121 lock= 0 x=-61.082 P=900.000
3 outlier rejected: (sat= 39- 40 L1 v=      -11.978 x=      -15.142        83.764 P=900.000000 900.000000)
3 sat= 39- 41 L1 v=        1.361 R= 0.000091  0.000092 lock= 0 x=-47.264 P=900.000
3 sat= 39- 42 L1 v=       -9.882 R= 0.000091  0.000343 lock= 0 x=-5.140 P=900.000
3 sat= 39- 48 L1 v=        0.969 R= 0.000091  0.000132 lock= 0 x=-41.097 P=900.000
3 outlier rejected: (sat= 39- 40 L2 v=      -13.221 x=      -37.985        24.598 P=900.000000 900.000000)
3 sat= 39- 41 L2 v=       -0.878 R= 0.000091  0.000092 lock= 0 x=-75.978 P=900.000
3 sat= 39- 48 L2 v=       -1.030 R= 0.000091  0.000132 lock= 0 x=-52.096 P=900.000
3 sat= 39- 38 P1 v=        0.187 R= 8.234324 10.878564 lock= 0 x=-61.082 P=900.000
3 sat= 39- 40 P1 v=      -11.978 R= 8.234324 35.857917 lock= 0 x=83.764 P=900.000
3 sat= 39- 41 P1 v=        1.361 R= 8.234324  8.269360 lock= 0 x=-47.264 P=900.000
3 sat= 39- 42 P1 v=       -9.882 R= 8.234324 30.843959 lock= 0 x=-5.140 P=900.000
3 sat= 39- 48 P1 v=        0.969 R= 8.234324 11.884245 lock= 0 x=-41.097 P=900.000
3 sat= 39- 40 P2 v=      -13.221 R= 8.234324 35.857917 lock= 0 x=24.598 P=900.000
3 sat= 39- 41 P2 v=       -0.878 R= 8.234324  8.269360 lock= 0 x=-75.978 P=900.000
3 sat= 39- 48 P2 v=       -1.030 R= 8.234324 11.884245 lock= 0 x=-52.096 P=900.000
3 sat= 60- 63 L1 v=       -1.401 R= 0.000036  0.000039 lock= 0 x=-57.368 P=900.000
3 outlier rejected: (sat= 60- 68 L1 v=      -15.389 x=      -51.800       -28.400 P=900.000000 900.000000)
3 sat= 60- 73 L1 v=       -6.316 R= 0.000036  0.000106 lock= 0 x=-8.730 P=900.000
3 sat= 60- 78 L1 v=       -2.771 R= 0.000036  0.000060 lock= 0 x=-9.717 P=900.000
3 sat= 60- 80 L1 v=       -4.088 R= 0.000036  0.000060 lock= 0 x=-73.984 P=900.000
3 outlier rejected: (sat= 60- 90 L1 v=      -12.539 x=      -51.800       -36.816 P=900.000000 900.000000)
3 sat= 60- 63 P1 v=       -1.401 R= 3.272206  3.471413 lock= 0 x=-57.368 P=900.000
3 sat= 60- 68 P1 v=      -15.389 R= 3.272206 15.268588 lock= 0 x=-28.400 P=900.000
3 sat= 60- 73 P1 v=       -6.316 R= 3.272206  9.534913 lock= 0 x=-8.730 P=900.000
3 sat= 60- 78 P1 v=       -2.771 R= 3.272206  5.371884 lock= 0 x=-9.717 P=900.000
3 sat= 60- 80 P1 v=       -4.088 R= 3.272206  5.397837 lock= 0 x=-73.984 P=900.000
3 sat= 60- 90 P1 v=      -12.539 R= 3.272206  8.626082 lock= 0 x=-36.816 P=900.000
3 before filter x=-1276972.1842 -4717181.1566 4087236.7896 1640049.2904 13.5020 -3.7866 0.0000 0.0000 0.0000
3 after filter x=-1276971.6823 -4717197.6459 4087248.5280 1640049.2904 13.5020 -3.7866 0.0000 0.0000 0.0000
3 posvar=3.626814 
3 zdres: n=24 rr=-1276971.68 -4717197.65 4087248.53
3 unhealthy satellite: sat=7 svh=3f
3 y=
        0.000   1640072.713         0.000   1640081.223   1640070.401   1640068.653         0.000   1640074.375   1640050.085   1640078.994   1640086.366   1640102.948   1640084.099   1640081.734   1640080.195         0.000         0.000   1640066.536   1640064.498   1640064.463   1640073.710   1640065.221   1640066.806   1640070.996
        0.000   1640063.186         0.000   1640081.526   1640068.366         0.000         0.000   1640074.444   1640052.970         0.000   1640081.600   1640095.179   1640079.759         0.000   1640079.403         0.000         0.000         0.000         0.000         0.000         0.000         0.000         0.000         0.000
        0.000   1640070.251         0.000   1640075.999   1640071.335   1640068.843         0.000   1640073.555   1640073.677   1640081.924   1640084.665   1640086.116   1640083.331   1640077.191   1640081.283         0.000         0.000   1640066.630   1640064.759   1640066.344   1640067.805   1640066.459   1640068.164   1640068.907
        0.000   1640066.799         0.000   1640073.785   1640068.216         0.000         0.000   1640071.145   1640072.358         0.000   1640080.297   1640082.750   1640079.949         0.000   1640076.960         0.000         0.000         0.000         0.000         0.000         0.000         0.000         0.000         0.000
3 ddres   : dt=0.0050 ns=19
3 sat=  9-  4 L1 v=       -0.002 R= 0.000037  0.000042 lock= 0 x=-24.267 P=188.711
3 sat=  9-  8 L1 v=       -0.007 R= 0.000037  0.000093 lock= 0 x=-5.643 P=202.616
3 sat=  9- 16 L1 v=       -0.002 R= 0.000037  0.000063 lock= 0 x=-49.976 P=202.371
3 sat=  9- 27 L1 v=       -0.006 R= 0.000037  0.000067 lock= 0 x=-38.385 P=187.651
3 sat=  9- 30 L1 v=        0.137 R= 0.000037  0.000254 lock= 0 x=-140.821 P=900.000
3 sat=  9-  4 P1 v=        0.356 R= 3.337573  3.782390 lock= 0 x=-24.267 P=188.711
3 sat=  9-  8 P1 v=       -0.873 R= 3.337573  8.352452 lock= 0 x=-5.643 P=202.616
3 sat=  9- 16 P1 v=        0.480 R= 3.337573  5.637392 lock= 0 x=-49.976 P=202.371
3 sat=  9- 27 P1 v=       -0.118 R= 3.337573  6.047198 lock= 0 x=-38.385 P=187.651
3 sat=  9- 30 P1 v=        0.109 R= 3.337573 22.897576 lock= 0 x=-140.821 P=900.000
3 sat= 39- 38 L1 v=       -0.001 R= 0.000091  0.000121 lock= 0 x=-60.033 P=206.264
3 sat= 39- 40 L1 v=       -1.336 R= 0.000091  0.000398 lock= 0 x=83.764 P=900.000
3 sat= 39- 41 L1 v=        0.005 R= 0.000091  0.000092 lock= 0 x=-47.532 P=188.456
3 sat= 39- 42 L1 v=       -0.005 R= 0.000091  0.000343 lock= 0 x=-10.329 P=234.904
3 sat= 39- 48 L1 v=       -0.001 R= 0.000091  0.000132 lock= 0 x=-43.623 P=220.087
3 sat= 39- 40 L2 v=       -0.911 R= 0.000091  0.000398 lock= 0 x=24.598 P=900.000
3 sat= 39- 41 L2 v=        0.005 R= 0.000091  0.000092 lock= 0 x=-73.815 P=301.819
3 sat= 39- 48 L2 v=       -0.001 R= 0.000091  0.000132 lock= 0 x=-52.685 P=311.798
3 sat= 39- 38 P1 v=        1.094 R= 8.234324 10.878564 lock= 0 x=-60.033 P=206.264
3 sat= 39- 40 P1 v=       -0.045 R= 8.234324 35.857917 lock= 0 x=83.764 P=900.000
3 sat= 39- 41 P1 v=        1.346 R= 8.234324  8.269360 lock= 0 x=-47.532 P=188.456
3 sat= 39- 42 P1 v=        2.260 R= 8.234324 30.843959 lock= 0 x=-10.329 P=234.904
3 sat= 39- 48 P1 v=        1.763 R= 8.234324 11.884245 lock= 0 x=-43.623 P=220.087
3 sat= 39- 40 P2 v=       -1.288 R= 8.234324 35.857917 lock= 0 x=24.598 P=900.000
3 sat= 39- 41 P2 v=       -0.893 R= 8.234324  8.269360 lock= 0 x=-73.815 P=301.819
3 sat= 39- 48 P2 v=       -0.236 R= 8.234324 11.884245 lock= 0 x=-52.685 P=311.798
3 sat= 60- 63 L1 v=        0.003 R= 0.000036  0.000039 lock= 0 x=-59.582 P=197.365
3 sat= 60- 68 L1 v=        0.204 R= 0.000036  0.000170 lock= 0 x=-28.400 P=900.000
3 sat= 60- 73 L1 v=       -0.007 R= 0.000036  0.000106 lock= 0 x=-7.938 P=208.771
3 sat= 60- 78 L1 v=       -0.004 R= 0.000036  0.000060 lock= 0 x=-12.763 P=193.846
3 sat= 60- 80 L1 v=       -0.002 R= 0.000036  0.000060 lock= 0 x=-71.088 P=208.580
3 sat= 60- 90 L1 v=       -0.559 R= 0.000036  0.000096 lock= 0 x=-36.816 P=900.000
3 sat= 60- 63 P1 v=        0.724 R= 3.272206  3.471413 lock= 0 x=-59.582 P=197.365
3 sat= 60- 68 P1 v=        0.503 R= 3.272206 15.268588 lock= 0 x=-28.400 P=900.000
3 sat= 60- 73 P1 v=        0.141 R= 3.272206  9.534913 lock= 0 x=-7.938 P=208.771
3 sat= 60- 78 P1 v=        0.875 R= 3.272206  5.371884 lock= 0 x=-12.763 P=193.846
3 sat= 60- 80 P1 v=       -0.254 R= 3.272206  5.397837 lock= 0 x=-71.088 P=208.580
3 sat= 60- 90 P1 v=       -0.259 R= 3.272206  8.626082 lock= 0 x=-36.816 P=900.000
3 valpos  : nv=38 thres=4.0
3 large residual (ix_sat=4  v=0.137 sig=0.017)
3 large residual (ix_sat=11  v=-1.336 sig=0.022)
3 large residual (ix_sat=15  v=-0.911 sig=0.022)
3 large residual (ix_sat=27  v=0.204 sig=0.014)
3 large residual (ix_sat=31  v=-0.559 sig=0.011)
3 posvar=3.626814
3 prevRatios = 0.000 0.000
3 Skip AR
3 sol_rr=    -1276971.682    -4717197.646     4087248.528     1640049.290          13.502          -3.787
1 
---------------------------------------------------------
1 relpos: dt=0.005 nu=24 nr=26
1 ---------------------------------------------------------
3 satposs  : teph= 2020/12/24 22:08:01.005 n=24 ephopt=0
3 satposs  : teph= 2020/12/24 22:08:01.000 n=26 ephopt=0
3 base station:
3 zdres: n=26 rr=-1283433.94 -4713073.29 4090105.09
3 sat= 4 rs=   -31069.921 -24806421.167   9424850.869 dts=-0.0001671607 az= 141.7 el= 59.9
3 unhealthy satellite: sat=7 svh=3f
3 sat= 8 rs=  5083928.785 -25892297.446   -941319.719 dts=-0.0000040917 az= 143.7 el= 29.3
3 sat= 9 rs= -9334166.272 -17062661.625  18013039.397 dts=-0.0003052093 az= 289.5 el= 76.3
3 sat=16 rs=  9859320.990 -11093399.521  21775562.330 dts=-0.0002551586 az=  47.4 el= 39.4
3 sat=27 rs= 12305795.876 -20725336.270  10595156.516 dts=-0.0000418400 az=  98.8 el= 37.1
3 sat=30 rs=-24361053.939  -1703815.881  10755425.291 dts=-0.0003578175 az= 277.6 el= 16.1
3 sat=38 rs= -8294991.150 -23976355.875   2486807.993 dts= 0.0001897532 az= 186.8 el= 45.2
3 sat=39 rs=-12376673.429 -13590368.091  17691970.647 dts=-0.0000419300 az= 289.7 el= 63.1
3 sat=40 rs=-10303997.513   3918931.971  23050251.004 dts=-0.0000564558 az= 329.1 el= 19.7
3 sat=41 rs=-11280762.471 -12577438.733  19152168.823 dts= 0.0000148841 az= 303.1 el= 62.7
3 sat=42 rs=-23321810.138  -8592250.607   5555717.247 dts=-0.0000649858 az= 256.1 el= 21.5
3 sat=48 rs=  6987750.595  -9587533.851  22572772.844 dts=-0.0000094939 az=  36.5 el= 41.7
3 sat=60 rs= -8835530.407 -20481999.847  19455610.904 dts=-0.0010103684 az= 281.9 el= 82.1
3 sat=63 rs=-13414749.456 -18054298.246  19238224.505 dts=-0.0006747668 az= 278.5 el= 69.4
3 sat=68 rs=-16814036.806   4322491.162  23968861.268 dts= 0.0058217666 az= 316.3 el= 20.2
3 sat=73 rs=  6525801.993 -28210197.883  -2438449.100 dts=-0.0012706424 az= 143.1 el= 26.8
3 sat=78 rs=  -569167.762 -29561890.708   1333868.794 dts= 0.0001612757 az= 157.5 el= 41.0
3 sat=80 rs= 11055369.866 -12504996.503  24447328.752 dts=-0.0006390822 az=  47.4 el= 40.9
3 sat=90 rs=-24354157.979 -16597985.645   2713701.863 dts=-0.0004767740 az= 237.2 el= 28.8
3 y=
        0.000         8.899         0.000        13.858        14.585         9.729         0.000        13.245         8.588        17.170        14.832        12.887        19.931        10.601        15.288         0.000         0.000         0.000        10.860        10.605         4.840         0.000         9.981         2.413        15.099        12.212
        0.000         0.000         0.000         0.000         0.000         0.000         0.000         0.000         0.000         0.000        24.047        21.301        30.481         0.000        25.029         0.000         0.000         0.000         0.000         0.000         0.000         0.000         0.000         0.000         0.000         0.000
        0.000         2.265         0.000         6.837         2.919         0.909         0.000         5.105         5.274         8.622        10.278        11.945        10.267         4.848         8.561         0.000         0.000         0.000         1.110        -0.081         1.415         0.000         2.400         1.880         2.443         3.147
        0.000         0.000         0.000         0.000         0.000         0.000         0.000         0.000         0.000         0.000        13.609        14.919        12.350         0.000        10.063         0.000         0.000         0.000         0.000         0.000         0.000         0.000         0.000         0.000         0.000         0.000
3 selsat  : nu=24 nr=26
3 before udstate: x=-1276971.6823 -4717197.6459 4087248.5280 1640049.2904 13.5020 -3.7866 0.0000 0.0000 0.0000
3 udstate : ns=19
3 udpos : tt=1.005
3 pos var too high for accel term: 3.6268
3 udbias  : tt=1.005 ns=19
3 after udstate x=372049.6873 -4717184.0700 4087244.7206 1640049.2904 13.5020 -3.7866 0.0000 0.0000 0.0000
3 rover: dt=0.005
3 zdres: n=24 rr=372049.69 -4717184.07 4087244.72
3 unhealthy satellite: sat=7 svh=3f
3 y=
        0.000   1673530.818         0.000   2046424.202    930345.097   2432640.583   2923362.978   2619130.440         0.000   1020479.982    664826.505         0.000    754486.477         0.000   2237842.108   2539574.718   3099127.210   1053650.797    749451.840         0.000   2093649.057   1632431.499   2409653.813         0.000
        0.000   1673521.290         0.000   2046424.511    930343.064         0.000   2923351.017   2619130.509         0.000         0.000    664821.736         0.000    754482.139         0.000   2237841.323   2539558.269   3099116.661         0.000         0.000         0.000         0.000         0.000         0.000         0.000
        0.000   1673528.401         0.000   2046418.834    930346.043   2432640.731   2923366.524   2619129.633         0.000   1020482.826    664824.827         0.000    754485.671         0.000   2237843.236   2539581.990   3099114.596   1053650.815    749452.142         0.000   2093642.989   1632432.725   2409655.153         0.000
        0.000   1673524.979         0.000   2046416.763    930342.914         0.000   2923366.067   2619127.234         0.000         0.000    664820.396         0.000    754482.381         0.000   2237838.929   2539583.012   3099116.192         0.000         0.000         0.000         0.000         0.000         0.000         0.000
3 ddres   : dt=0.0050 ns=19
3 outlier rejected: (sat=  4-  8 L1 v=  -372884.882 x=      -24.014        -5.391 P=188.710899 202.616205)
3 outlier rejected: (sat=  4-  9 L1 v=   743183.411 x=      -24.014       -66.035 P=188.710899 204.598578)
3 outlier rejected: (sat=  4- 16 L1 v=  -759113.827 x=      -24.014       -49.723 P=188.710899 202.370790)
3 outlier rejected: (sat=  4- 27 L1 v=  -945597.963 x=      -24.014       -38.133 P=188.710899 187.650563)
3 outlier rejected: (sat=  4-  8 P1 v=  -372885.861 x=      -24.014        -5.391 P=188.710899 202.616205)
3 outlier rejected: (sat=  4-  9 P1 v=   743183.012 x=      -24.014       -66.035 P=188.710899 204.598578)
3 outlier rejected: (sat=  4- 16 P1 v=  -759113.686 x=      -24.014       -49.723 P=188.710899 202.370790)
3 outlier rejected: (sat=  4- 27 P1 v=  -945598.392 x=      -24.014       -38.133 P=188.710899 187.650563)
3 outlier rejected: (sat= 48- 38 L1 v=  1217360.924 x=      -43.371       -59.781 P=220.087120 206.264412)
3 outlier rejected: (sat= 48- 39 L1 v=  1573021.775 x=      -43.371        -7.979 P=220.087120 188.403087)
3 outlier rejected: (sat= 48- 41 L1 v=  1483359.540 x=      -43.371       -47.279 P=220.087120 188.455935)
3 outlier rejected: (sat= 48- 39 L2 v=  1573021.785 x=      -52.700       -39.570 P=311.798371 304.759250)
3 outlier rejected: (sat= 48- 41 L2 v=  1483359.544 x=      -52.700       -73.830 P=311.798371 301.819276)
3 outlier rejected: (sat= 48- 38 P1 v=  1217360.471 x=      -43.371       -59.781 P=220.087120 206.264412)
3 outlier rejected: (sat= 48- 39 P1 v=  1573020.126 x=      -43.371        -7.979 P=220.087120 188.403087)
3 outlier rejected: (sat= 48- 41 P1 v=  1483359.272 x=      -43.371       -47.279 P=220.087120 188.455935)
3 outlier rejected: (sat= 48- 39 P2 v=  1573022.079 x=      -52.700       -39.570 P=311.798371 304.759250)
3 outlier rejected: (sat= 48- 41 P2 v=  1483358.836 x=      -52.700       -73.830 P=311.798371 301.819276)
3 outlier rejected: (sat= 60- 63 L1 v=   304196.922 x=      -49.975       -59.329 P=194.642940 197.364875)
3 outlier rejected: (sat= 60- 73 L1 v= -1039991.092 x=      -49.975        -7.685 P=194.642940 208.771499)
3 outlier rejected: (sat= 60- 78 L1 v=  -578782.020 x=      -49.975       -12.511 P=194.642940 193.846354)
3 outlier rejected: (sat= 60- 80 L1 v= -1356002.747 x=      -49.975       -70.835 P=194.642940 208.580328)
3 outlier rejected: (sat= 60- 63 P1 v=   304197.482 x=      -49.975       -59.329 P=194.642940 197.364875)
3 outlier rejected: (sat= 60- 73 P1 v= -1039990.884 x=      -49.975        -7.685 P=194.642940 208.771499)
3 outlier rejected: (sat= 60- 78 P1 v=  -578781.140 x=      -49.975       -12.511 P=194.642940 193.846354)
3 outlier rejected: (sat= 60- 80 P1 v= -1356003.006 x=      -49.975       -70.835 P=194.642940 208.580328)
3 not enough double-differenced residual
3 sol_rr=      372049.687    -4717184.070     4087244.721     1640049.290          13.502          -3.787
3 satposs  : teph= 2020/12/24 22:08:02.005 n=24 ephopt=0
3 estpos  : n=24
3 rescode: rr=372049.687 -4717184.070 4087244.721
3 unhealthy satellite: sat=7 svh=3f
3 rescode: rr=-1276705.010 -4678799.951 4069480.460
3 unhealthy satellite: sat=7 svh=3f
3 rescode: rr=-1276974.790 -4717230.065 4087261.465
3 unhealthy satellite: sat=7 svh=3f
3 rescode: rr=-1276971.043 -4717180.116 4087236.000
3 unhealthy satellite: sat=7 svh=3f
3 rescode: rr=-1276971.032 -4717179.993 4087235.909
3 unhealthy satellite: sat=7 svh=3f
3 rescode: rr=-1276971.032 -4717179.993 4087235.909
3 unhealthy satellite: sat=7 svh=3f
1 
---------------------------------------------------------
1 relpos: dt=0.005 nu=24 nr=26
1 ---------------------------------------------------------
3 satposs  : teph= 2020/12/24 22:08:02.005 n=24 ephopt=0
3 satposs  : teph= 2020/12/24 22:08:02.000 n=26 ephopt=0
3 base station:
3 zdres: n=26 rr=-1283433.94 -4713073.29 4090105.09
3 sat= 4 rs=   -30500.807 -24807507.299   9421988.235 dts=-0.0001671607 az= 141.7 el= 59.8
3 unhealthy satellite: sat=7 svh=3f
3 sat= 8 rs=  5084231.025 -25892354.854   -938111.695 dts=-0.0000040917 az= 143.7 el= 29.3
3 sat= 9 rs= -9333497.955 -17064873.007  18011295.072 dts=-0.0003052093 az= 289.5 el= 76.3
3 sat=16 rs=  9861213.020 -11091310.414  21775812.341 dts=-0.0002551586 az=  47.4 el= 39.4
3 sat=27 rs= 12305702.347 -20723942.123  10597986.781 dts=-0.0000418400 az=  98.8 el= 37.1
3 sat=30 rs=-24359817.546  -1704443.914  10758115.378 dts=-0.0003578175 az= 277.6 el= 16.1
3 sat=38 rs= -8295220.405 -23976645.700   2483267.024 dts= 0.0001897532 az= 186.8 el= 45.2
3 sat=39 rs=-12377399.908 -13592676.219  17689681.086 dts=-0.0000419300 az= 289.7 el= 63.1
3 sat=40 rs=-10304806.197   3915895.016  23050403.878 dts=-0.0000564558 az= 329.1 el= 19.7
3 sat=41 rs=-11278245.477 -12576727.627  19154113.521 dts= 0.0000148841 az= 303.1 el= 62.7
3 sat=42 rs=-23321106.213  -8591918.442   5559186.275 dts=-0.0000649858 az= 256.1 el= 21.5
3 sat=48 rs=  6990766.658  -9586844.815  22572144.519 dts=-0.0000094939 az=  36.5 el= 41.7
3 sat=60 rs= -8833890.995 -20480936.903  19457475.398 dts=-0.0010103684 az= 282.0 el= 82.1
3 sat=63 rs=-13414746.655 -18056227.845  19236415.628 dts=-0.0006747668 az= 278.5 el= 69.4
3 sat=68 rs=-16814012.251   4320086.654  23969312.941 dts= 0.0058217665 az= 316.3 el= 20.2
3 sat=73 rs=  6525892.053 -28209815.993  -2435648.591 dts=-0.0012706424 az= 143.1 el= 26.8
3 sat=78 rs=  -569218.591 -29562025.337   1330867.479 dts= 0.0001612757 az= 157.5 el= 41.0
3 sat=80 rs= 11057484.857 -12503753.367  24447008.762 dts=-0.0006390822 az=  47.4 el= 40.9
3 sat=90 rs=-24353982.322 -16597749.701   2716731.269 dts=-0.0004767740 az= 237.2 el= 28.8
3 y=
        0.000         8.982         0.000        13.941        14.669         9.812         0.000        13.327         8.672        17.256        14.912        12.966        20.018        10.692        15.376         0.000         0.000         0.000        10.944        10.688         4.924         0.000        10.065         2.497        15.182        12.298
        0.000         0.000         0.000         0.000         0.000         0.000         0.000         0.000         0.000         0.000        24.126        21.377        30.568         0.000        25.116         0.000         0.000         0.000         0.000         0.000         0.000         0.000         0.000         0.000         0.000         0.000
        0.000         2.318         0.000         6.988         2.979         0.989         0.000         5.209         5.333         8.812        10.364        12.200        10.348         4.943         8.606         0.000         0.000         0.000         1.205         0.020         1.534         0.000         2.487         1.985         2.541         3.300
        0.000         0.000         0.000         0.000         0.000         0.000         0.000         0.000         0.000         0.000        13.703        14.991        12.449         0.000         9.956         0.000         0.000         0.000         0.000         0.000         0.000         0.000         0.000         0.000         0.000         0.000
3 selsat  : nu=24 nr=26
3 before udstate: x=-1276971.0322 -4717179.9927 4087235.9091 1640214.3626 12.4722 -4.1069 0.0000 0.0000 0.0000
3 udstate : ns=19
3 udpos : tt=0.995
3 pos var too high for accel term: 104.7239
3 udbias  : tt=0.995 ns=19
3      sat=  8, F=1: init phase=-7.744
3      sat=  9, F=1: init phase=-66.119
3      sat= 16, F=1: init phase=-47.267
3      sat= 27, F=1: init phase=-38.676
3      sat= 38, F=1: init phase=-59.858
3      sat= 39, F=1: init phase=-15.508
3      sat= 41, F=1: init phase=-46.970
3      sat= 63, F=1: init phase=-57.186
3      sat= 73, F=1: init phase=-7.979
3      sat= 78, F=1: init phase=-9.854
3      sat= 80, F=1: init phase=-73.081
3      sat= 39, F=2: init phase=-38.474
3      sat= 41, F=2: init phase=-76.319
3 after udstate x=354269.4451 -4717167.5886 4087231.8247 1640214.3626 12.4722 -4.1069 0.0000 0.0000 0.0000
3 rover: dt=0.005
3 zdres: n=24 rr=354269.45 -4717167.59 4087231.82
3 unhealthy satellite: sat=7 svh=3f
3 y=
        0.000   1673975.979         0.000   2042758.066    938674.328   2424818.004   2909930.153   2609091.778         0.000   1027819.146    675803.601         0.000    764800.662         0.000   2232316.700   2530238.733   3083543.311   1060680.896    759539.497         0.000   2089387.606   1633159.240   2402020.520         0.000
        0.000   1673966.450         0.000   2042758.376    938672.294         0.000   2909918.185   2609091.848         0.000         0.000    675798.832         0.000    764796.325         0.000   2232315.907   2530222.283   3083532.763         0.000         0.000         0.000         0.000         0.000         0.000         0.000
        0.000   1673973.653         0.000   2042752.586    938675.221   2424818.176   2909933.660   2609091.020         0.000   1027821.920    675801.950         0.000    764799.788         0.000   2232317.825   2530245.957   3083530.723   1060680.837    759539.710         0.000   2089381.546   1633160.604   2402021.785         0.000
        0.000   1673970.021         0.000   2042750.650    938672.037         0.000   2909933.212   2609088.558         0.000         0.000    675797.649         0.000    764796.582         0.000   2232313.532   2530246.973   3083532.259         0.000         0.000         0.000         0.000         0.000         0.000         0.000
3 ddres   : dt=0.0050 ns=19
3 outlier rejected: (sat=  4-  8 L1 v=  -368774.279 x=      -22.716        -7.744 P=188.710899 900.000000)
3 outlier rejected: (sat=  4-  9 L1 v=   735299.078 x=      -22.716       -66.119 P=188.710899 900.000000)
3 outlier rejected: (sat=  4- 16 L1 v=  -750845.867 x=      -22.716       -47.267 P=188.710899 900.000000)
3 outlier rejected: (sat=  4- 27 L1 v=  -935114.491 x=      -22.716       -38.676 P=188.710899 900.000000)
3 outlier rejected: (sat=  4-  8 P1 v=  -368774.263 x=      -22.716        -7.744 P=188.710899 900.000000)
3 outlier rejected: (sat=  4-  9 P1 v=   735299.094 x=      -22.716       -66.119 P=188.710899 900.000000)
3 outlier rejected: (sat=  4- 16 P1 v=  -750845.852 x=      -22.716       -47.267 P=188.710899 900.000000)
3 outlier rejected: (sat=  4- 27 P1 v=  -935114.476 x=      -22.716       -38.676 P=188.710899 900.000000)
3 outlier rejected: (sat= 48- 38 L1 v=  1204496.092 x=      -42.072       -59.858 P=220.087120 900.000000)
3 outlier rejected: (sat= 48- 39 L1 v=  1556517.613 x=      -42.072       -15.508 P=220.087120 900.000000)
3 outlier rejected: (sat= 48- 41 L1 v=  1467519.760 x=      -42.072       -46.970 P=220.087120 900.000000)
3 outlier rejected: (sat= 48- 39 L2 v=  1556519.557 x=      -52.819       -38.474 P=311.798371 900.000000)
3 outlier rejected: (sat= 48- 41 L2 v=  1467519.371 x=      -52.819       -76.319 P=311.798371 900.000000)
3 outlier rejected: (sat= 48- 38 P1 v=  1204496.111 x=      -42.072       -59.858 P=220.087120 900.000000)
3 outlier rejected: (sat= 48- 39 P1 v=  1556517.632 x=      -42.072       -15.508 P=220.087120 900.000000)
3 outlier rejected: (sat= 48- 41 P1 v=  1467519.779 x=      -42.072       -46.970 P=220.087120 900.000000)
3 outlier rejected: (sat= 48- 39 P2 v=  1556519.629 x=      -52.819       -38.474 P=311.798371 900.000000)
3 outlier rejected: (sat= 48- 41 P2 v=  1467519.443 x=      -52.819       -76.319 P=311.798371 900.000000)
3 outlier rejected: (sat= 60- 63 L1 v=   301139.525 x=      -48.676       -57.186 P=194.642940 900.000000)
3 outlier rejected: (sat= 60- 73 L1 v= -1028699.844 x=      -48.676        -7.979 P=194.642940 900.000000)
3 outlier rejected: (sat= 60- 78 L1 v=  -572479.404 x=      -48.676        -9.854 P=194.642940 900.000000)
3 outlier rejected: (sat= 60- 80 L1 v= -1341340.029 x=      -48.676       -73.081 P=194.642940 900.000000)
3 outlier rejected: (sat= 60- 63 P1 v=   301139.941 x=      -48.676       -57.186 P=194.642940 900.000000)
3 outlier rejected: (sat= 60- 73 P1 v= -1028699.427 x=      -48.676        -7.979 P=194.642940 900.000000)
3 outlier rejected: (sat= 60- 78 P1 v=  -572478.987 x=      -48.676        -9.854 P=194.642940 900.000000)
3 outlier rejected: (sat= 60- 80 P1 v= -1341339.612 x=      -48.676       -73.081 P=194.642940 900.000000)
3 not enough double-differenced residual
3 sol_rr=      354269.445    -4717167.589     4087231.825     1640214.363          12.472          -4.107
3 satposs  : teph= 2020/12/24 22:08:03.005 n=24 ephopt=0
3 estpos  : n=24
3 rescode: rr=354269.445 -4717167.589 4087231.825
3 unhealthy satellite: sat=7 svh=3f
3 rescode: rr=-1276714.889 -4679579.957 4069863.081
3 unhealthy satellite: sat=7 svh=3f
3 rescode: rr=-1276974.668 -4717228.666 4087260.887
3 unhealthy satellite: sat=7 svh=3f
3 rescode: rr=-1276971.026 -4717180.054 4087235.976
3 unhealthy satellite: sat=7 svh=3f
3 rescode: rr=-1276971.016 -4717179.934 4087235.888
3 unhealthy satellite: sat=7 svh=3f
3 rescode: rr=-1276971.016 -4717179.934 4087235.888
3 unhealthy satellite: sat=7 svh=3f
1 
---------------------------------------------------------
1 relpos: dt=0.005 nu=24 nr=26
1 ---------------------------------------------------------
3 satposs  : teph= 2020/12/24 22:08:03.005 n=24 ephopt=0
3 satposs  : teph= 2020/12/24 22:08:03.000 n=26 ephopt=0
3 base station:
3 zdres: n=26 rr=-1283433.94 -4713073.29 4090105.09
3 sat= 4 rs=   -29931.851 -24808593.117   9419125.401 dts=-0.0001671607 az= 141.7 el= 59.8
3 unhealthy satellite: sat=7 svh=3f
3 sat= 8 rs=  5084533.173 -25892411.882   -934903.651 dts=-0.0000040917 az= 143.7 el= 29.3
3 sat= 9 rs= -9332829.810 -17067084.213  18009550.362 dts=-0.0003052094 az= 289.5 el= 76.3
3 sat=16 rs=  9863105.192 -11089221.400  21776061.877 dts=-0.0002551586 az=  47.4 el= 39.4
3 sat=27 rs= 12305608.818 -20722547.621  10600816.815 dts=-0.0000418401 az=  98.8 el= 37.1
3 sat=30 rs=-24358580.863  -1705072.101  10760805.240 dts=-0.0003578175 az= 277.6 el= 16.1
3 sat=38 rs= -8295449.545 -23976935.043   2479725.996 dts= 0.0001897532 az= 186.7 el= 45.2
3 sat=39 rs=-12378126.493 -13594983.987  17687391.101 dts=-0.0000419300 az= 289.7 el= 63.1
3 sat=40 rs=-10305615.132   3912858.106  23050556.200 dts=-0.0000564558 az= 329.1 el= 19.7
3 sat=41 rs=-11275728.170 -12576016.654  19156057.761 dts= 0.0000148841 az= 303.1 el= 62.7
3 sat=42 rs=-23320401.802  -8591586.219   5562655.169 dts=-0.0000649858 az= 256.1 el= 21.6
3 sat=48 rs=  6993782.690  -9586156.038  22571515.652 dts=-0.0000094939 az=  36.5 el= 41.7
3 sat=60 rs= -8832251.340 -20479873.992  19459339.593 dts=-0.0010103684 az= 282.0 el= 82.1
3 sat=63 rs=-13414744.002 -18058157.263  19234606.456 dts=-0.0006747668 az= 278.5 el= 69.4
3 sat=68 rs=-16813987.878   4317682.100  23969764.245 dts= 0.0058217665 az= 316.3 el= 20.2
3 sat=73 rs=  6525982.098 -28209433.808  -2432848.043 dts=-0.0012706424 az= 143.1 el= 26.8
3 sat=78 rs=  -569269.434 -29562159.661   1327866.143 dts= 0.0001612757 az= 157.5 el= 41.0
3 sat=80 rs= 11059599.917 -12502510.414  24446688.395 dts=-0.0006390822 az=  47.5 el= 40.9
3 sat=90 rs=-24353806.385 -16597513.615   2719760.634 dts=-0.0004767740 az= 237.2 el= 28.8
3 y=
        0.000         8.981         0.000        13.943        14.666         9.808         0.000        13.326         8.675        17.255        14.901        12.961        20.017        10.695        15.377         0.000         0.000         0.000        10.943        10.687         4.920         0.000        10.064         2.494        15.180        12.295
        0.000         0.000         0.000         0.000         0.000         0.000         0.000         0.000         0.000         0.000        24.117        21.373        30.567         0.000        25.118         0.000         0.000         0.000         0.000         0.000         0.000         0.000         0.000         0.000         0.000         0.000
        0.000         2.360         0.000         6.903         2.952         0.994         0.000         5.174         5.210         8.755        10.396        12.161        10.322         4.802         8.503         0.000         0.000         0.000         1.221         0.006         1.527         0.000         2.493         1.922         2.510         3.268
        0.000         0.000         0.000         0.000         0.000         0.000         0.000         0.000         0.000         0.000        13.785        15.100        12.450         0.000        10.010         0.000         0.000         0.000         0.000         0.000         0.000         0.000         0.000         0.000         0.000         0.000
3 selsat  : nu=24 nr=26
3 before udstate: x=-1276971.0163 -4717179.9339 4087235.8878 1640297.3215 12.4584 -4.0492 0.0000 0.0000 0.0000
3 udstate : ns=19
3 udpos : tt=1.000
3 pos var too high for accel term: 503.6205
3 udbias  : tt=1.000 ns=19
3      sat=  8, F=1: init phase=-8.059
3      sat=  9, F=1: init phase=-66.544
3      sat= 16, F=1: init phase=-47.036
3      sat= 27, F=1: init phase=-38.491
3      sat= 38, F=1: init phase=-60.037
3      sat= 39, F=1: init phase=-15.308
3      sat= 41, F=1: init phase=-46.523
3      sat= 63, F=1: init phase=-57.754
3      sat= 73, F=1: init phase=-7.494
3      sat= 78, F=1: init phase=-11.429
3      sat= 80, F=1: init phase=-73.301
3      sat= 39, F=2: init phase=-38.242
3      sat= 41, F=2: init phase=-76.722
3 after udstate x=363325.8514 -4717167.4755 4087231.8386 1640297.3215 12.4584 -4.0492 0.0000 0.0000 0.0000
3 rover: dt=0.005
3 zdres: n=24 rr=363325.85 -4717167.48 4087231.84
3 unhealthy satellite: sat=7 svh=3f
3 y=
        0.000   1673933.558         0.000   2044795.178    934622.261   2429112.417   2917022.422   2614328.467         0.000   1024201.231    670234.215         0.000    759963.931         0.000   2235598.572   2534870.274   3091492.504   1057386.605    754515.334         0.000   2091715.721   1632902.878   2406224.171         0.000
        0.000   1673924.030         0.000   2044795.488    934620.227         0.000   2917010.459   2614328.539         0.000         0.000    670229.449         0.000    759959.594         0.000   2235597.783   2534853.821   3091481.952         0.000         0.000         0.000         0.000         0.000         0.000         0.000
        0.000   1673931.294         0.000   2044789.672    934623.209   2429112.553   2917025.873   2614327.639         0.000   1024203.983    670232.569         0.000    759962.948         0.000   2235599.737   2534877.527   3091480.057   1057386.598    754515.643         0.000   2091709.575   1632904.481   2406225.449         0.000
        0.000   1673927.556         0.000   2044787.814    934620.016         0.000   2917025.432   2614325.350         0.000         0.000    670228.302         0.000    759959.949         0.000   2235595.467   2534878.488   3091481.381         0.000         0.000         0.000         0.000         0.000         0.000         0.000
3 ddres   : dt=0.0050 ns=19
3 outlier rejected: (sat=  4-  8 L1 v=  -370853.786 x=      -23.150        -8.059 P=188.710899 900.000000)
3 outlier rejected: (sat=  4-  9 L1 v=   739308.725 x=      -23.150       -66.544 P=188.710899 900.000000)
3 outlier rejected: (sat=  4- 16 L1 v=  -755182.577 x=      -23.150       -47.036 P=188.710899 900.000000)
3 outlier rejected: (sat=  4- 27 L1 v=  -940393.483 x=      -23.150       -38.491 P=188.710899 900.000000)
3 outlier rejected: (sat=  4-  8 P1 v=  -370853.834 x=      -23.150        -8.059 P=188.710899 900.000000)
3 outlier rejected: (sat=  4-  9 P1 v=   739308.677 x=      -23.150       -66.544 P=188.710899 900.000000)
3 outlier rejected: (sat=  4- 16 P1 v=  -755182.625 x=      -23.150       -47.036 P=188.710899 900.000000)
3 outlier rejected: (sat=  4- 27 P1 v=  -940393.531 x=      -23.150       -38.491 P=188.710899 900.000000)
3 outlier rejected: (sat= 48- 38 L1 v=  1211395.925 x=      -42.507       -60.037 P=220.087120 900.000000)
3 outlier rejected: (sat= 48- 39 L1 v=  1565368.979 x=      -42.507       -15.308 P=220.087120 900.000000)
3 outlier rejected: (sat= 48- 41 L1 v=  1475638.526 x=      -42.507       -46.523 P=220.087120 900.000000)
3 outlier rejected: (sat= 48- 39 L2 v=  1565370.797 x=      -52.556       -38.242 P=311.798371 900.000000)
3 outlier rejected: (sat= 48- 41 L2 v=  1475637.815 x=      -52.556       -76.722 P=311.798371 900.000000)
3 outlier rejected: (sat= 48- 38 P1 v=  1211396.006 x=      -42.507       -60.037 P=220.087120 900.000000)
3 outlier rejected: (sat= 48- 39 P1 v=  1565369.060 x=      -42.507       -15.308 P=220.087120 900.000000)
3 outlier rejected: (sat= 48- 41 P1 v=  1475638.608 x=      -42.507       -46.523 P=220.087120 900.000000)
3 outlier rejected: (sat= 48- 39 P2 v=  1565370.939 x=      -52.556       -38.242 P=311.798371 900.000000)
3 outlier rejected: (sat= 48- 41 P2 v=  1475637.958 x=      -52.556       -76.722 P=311.798371 900.000000)
3 outlier rejected: (sat= 60- 63 L1 v=   302869.370 x=      -49.111       -57.754 P=194.642940 900.000000)
3 outlier rejected: (sat= 60- 73 L1 v= -1034322.075 x=      -49.111        -7.494 P=194.642940 900.000000)
3 outlier rejected: (sat= 60- 78 L1 v=  -575517.551 x=      -49.111       -11.429 P=194.642940 900.000000)
3 outlier rejected: (sat= 60- 80 L1 v= -1348837.932 x=      -49.111       -73.301 P=194.642940 900.000000)
3 outlier rejected: (sat= 60- 63 P1 v=   302869.739 x=      -49.111       -57.754 P=194.642940 900.000000)
3 outlier rejected: (sat= 60- 73 P1 v= -1034321.706 x=      -49.111        -7.494 P=194.642940 900.000000)
3 outlier rejected: (sat= 60- 78 P1 v=  -575517.183 x=      -49.111       -11.429 P=194.642940 900.000000)
3 outlier rejected: (sat= 60- 80 P1 v= -1348837.563 x=      -49.111       -73.301 P=194.642940 900.000000)
3 not enough double-differenced residual
3 sol_rr=      363325.851    -4717167.476     4087231.839     1640297.322          12.458          -4.049
3 satposs  : teph= 2020/12/24 22:08:04.005 n=24 ephopt=0
3 estpos  : n=24
3 rescode: rr=363325.851 -4717167.476 4087231.839
3 unhealthy satellite: sat=7 svh=3f
3 rescode: rr=-1276704.526 -4679202.823 4069686.077
3 unhealthy satellite: sat=7 svh=3f
3 rescode: rr=-1276974.713 -4717229.174 4087260.981
3 unhealthy satellite: sat=7 svh=3f
3 rescode: rr=-1276971.014 -4717179.931 4087235.817
3 unhealthy satellite: sat=7 svh=3f
3 rescode: rr=-1276971.004 -4717179.809 4087235.728
3 unhealthy satellite: sat=7 svh=3f
3 rescode: rr=-1276971.004 -4717179.809 4087235.728
3 unhealthy satellite: sat=7 svh=3f
1 
---------------------------------------------------------
1 relpos: dt=0.005 nu=24 nr=26
1 ---------------------------------------------------------
3 satposs  : teph= 2020/12/24 22:08:04.005 n=24 ephopt=0
3 satposs  : teph= 2020/12/24 22:08:04.000 n=26 ephopt=0
3 base station:
3 zdres: n=26 rr=-1283433.94 -4713073.29 4090105.09
3 sat= 4 rs=   -29363.052 -24809678.620   9416262.365 dts=-0.0001671607 az= 141.7 el= 59.8
3 unhealthy satellite: sat=7 svh=3f
3 sat= 8 rs=  5084835.230 -25892468.532   -931695.586 dts=-0.0000040917 az= 143.7 el= 29.3
3 sat= 9 rs= -9332161.838 -17069295.241  18007805.266 dts=-0.0003052094 az= 289.4 el= 76.3
3 sat=16 rs=  9864997.507 -11087132.480  21776310.939 dts=-0.0002551586 az=  47.4 el= 39.4
3 sat=27 rs= 12305515.290 -20721152.762  10603646.616 dts=-0.0000418401 az=  98.8 el= 37.2
3 sat=30 rs=-24357343.889  -1705700.442  10763494.876 dts=-0.0003578175 az= 277.6 el= 16.1
3 sat=38 rs= -8295678.573 -23977223.903   2476184.909 dts= 0.0001897532 az= 186.7 el= 45.2
3 sat=39 rs=-12378853.182 -13597291.395  17685100.691 dts=-0.0000419300 az= 289.7 el= 63.1
3 sat=40 rs=-10306424.319   3909821.242  23050707.972 dts=-0.0000564558 az= 329.1 el= 19.8
3 sat=41 rs=-11273210.550 -12575305.814  19158001.542 dts= 0.0000148841 az= 303.1 el= 62.7
3 sat=42 rs=-23319696.903  -8591253.937   5566123.928 dts=-0.0000649858 az= 256.1 el= 21.6
3 sat=48 rs=  6996798.692  -9585467.522  22570886.243 dts=-0.0000094939 az=  36.6 el= 41.6
3 sat=60 rs= -8830611.440 -20478811.114  19461203.489 dts=-0.0010103685 az= 282.0 el= 82.1
3 sat=63 rs=-13414741.494 -18060086.501  19232796.987 dts=-0.0006747668 az= 278.5 el= 69.4
3 sat=68 rs=-16813963.686   4315277.498  23970215.181 dts= 0.0058217665 az= 316.3 el= 20.2
3 sat=73 rs=  6526072.127 -28209051.327  -2430047.455 dts=-0.0012706424 az= 143.1 el= 26.8
3 sat=78 rs=  -569320.291 -29562293.681   1324864.788 dts= 0.0001612757 az= 157.5 el= 41.0
3 sat=80 rs= 11061715.048 -12501267.644  24446367.653 dts=-0.0006390822 az=  47.5 el= 40.9
3 sat=90 rs=-24353630.169 -16597277.388   2722789.957 dts=-0.0004767740 az= 237.2 el= 28.8
3 y=
        0.000         8.907         0.000        13.868        14.594         9.733         0.000        13.253         8.598        17.181        14.821        12.885        19.944        10.624        15.300         0.000         0.000         0.000        10.869        10.613         4.848         0.000         9.992         2.419        15.106        12.222
        0.000         0.000         0.000         0.000         0.000         0.000         0.000         0.000         0.000         0.000        24.036        21.297        30.494         0.000        25.040         0.000         0.000         0.000         0.000         0.000         0.000         0.000         0.000         0.000         0.000         0.000
        0.000         2.285         0.000         6.901         2.842         0.917         0.000         5.069         5.121         8.537        10.311        12.042        10.265         4.674         8.405         0.000         0.000         0.000         1.155        -0.057         1.381         0.000         2.473         1.819         2.423         3.237
        0.000         0.000         0.000         0.000         0.000         0.000         0.000         0.000         0.000         0.000        13.749        14.806        12.308         0.000        10.091         0.000         0.000         0.000         0.000         0.000         0.000         0.000         0.000         0.000         0.000         0.000
3 selsat  : nu=24 nr=26
3 before udstate: x=-1276971.0039 -4717179.8089 4087235.7282 1640380.1674 12.4759 -4.0201 0.0000 0.0000 0.0000
3 udstate : ns=19
3 udpos : tt=1.000
2 reset rtk position due to large variance: var=1809.906
3 udbias  : tt=1.000 ns=19
3      sat=  8, F=1: init phase=-7.695
3      sat=  9, F=1: init phase=-67.140
3      sat= 16, F=1: init phase=-47.096
3      sat= 27, F=1: init phase=-38.376
3      sat= 38, F=1: init phase=-60.394
3      sat= 39, F=1: init phase=-15.463
3      sat= 41, F=1: init phase=-46.933
3      sat= 63, F=1: init phase=-57.945
3      sat= 73, F=1: init phase=-6.537
3      sat= 78, F=1: init phase=-11.904
3      sat= 80, F=1: init phase=-73.775
3      sat= 39, F=2: init phase=-38.030
3      sat= 41, F=2: init phase=-77.109
3 after udstate x=-1276971.0039 -4717179.8089 4087235.7282 0.0000 0.0000 0.0000 0.0000 0.0000 0.0000
3 rover: dt=0.005
3 zdres: n=24 rr=-1276971.00 -4717179.81 4087235.73
3 unhealthy satellite: sat=7 svh=3f
3 y=
        0.000   1640384.397         0.000   1640399.712   1640382.609   1640385.556         0.000   1640390.135   1640380.245   1640395.191   1640401.197   1640430.867   1640398.995   1640409.289   1640397.068         0.000   1640416.724   1640377.913   1640377.941   1640392.703   1640392.931   1640381.060   1640383.319   1640395.037
        0.000   1640374.868         0.000   1640400.024   1640380.576         0.000         0.000   1640390.209   1640383.134         0.000   1640396.430   1640423.094   1640394.659         0.000   1640396.279         0.000   1640406.179         0.000         0.000         0.000         0.000         0.000         0.000         0.000
        0.000   1640382.058         0.000   1640394.209   1640383.633   1640385.703         0.000   1640389.254   1640403.718   1640397.865   1640399.575   1640414.177   1640398.104   1640404.441   1640398.218         0.000   1640404.382   1640377.982   1640378.299   1640394.177   1640386.655   1640382.725   1640384.674   1640392.685
        0.000   1640378.467         0.000   1640392.457   1640380.476         0.000         0.000   1640387.022   1640402.472         0.000   1640395.276   1640410.666   1640395.038         0.000   1640394.014         0.000   1640405.522         0.000         0.000         0.000         0.000         0.000         0.000         0.000
3 ddres   : dt=0.0050 ns=19
3 sat=  9-  4 L1 v=        0.931 R= 0.000037  0.000042 lock= 0 x=-22.970 P=188.711
3 sat=  9-  8 L1 v=       -6.516 R= 0.000037  0.000093 lock= 0 x=-7.695 P=900.000
3 sat=  9- 16 L1 v=       -3.993 R= 0.000037  0.000063 lock= 0 x=-47.096 P=900.000
3 sat=  9- 27 L1 v=       -3.394 R= 0.000037  0.000067 lock= 0 x=-38.376 P=900.000
3 outlier rejected: (sat=  9- 30 L1 v=      -17.406 x=      -67.140      -139.524 P=900.000000 900.000000)
3 sat=  9-  4 P1 v=        1.019 R= 3.337232  3.783789 lock= 0 x=-22.970 P=188.711
3 sat=  9-  8 P1 v=       -6.516 R= 3.337232  8.341184 lock= 0 x=-7.695 P=900.000
3 sat=  9- 16 P1 v=       -3.993 R= 3.337232  5.642290 lock= 0 x=-47.096 P=900.000
3 sat=  9- 27 P1 v=       -3.394 R= 3.337232  6.044656 lock= 0 x=-38.376 P=900.000
3 sat=  9- 30 P1 v=      -17.805 R= 3.337232 22.844399 lock= 0 x=-139.524 P=900.000
3 sat= 39- 38 L1 v=       -0.063 R= 0.000091  0.000121 lock= 0 x=-60.394 P=900.000
3 outlier rejected: (sat= 39- 40 L1 v=      -12.833 x=      -15.463        85.060 P=900.000000 900.000000)
3 sat= 39- 41 L1 v=        1.425 R= 0.000091  0.000092 lock= 0 x=-46.933 P=900.000
3 outlier rejected: (sat= 39- 42 L1 v=      -11.095 x=      -15.463        -9.032 P=900.000000 234.904075)
3 sat= 39- 48 L1 v=       -0.427 R= 0.000091  0.000132 lock= 0 x=-42.327 P=220.087
3 outlier rejected: (sat= 39- 40 L2 v=      -14.349 x=      -38.030        24.653 P=900.000000 900.000000)
3 sat= 39- 41 L2 v=       -1.203 R= 0.000091  0.000092 lock= 0 x=-77.109 P=900.000
3 sat= 39- 48 L2 v=       -2.378 R= 0.000091  0.000132 lock= 0 x=-52.630 P=311.798
3 sat= 39- 38 P1 v=       -0.063 R= 8.233294 10.888347 lock= 0 x=-60.394 P=900.000
3 sat= 39- 40 P1 v=      -12.871 R= 8.233294 35.765670 lock= 0 x=85.060 P=900.000
3 sat= 39- 41 P1 v=        1.425 R= 8.233294  8.268747 lock= 0 x=-46.933 P=900.000
3 sat= 39- 42 P1 v=      -10.501 R= 8.233294 30.790007 lock= 0 x=-9.032 P=234.904
3 sat= 39- 48 P1 v=       -0.548 R= 8.233294 11.892977 lock= 0 x=-42.327 P=220.087
3 sat= 39- 40 P2 v=      -14.333 R= 8.233294 35.765670 lock= 0 x=24.653 P=900.000
3 sat= 39- 41 P2 v=       -1.203 R= 8.233294  8.268747 lock= 0 x=-77.109 P=900.000
3 sat= 39- 48 P2 v=       -2.395 R= 8.233294 11.892977 lock= 0 x=-52.630 P=311.798
3 sat= 60- 63 L1 v=       -1.999 R= 0.000036  0.000039 lock= 0 x=-57.945 P=900.000
3 outlier rejected: (sat= 60- 68 L1 v=      -16.657 x=      -48.931       -27.103 P=194.642940 900.000000)
3 sat= 60- 73 L1 v=       -7.826 R= 0.000036  0.000106 lock= 0 x=-6.537 P=900.000
3 sat= 60- 78 L1 v=       -4.550 R= 0.000036  0.000060 lock= 0 x=-11.904 P=900.000
3 sat= 60- 80 L1 v=       -5.895 R= 0.000036  0.000060 lock= 0 x=-73.775 P=900.000
3 outlier rejected: (sat= 60- 90 L1 v=      -13.219 x=      -48.931       -35.520 P=194.642940 900.000000)
3 sat= 60- 63 P1 v=       -1.528 R= 3.272143  3.471194 lock= 0 x=-57.945 P=900.000
3 sat= 60- 68 P1 v=      -15.970 R= 3.272143 15.242254 lock= 0 x=-27.103 P=900.000
3 sat= 60- 73 P1 v=       -7.355 R= 3.272143  9.524134 lock= 0 x=-6.537 P=900.000
3 sat= 60- 78 P1 v=       -4.079 R= 3.272143  5.375773 lock= 0 x=-11.904 P=900.000
3 sat= 60- 80 P1 v=       -5.424 R= 3.272143  5.401164 lock= 0 x=-73.775 P=900.000
3 sat= 60- 90 P1 v=      -12.622 R= 3.272143  8.617367 lock= 0 x=-35.520 P=900.000
3 before filter x=-1276971.0039 -4717179.8089 4087235.7282 0.0000 0.0000 0.0000 0.0000 0.0000 0.0000
3 after filter x=-1276971.5965 -4717197.3978 4087248.2999 0.0000 0.0000 0.0000 0.0000 0.0000 0.0000
3 posvar=3.658022 
3 zdres: n=24 rr=-1276971.60 -4717197.40 4087248.30
3 unhealthy satellite: sat=7 svh=3f
3 y=
        0.000   1640404.555         0.000   1640413.200   1640402.193   1640400.564         0.000   1640406.312   1640382.106   1640410.890   1640418.166   1640434.934   1640415.920   1640413.752   1640412.108         0.000   1640425.682   1640398.324   1640396.300   1640396.460   1640405.702   1640397.136   1640398.720   1640402.953
        0.000   1640395.026         0.000   1640413.512   1640400.160         0.000         0.000   1640406.386   1640384.995         0.000   1640413.399   1640427.161   1640411.583         0.000   1640411.319         0.000   1640415.137         0.000         0.000         0.000         0.000         0.000         0.000         0.000
        0.000   1640402.215         0.000   1640407.697   1640403.217   1640400.710         0.000   1640405.431   1640405.579   1640413.564   1640416.545   1640418.244   1640415.029   1640408.903   1640413.258         0.000   1640413.340   1640398.392   1640396.658   1640397.934   1640399.427   1640398.801   1640400.075   1640400.601
        0.000   1640398.624         0.000   1640405.945   1640400.060         0.000         0.000   1640403.199   1640404.333         0.000   1640412.246   1640414.733   1640411.963         0.000   1640409.054         0.000   1640414.480         0.000         0.000         0.000         0.000         0.000         0.000         0.000
3 ddres   : dt=0.0050 ns=19
3 sat=  9-  4 L1 v=       -0.003 R= 0.000037  0.000042 lock= 0 x=-23.693 P=105.503
3 sat=  9-  8 L1 v=       -0.007 R= 0.000037  0.000093 lock= 0 x=-4.358 P=125.663
3 sat=  9- 16 L1 v=       -0.003 R= 0.000037  0.000063 lock= 0 x=-49.004 P=133.753
3 sat=  9- 27 L1 v=       -0.006 R= 0.000037  0.000067 lock= 0 x=-37.312 P=113.207
3 sat=  9- 30 L1 v=        0.095 R= 0.000037  0.000254 lock= 0 x=-139.524 P=900.000
3 sat=  9-  4 P1 v=        0.445 R= 3.337232  3.783789 lock= 0 x=-23.693 P=105.503
3 sat=  9-  8 P1 v=       -0.420 R= 3.337232  8.341184 lock= 0 x=-4.358 P=125.663
3 sat=  9- 16 P1 v=        0.583 R= 3.337232  5.642290 lock= 0 x=-49.004 P=133.753
3 sat=  9- 27 P1 v=        0.014 R= 3.337232  6.044656 lock= 0 x=-37.312 P=113.207
3 sat=  9- 30 P1 v=       -0.082 R= 3.337232 22.844399 lock= 0 x=-139.524 P=900.000
3 sat= 39- 38 L1 v=       -0.001 R= 0.000091  0.000121 lock= 0 x=-60.184 P=173.769
3 sat= 39- 40 L1 v=       -1.179 R= 0.000091  0.000397 lock= 0 x=85.060 P=900.000
3 sat= 39- 41 L1 v=        0.005 R= 0.000091  0.000092 lock= 0 x=-48.093 P=139.079
3 sat= 39- 42 L1 v=       -0.002 R= 0.000091  0.000342 lock= 0 x=-9.916 P=194.606
3 sat= 39- 48 L1 v=       -0.001 R= 0.000091  0.000132 lock= 0 x=-43.689 P=135.970
3 sat= 39- 40 L2 v=       -0.935 R= 0.000091  0.000397 lock= 0 x=24.653 P=900.000
3 sat= 39- 41 L2 v=        0.005 R= 0.000091  0.000092 lock= 0 x=-74.407 P=190.331
3 sat= 39- 48 L2 v=       -0.001 R= 0.000091  0.000132 lock= 0 x=-52.897 P=188.822
3 sat= 39- 38 P1 v=        1.207 R= 8.233294 10.888347 lock= 0 x=-60.184 P=173.769
3 sat= 39- 40 P1 v=        0.031 R= 8.233294 35.765670 lock= 0 x=85.060 P=900.000
3 sat= 39- 41 P1 v=        1.470 R= 8.233294  8.268747 lock= 0 x=-48.093 P=139.079
3 sat= 39- 42 P1 v=        2.005 R= 8.233294 30.790007 lock= 0 x=-9.916 P=194.606
3 sat= 39- 48 P1 v=        1.381 R= 8.233294 11.892977 lock= 0 x=-43.689 P=135.970
3 sat= 39- 40 P2 v=       -1.431 R= 8.233294 35.765670 lock= 0 x=24.653 P=900.000
3 sat= 39- 41 P2 v=       -1.158 R= 8.233294  8.268747 lock= 0 x=-74.407 P=190.331
3 sat= 39- 48 P2 v=       -0.466 R= 8.233294 11.892977 lock= 0 x=-52.897 P=188.822
3 sat= 60- 63 L1 v=        0.003 R= 0.000036  0.000039 lock= 0 x=-58.943 P=112.194
3 sat= 60- 68 L1 v=        0.138 R= 0.000036  0.000169 lock= 0 x=-27.103 P=900.000
3 sat= 60- 73 L1 v=       -0.008 R= 0.000036  0.000106 lock= 0 x=-6.335 P=150.241
3 sat= 60- 78 L1 v=       -0.004 R= 0.000036  0.000060 lock= 0 x=-11.533 P=127.091
3 sat= 60- 80 L1 v=       -0.003 R= 0.000036  0.000060 lock= 0 x=-69.876 P=134.336
3 sat= 60- 90 L1 v=       -0.583 R= 0.000036  0.000096 lock= 0 x=-35.520 P=900.000
3 sat= 60- 63 P1 v=        0.523 R= 3.272143  3.471194 lock= 0 x=-58.943 P=112.194
3 sat= 60- 68 P1 v=        0.684 R= 3.272143 15.242254 lock= 0 x=-27.103 P=900.000
3 sat= 60- 73 P1 v=        0.284 R= 3.272143  9.524134 lock= 0 x=-6.335 P=150.241
3 sat= 60- 78 P1 v=        0.255 R= 3.272143  5.375773 lock= 0 x=-11.533 P=127.091
3 sat= 60- 80 P1 v=       -0.415 R= 3.272143  5.401164 lock= 0 x=-69.876 P=134.336
3 sat= 60- 90 P1 v=       -0.127 R= 3.272143  8.617367 lock= 0 x=-35.520 P=900.000
3 valpos  : nv=38 thres=4.0
3 large residual (ix_sat=4  v=0.095 sig=0.017)
3 large residual (ix_sat=11  v=-1.179 sig=0.022)
3 large residual (ix_sat=15  v=-0.935 sig=0.022)
3 large residual (ix_sat=27  v=0.138 sig=0.014)
3 large residual (ix_sat=31  v=-0.583 sig=0.011)
3 posvar=3.658022
3 prevRatios = 0.000 0.000
3 Skip AR
3 sol_rr=    -1276971.597    -4717197.398     4087248.300           0.000           0.000           0.000
1 
---------------------------------------------------------
1 relpos: dt=0.005 nu=25 nr=26
1 ---------------------------------------------------------
3 satposs  : teph= 2020/12/24 22:08:05.005 n=25 ephopt=0
3 satposs  : teph= 2020/12/24 22:08:05.000 n=26 ephopt=0
3 base station:
3 zdres: n=26 rr=-1283433.94 -4713073.29 4090105.09
3 sat= 4 rs=   -28794.411 -24810763.810   9413399.129 dts=-0.0001671607 az= 141.7 el= 59.8
3 unhealthy satellite: sat=7 svh=3f
3 sat= 8 rs=  5085137.196 -25892524.802   -928487.501 dts=-0.0000040917 az= 143.7 el= 29.3
3 sat= 9 rs= -9331494.039 -17071506.093  18006059.785 dts=-0.0003052094 az= 289.4 el= 76.3
3 sat=16 rs=  9866889.964 -11085043.653  21776559.527 dts=-0.0002551587 az=  47.4 el= 39.4
3 sat=27 rs= 12305421.761 -20719757.547  10606476.187 dts=-0.0000418401 az=  98.8 el= 37.2
3 sat=30 rs=-24356106.627  -1706328.936  10766184.286 dts=-0.0003578175 az= 277.6 el= 16.1
3 sat=38 rs= -8295907.487 -23977512.280   2472643.762 dts= 0.0001897532 az= 186.7 el= 45.1
3 sat=39 rs=-12379579.977 -13599598.443  17682809.856 dts=-0.0000419300 az= 289.6 el= 63.1
3 sat=40 rs=-10307233.758   3906784.423  23050859.193 dts=-0.0000564558 az= 329.1 el= 19.8
3 sat=41 rs=-11270692.616 -12574595.107  19159944.865 dts= 0.0000148841 az= 303.1 el= 62.7
3 sat=42 rs=-23318991.517  -8590921.597   5569592.553 dts=-0.0000649858 az= 256.1 el= 21.6
3 sat=48 rs=  6999814.664  -9584779.267  22570256.290 dts=-0.0000094939 az=  36.6 el= 41.6
3 sat=60 rs= -8828971.297 -20477748.270  19463067.086 dts=-0.0010103685 az= 282.1 el= 82.1
3 sat=63 rs=-13414739.133 -18062015.557  19230987.223 dts=-0.0006747668 az= 278.5 el= 69.4
3 sat=68 rs=-16813939.676   4312872.849  23970665.749 dts= 0.0058217665 az= 316.3 el= 20.3
3 sat=73 rs=  6526162.140 -28208668.552  -2427246.827 dts=-0.0012706424 az= 143.1 el= 26.9
3 sat=78 rs=  -569371.161 -29562427.395   1321863.411 dts= 0.0001612757 az= 157.5 el= 41.0
3 sat=80 rs= 11063830.248 -12500025.057  24446046.535 dts=-0.0006390822 az=  47.5 el= 40.8
3 sat=90 rs=-24353453.674 -16597041.020   2725819.238 dts=-0.0004767740 az= 237.2 el= 28.8
3 y=
        0.000         8.905         0.000        13.868        14.591         9.730         0.000        13.252         8.596        17.178        14.816        12.883        19.941        10.625        15.290         0.000         0.000         0.000        10.867        10.610         4.846         0.000         9.993         2.417        15.105        12.220
        0.000         0.000         0.000         0.000         0.000         0.000         0.000         0.000         0.000         0.000        24.030        21.297        30.491         0.000        25.030         0.000         0.000         0.000         0.000         0.000         0.000         0.000         0.000         0.000         0.000         0.000
        0.000         2.224         0.000         6.993         2.830         0.970         0.000         5.012         5.179         8.586        10.353        12.012        10.279         4.306         8.393         0.000         0.000         0.000         1.116        -0.067         1.356         0.000         2.546         1.724         2.366         3.270
        0.000         0.000         0.000         0.000         0.000         0.000         0.000         0.000         0.000         0.000        13.755        15.103        12.326         0.000         9.976         0.000         0.000         0.000         0.000         0.000         0.000         0.000         0.000         0.000         0.000         0.000
3 selsat  : nu=25 nr=26
3 before udstate: x=-1276971.5965 -4717197.3978 4087248.2999 0.0000 0.0000 0.0000 0.0000 0.0000 0.0000
3 udstate : ns=19
3 udpos : tt=1.005
3 pos var too high for accel term: 3.6580
3 udbias  : tt=1.005 ns=19
3      sat= 30, F=1: init phase=-141.231
3      sat= 40, F=1: init phase=84.183
3      sat= 68, F=1: init phase=-26.235
3      sat= 90, F=1: init phase=-34.839
3      sat= 40, F=2: init phase=25.947
3 after udstate x=-1276971.5965 -4717197.3978 4087248.2999 0.0000 0.0000 0.0000 0.0000 0.0000 0.0000
3 rover: dt=0.005
3 zdres: n=25 rr=-1276971.60 -4717197.40 4087248.30
3 unhealthy satellite: sat=7 svh=3f
3 y=
        0.000   1640487.533         0.000   1640496.176   1640485.170   1640483.545         0.000   1640489.292   1640465.086   1640493.869   1640501.143   1640517.913   1640498.896   1640496.732   1640495.081         0.000   1640508.662         0.000   1640481.302   1640479.280   1640479.439   1640488.685   1640480.116   1640481.697   1640485.933
        0.000   1640478.008         0.000   1640496.489   1640483.137         0.000         0.000   1640489.367   1640467.974         0.000   1640496.377   1640510.144   1640494.561         0.000   1640494.288         0.000   1640498.113         0.000         0.000         0.000         0.000         0.000         0.000         0.000         0.000
        0.000   1640485.199         0.000   1640490.680   1640486.309   1640483.670         0.000   1640488.306   1640488.545   1640496.493   1640499.606   1640501.321   1640497.886   1640491.784   1640496.139         0.000   1640496.411         0.000   1640481.326   1640479.718   1640480.942   1640482.312   1640481.944   1640483.160   1640483.612
        0.000   1640481.623         0.000   1640488.911   1640483.079         0.000         0.000   1640486.216   1640487.264         0.000   1640495.298   1640497.720   1640494.956         0.000   1640492.121         0.000   1640497.448         0.000         0.000         0.000         0.000         0.000         0.000         0.000         0.000
3 ddres   : dt=0.0050 ns=19
3 sat=  9-  4 L1 v=       -0.004 R= 0.000037  0.000042 lock= 0 x=-24.370 P=105.503
3 sat=  9-  8 L1 v=       -0.005 R= 0.000037  0.000093 lock= 0 x=-5.035 P=125.663
3 sat=  9- 16 L1 v=       -0.006 R= 0.000037  0.000063 lock= 0 x=-49.680 P=133.753
3 sat=  9- 27 L1 v=       -0.007 R= 0.000037  0.000067 lock= 0 x=-37.989 P=113.207
3 sat=  9- 30 L1 v=       -0.104 R= 0.000037  0.000254 lock= 0 x=-141.231 P=900.000
3 sat=  9-  4 P1 v=        0.505 R= 3.337148  3.784139 lock= 0 x=-24.370 P=105.503
3 sat=  9-  8 P1 v=       -0.207 R= 3.337148  8.338377 lock= 0 x=-5.035 P=125.663
3 sat=  9- 16 P1 v=        0.780 R= 3.337148  5.643520 lock= 0 x=-49.680 P=133.753
3 sat=  9- 27 P1 v=        0.186 R= 3.337148  6.044022 lock= 0 x=-37.989 P=113.207
3 sat=  9- 30 P1 v=        0.114 R= 3.337148 22.831361 lock= 0 x=-141.231 P=900.000
3 sat= 39- 38 L1 v=       -0.001 R= 0.000091  0.000121 lock= 0 x=-60.860 P=173.769
3 sat= 39- 40 L1 v=       -1.215 R= 0.000091  0.000397 lock= 0 x=84.183 P=900.000
3 sat= 39- 41 L1 v=        0.006 R= 0.000091  0.000092 lock= 0 x=-48.770 P=139.079
3 sat= 39- 42 L1 v=        0.000 R= 0.000091  0.000342 lock= 0 x=-10.593 P=194.606
3 sat= 39- 48 L1 v=       -0.002 R= 0.000091  0.000132 lock= 0 x=-44.366 P=135.970
3 sat= 39- 40 L2 v=       -0.509 R= 0.000091  0.000397 lock= 0 x=25.947 P=900.000
3 sat= 39- 41 L2 v=        0.008 R= 0.000091  0.000092 lock= 0 x=-74.888 P=190.331
3 sat= 39- 48 L2 v=        0.002 R= 0.000091  0.000132 lock= 0 x=-53.379 P=188.822
3 sat= 39- 38 P1 v=        1.345 R= 8.233044 10.890805 lock= 0 x=-60.860 P=173.769
3 sat= 39- 40 P1 v=       -0.057 R= 8.233044 35.742935 lock= 0 x=84.183 P=900.000
3 sat= 39- 41 P1 v=        1.646 R= 8.233044  8.268600 lock= 0 x=-48.770 P=139.079
3 sat= 39- 42 P1 v=        1.774 R= 8.233044 30.776750 lock= 0 x=-10.593 P=194.606
3 sat= 39- 48 P1 v=        1.507 R= 8.233044 11.895173 lock= 0 x=-44.366 P=135.970
3 sat= 39- 40 P2 v=       -1.075 R= 8.233044 35.742935 lock= 0 x=25.947 P=900.000
3 sat= 39- 41 P2 v=       -1.087 R= 8.233044  8.268600 lock= 0 x=-74.888 P=190.331
3 sat= 39- 48 P2 v=       -0.602 R= 8.233044 11.895173 lock= 0 x=-53.379 P=188.822
3 sat= 60- 63 L1 v=        0.001 R= 0.000036  0.000039 lock= 0 x=-59.620 P=112.194
3 sat= 60- 68 L1 v=        0.431 R= 0.000036  0.000169 lock= 0 x=-26.235 P=900.000
3 sat= 60- 73 L1 v=       -0.011 R= 0.000036  0.000106 lock= 0 x=-7.012 P=150.241
3 sat= 60- 78 L1 v=       -0.006 R= 0.000036  0.000060 lock= 0 x=-12.210 P=127.091
3 sat= 60- 80 L1 v=       -0.002 R= 0.000036  0.000060 lock= 0 x=-70.553 P=134.336
3 sat= 60- 90 L1 v=       -0.327 R= 0.000036  0.000096 lock= 0 x=-34.839 P=900.000
3 sat= 60- 63 P1 v=        0.425 R= 3.272128  3.471141 lock= 0 x=-59.620 P=112.194
3 sat= 60- 68 P1 v=        0.625 R= 3.272128 15.235786 lock= 0 x=-26.235 P=900.000
3 sat= 60- 73 P1 v=        0.444 R= 3.272128  9.521447 lock= 0 x=-7.012 P=150.241
3 sat= 60- 78 P1 v=       -0.010 R= 3.272128  5.376747 lock= 0 x=-12.210 P=127.091
3 sat= 60- 80 P1 v=       -0.583 R= 3.272128  5.401999 lock= 0 x=-70.553 P=134.336
3 sat= 60- 90 P1 v=       -0.132 R= 3.272128  8.615221 lock= 0 x=-34.839 P=900.000
3 before filter x=-1276971.5965 -4717197.3978 4087248.2999 0.0000 0.0000 0.0000 0.0000 0.0000 0.0000
3 after filter x=-1276971.6010 -4717197.4712 4087248.3259 -0.0046 -0.0021 0.0062 0.0000 0.0000 0.0000
3 posvar=1.561786 
3 zdres: n=25 rr=-1276971.60 -4717197.47 4087248.33
3 unhealthy satellite: sat=7 svh=3f
3 y=
        0.000   1640487.611         0.000   1640496.238   1640485.235   1640483.585         0.000   1640489.351   1640465.089   1640493.937   1640501.196   1640517.909   1640498.948   1640496.751   1640495.119         0.000   1640508.689         0.000   1640481.370   1640479.341   1640479.436   1640488.745   1640480.186   1640481.739   1640485.969
        0.000   1640478.085         0.000   1640496.550   1640483.201         0.000         0.000   1640489.425   1640467.977         0.000   1640496.430   1640510.140   1640494.612         0.000   1640494.327         0.000   1640498.139         0.000         0.000         0.000         0.000         0.000         0.000         0.000         0.000
        0.000   1640485.276         0.000   1640490.742   1640486.374   1640483.710         0.000   1640488.364   1640488.548   1640496.561   1640499.660   1640501.317   1640497.938   1640491.803   1640496.177         0.000   1640496.438         0.000   1640481.395   1640479.779   1640480.939   1640482.372   1640482.014   1640483.202   1640483.649
        0.000   1640481.700         0.000   1640488.973   1640483.144         0.000         0.000   1640486.274   1640487.267         0.000   1640495.352   1640497.716   1640495.008         0.000   1640492.159         0.000   1640497.475         0.000         0.000         0.000         0.000         0.000         0.000         0.000         0.000
3 ddres   : dt=0.0050 ns=19
3 sat=  9-  4 L1 v=       -0.000 R= 0.000037  0.000042 lock= 0 x=-24.318 P=95.182
3 sat=  9-  8 L1 v=        0.002 R= 0.000037  0.000093 lock= 0 x=-5.053 P=102.950
3 sat=  9- 16 L1 v=       -0.001 R= 0.000037  0.000063 lock= 0 x=-49.817 P=105.771
3 sat=  9- 27 L1 v=       -0.000 R= 0.000037  0.000067 lock= 0 x=-38.020 P=98.426
3 sat=  9- 30 L1 v=       -0.000 R= 0.000037  0.000254 lock= 0 x=-141.049 P=143.254
3 sat=  9-  4 P1 v=        0.492 R= 3.337148  3.784139 lock= 0 x=-24.318 P=95.182
3 sat=  9-  8 P1 v=       -0.205 R= 3.337148  8.338377 lock= 0 x=-5.053 P=102.950
3 sat=  9- 16 P1 v=        0.804 R= 3.337148  5.643520 lock= 0 x=-49.817 P=105.771
3 sat=  9- 27 P1 v=        0.192 R= 3.337148  6.044022 lock= 0 x=-38.020 P=98.426
3 sat=  9- 30 P1 v=        0.176 R= 3.337148 22.831361 lock= 0 x=-141.049 P=143.254
3 sat= 39- 38 L1 v=        0.002 R= 0.000091  0.000121 lock= 0 x=-61.425 P=122.756
3 sat= 39- 40 L1 v=        0.001 R= 0.000091  0.000397 lock= 0 x=89.725 P=123.342
3 sat= 39- 41 L1 v=        0.003 R= 0.000091  0.000092 lock= 0 x=-49.458 P=109.272
3 sat= 39- 42 L1 v=        0.001 R= 0.000091  0.000342 lock= 0 x=-11.430 P=118.386
3 sat= 39- 48 L1 v=        0.001 R= 0.000091  0.000132 lock= 0 x=-45.092 P=114.342
3 sat= 39- 40 L2 v=        0.002 R= 0.000091  0.000397 lock= 0 x=27.542 P=162.863
3 sat= 39- 41 L2 v=        0.004 R= 0.000091  0.000092 lock= 0 x=-75.204 P=154.874
3 sat= 39- 48 L2 v=        0.003 R= 0.000091  0.000132 lock= 0 x=-53.728 P=155.605
3 sat= 39- 38 P1 v=        1.330 R= 8.233044 10.890805 lock= 0 x=-61.425 P=122.756
3 sat= 39- 40 P1 v=        0.001 R= 8.233044 35.742935 lock= 0 x=89.725 P=123.342
3 sat= 39- 41 P1 v=        1.648 R= 8.233044  8.268600 lock= 0 x=-49.458 P=109.272
3 sat= 39- 42 P1 v=        1.809 R= 8.233044 30.776750 lock= 0 x=-11.430 P=118.386
3 sat= 39- 48 P1 v=        1.522 R= 8.233044 11.895173 lock= 0 x=-45.092 P=114.342
3 sat= 39- 40 P2 v=       -1.017 R= 8.233044 35.742935 lock= 0 x=27.542 P=162.863
3 sat= 39- 41 P2 v=       -1.085 R= 8.233044  8.268600 lock= 0 x=-75.204 P=154.874
3 sat= 39- 48 P2 v=       -0.587 R= 8.233044 11.895173 lock= 0 x=-53.728 P=155.605
3 sat= 60- 63 L1 v=        0.000 R= 0.000036  0.000039 lock= 0 x=-59.531 P=88.475
3 sat= 60- 68 L1 v=       -0.000 R= 0.000036  0.000169 lock= 0 x=-28.739 P=122.478
3 sat= 60- 73 L1 v=       -0.001 R= 0.000036  0.000106 lock= 0 x=-6.877 P=108.310
3 sat= 60- 78 L1 v=       -0.000 R= 0.000036  0.000060 lock= 0 x=-12.036 P=97.486
3 sat= 60- 80 L1 v=        0.001 R= 0.000036  0.000060 lock= 0 x=-70.544 P=99.461
3 sat= 60- 90 L1 v=       -0.000 R= 0.000036  0.000096 lock= 0 x=-33.158 P=100.696
3 sat= 60- 63 P1 v=        0.433 R= 3.272128  3.471141 lock= 0 x=-59.531 P=88.475
3 sat= 60- 68 P1 v=        0.696 R= 3.272128 15.235786 lock= 0 x=-28.739 P=122.478
3 sat= 60- 73 P1 v=        0.453 R= 3.272128  9.521447 lock= 0 x=-6.877 P=108.310
3 sat= 60- 78 P1 v=       -0.012 R= 3.272128  5.376747 lock= 0 x=-12.036 P=97.486
3 sat= 60- 80 P1 v=       -0.557 R= 3.272128  5.401999 lock= 0 x=-70.544 P=99.461
3 sat= 60- 90 P1 v=       -0.100 R= 3.272128  8.615221 lock= 0 x=-33.158 P=100.696
3 valpos  : nv=38 thres=4.0
3 posvar=1.561786
3 prevRatios = 0.000 0.000
3 Skip AR
3 sol_rr=    -1276971.601    -4717197.471     4087248.326          -0.005          -0.002           0.006
1 
---------------------------------------------------------
1 relpos: dt=0.005 nu=25 nr=26
1 ---------------------------------------------------------
3 satposs  : teph= 2020/12/24 22:08:06.005 n=25 ephopt=0
3 satposs  : teph= 2020/12/24 22:08:06.000 n=26 ephopt=0
3 base station:
3 zdres: n=26 rr=-1283433.94 -4713073.29 4090105.09
3 sat= 4 rs=   -28225.928 -24811848.684   9410535.691 dts=-0.0001671607 az= 141.7 el= 59.8
3 unhealthy satellite: sat=7 svh=3f
3 sat= 8 rs=  5085439.071 -25892580.693   -925279.396 dts=-0.0000040917 az= 143.7 el= 29.3
3 sat= 9 rs= -9330826.411 -17073716.767  18004313.918 dts=-0.0003052094 az= 289.4 el= 76.3
3 sat=16 rs=  9868782.564 -11082954.920  21776807.640 dts=-0.0002551587 az=  47.4 el= 39.3
3 sat=27 rs= 12305328.232 -20718361.977  10609305.525 dts=-0.0000418401 az=  98.8 el= 37.2
3 sat=30 rs=-24354869.074  -1706957.585  10768873.470 dts=-0.0003578175 az= 277.6 el= 16.1
3 sat=38 rs= -8296136.288 -23977800.174   2469102.555 dts= 0.0001897532 az= 186.7 el= 45.1
3 sat=39 rs=-12380306.877 -13601905.131  17680518.597 dts=-0.0000419300 az= 289.6 el= 63.1
3 sat=40 rs=-10308043.447   3903747.649  23051009.864 dts=-0.0000564558 az= 329.1 el= 19.8
3 sat=41 rs=-11268174.369 -12573884.533  19161887.729 dts= 0.0000148841 az= 303.2 el= 62.7
3 sat=42 rs=-23318285.644  -8590589.197   5573061.044 dts=-0.0000649858 az= 256.1 el= 21.6
3 sat=48 rs=  7002830.605  -9584091.272  22569625.796 dts=-0.0000094939 az=  36.6 el= 41.6
3 sat=60 rs= -8827330.910 -20476685.459  19464930.384 dts=-0.0010103685 az= 282.1 el= 82.1
3 sat=63 rs=-13414736.919 -18063944.431  19229177.164 dts=-0.0006747668 az= 278.5 el= 69.4
3 sat=68 rs=-16813915.847   4310468.154  23971115.947 dts= 0.0058217665 az= 316.3 el= 20.3
3 sat=73 rs=  6526252.138 -28208285.481  -2424446.161 dts=-0.0012706424 az= 143.1 el= 26.9
3 sat=78 rs=  -569422.045 -29562560.805   1318862.015 dts= 0.0001612757 az= 157.5 el= 41.0
3 sat=80 rs= 11065945.519 -12498782.653  24445725.041 dts=-0.0006390822 az=  47.5 el= 40.8
3 sat=90 rs=-24353276.899 -16596804.510   2728848.478 dts=-0.0004767740 az= 237.2 el= 28.8
3 y=
        0.000         8.860         0.000        13.826        14.547         9.685         0.000        13.207         8.554        17.135        14.774        12.846        19.898        10.582        15.244         0.000         0.000         0.000        10.823        10.567         4.800         0.000         9.949         2.374        15.059        12.176
        0.000         0.000         0.000         0.000         0.000         0.000         0.000         0.000         0.000         0.000        23.988        21.260        30.449         0.000        24.984         0.000         0.000         0.000         0.000         0.000         0.000         0.000         0.000         0.000         0.000         0.000
        0.000         2.184         0.000         6.985         2.803         0.905         0.000         5.024         5.371         8.589        10.316        11.701        10.229         4.160         8.253         0.000         0.000         0.000         1.070        -0.110         1.298         0.000         2.563         1.715         2.311         3.250
        0.000         0.000         0.000         0.000         0.000         0.000         0.000         0.000         0.000         0.000        13.628        15.199        12.295         0.000         9.769         0.000         0.000         0.000         0.000         0.000         0.000         0.000         0.000         0.000         0.000         0.000
3 selsat  : nu=25 nr=26
3 before udstate: x=-1276971.6010 -4717197.4712 4087248.3259 -0.0046 -0.0021 0.0062 0.0000 0.0000 0.0000
3 udstate : ns=19
3 udpos : tt=1.000
3 pos var too high for accel term: 1.5618
3 udbias  : tt=1.000 ns=19
3 after udstate x=-1276971.6056 -4717197.4734 4087248.3320 -0.0046 -0.0021 0.0062 0.0000 0.0000 0.0000
3 rover: dt=0.005
3 zdres: n=25 rr=-1276971.61 -4717197.47 4087248.33
3 unhealthy satellite: sat=7 svh=3f
3 y=
        0.000   1640570.579         0.000   1640579.205   1640568.207   1640566.552         0.000   1640572.317   1640548.062   1640576.905   1640584.171   1640600.885   1640581.921   1640579.723   1640578.084         0.000   1640591.651         0.000   1640564.344   1640562.313   1640562.410   1640571.707   1640563.152   1640564.708   1640568.939
        0.000   1640561.052         0.000   1640579.519   1640566.174         0.000         0.000   1640572.388   1640550.948         0.000   1640579.404   1640593.117   1640577.585         0.000   1640577.293         0.000   1640581.097         0.000         0.000         0.000         0.000         0.000         0.000         0.000         0.000
        0.000   1640568.207         0.000   1640573.603   1640569.410   1640566.599         0.000   1640571.421   1640571.612   1640579.481   1640582.628   1640584.237   1640580.809   1640574.777   1640579.270         0.000   1640579.411         0.000   1640564.463   1640562.684   1640563.962   1640565.127   1640564.980   1640566.226   1640566.642
        0.000   1640564.747         0.000   1640571.892   1640565.993         0.000         0.000   1640569.171   1640570.216         0.000   1640578.308   1640580.719   1640577.884         0.000   1640575.244         0.000   1640580.385         0.000         0.000         0.000         0.000         0.000         0.000         0.000         0.000
3 ddres   : dt=0.0050 ns=19
3 sat=  9-  4 L1 v=        0.004 R= 0.000037  0.000042 lock= 0 x=-24.384 P=95.182
3 sat=  9-  8 L1 v=        0.010 R= 0.000037  0.000093 lock= 0 x=-5.119 P=102.950
3 sat=  9- 16 L1 v=        0.004 R= 0.000037  0.000063 lock= 0 x=-49.884 P=105.771
3 sat=  9- 27 L1 v=        0.006 R= 0.000037  0.000067 lock= 0 x=-38.087 P=98.426
3 sat=  9- 30 L1 v=        0.002 R= 0.000037  0.000254 lock= 0 x=-141.116 P=143.254
3 sat=  9-  4 P1 v=        0.585 R= 3.337063  3.784489 lock= 0 x=-24.384 P=95.182
3 sat=  9-  8 P1 v=       -0.010 R= 3.337063  8.335568 lock= 0 x=-5.119 P=102.950
3 sat=  9- 16 P1 v=        0.914 R= 3.337063  5.644747 lock= 0 x=-49.884 P=105.771
3 sat=  9- 27 P1 v=        0.212 R= 3.337063  6.043388 lock= 0 x=-38.087 P=98.426
3 sat=  9- 30 P1 v=        0.367 R= 3.337063 22.818109 lock= 0 x=-141.116 P=143.254
3 sat= 39- 38 L1 v=        0.007 R= 0.000091  0.000121 lock= 0 x=-61.491 P=122.756
3 sat= 39- 40 L1 v=        0.004 R= 0.000091  0.000397 lock= 0 x=89.658 P=123.342
3 sat= 39- 41 L1 v=        0.002 R= 0.000091  0.000092 lock= 0 x=-49.525 P=109.272
3 sat= 39- 42 L1 v=        0.002 R= 0.000091  0.000342 lock= 0 x=-11.497 P=118.386
3 sat= 39- 48 L1 v=        0.006 R= 0.000091  0.000132 lock= 0 x=-45.159 P=114.342
3 sat= 39- 40 L2 v=        0.004 R= 0.000091  0.000397 lock= 0 x=27.241 P=162.863
3 sat= 39- 41 L2 v=        0.004 R= 0.000091  0.000092 lock= 0 x=-75.505 P=154.874
3 sat= 39- 48 L2 v=        0.007 R= 0.000091  0.000132 lock= 0 x=-54.029 P=155.605
3 sat= 39- 38 P1 v=        1.420 R= 8.232787 10.893256 lock= 0 x=-61.491 P=122.756
3 sat= 39- 40 P1 v=       -0.224 R= 8.232787 35.719969 lock= 0 x=89.658 P=123.342
3 sat= 39- 41 P1 v=        1.732 R= 8.232787  8.268447 lock= 0 x=-49.525 P=109.272
3 sat= 39- 42 P1 v=        1.696 R= 8.232787 30.763299 lock= 0 x=-11.497 P=118.386
3 sat= 39- 48 P1 v=        1.295 R= 8.232787 11.897361 lock= 0 x=-45.159 P=114.342
3 sat= 39- 40 P2 v=       -0.840 R= 8.232787 35.719969 lock= 0 x=27.241 P=162.863
3 sat= 39- 41 P2 v=       -0.909 R= 8.232787  8.268447 lock= 0 x=-75.505 P=154.874
3 sat= 39- 48 P2 v=       -0.795 R= 8.232787 11.897361 lock= 0 x=-54.029 P=155.605
3 sat= 60- 63 L1 v=        0.002 R= 0.000036  0.000039 lock= 0 x=-59.598 P=88.475
3 sat= 60- 68 L1 v=       -0.002 R= 0.000036  0.000169 lock= 0 x=-28.806 P=122.478
3 sat= 60- 73 L1 v=        0.010 R= 0.000036  0.000106 lock= 0 x=-6.943 P=108.310
3 sat= 60- 78 L1 v=        0.008 R= 0.000036  0.000060 lock= 0 x=-12.103 P=97.486
3 sat= 60- 80 L1 v=        0.005 R= 0.000036  0.000060 lock= 0 x=-70.611 P=99.461
3 sat= 60- 90 L1 v=        0.004 R= 0.000036  0.000096 lock= 0 x=-33.225 P=100.696
3 sat= 60- 63 P1 v=        0.598 R= 3.272113  3.471086 lock= 0 x=-59.598 P=88.475
3 sat= 60- 68 P1 v=        0.728 R= 3.272113 15.229221 lock= 0 x=-28.806 P=122.478
3 sat= 60- 73 P1 v=        0.828 R= 3.272113  9.518758 lock= 0 x=-6.943 P=108.310
3 sat= 60- 78 P1 v=        0.128 R= 3.272113  5.377721 lock= 0 x=-12.103 P=97.486
3 sat= 60- 80 P1 v=       -0.522 R= 3.272113  5.402833 lock= 0 x=-70.611 P=99.461
3 sat= 60- 90 P1 v=       -0.000 R= 3.272113  8.613046 lock= 0 x=-33.225 P=100.696
3 before filter x=-1276971.6056 -4717197.4734 4087248.3320 -0.0046 -0.0021 0.0062 0.0000 0.0000 0.0000
3 after filter x=-1276971.6051 -4717197.4716 4087248.2746 0.0058 -0.0018 -0.0059 0.0055 -0.0013 -0.0052
3 posvar=1.122926 
3 zdres: n=25 rr=-1276971.61 -4717197.47 4087248.27
3 unhealthy satellite: sat=7 svh=3f
3 y=
        0.000   1640570.563         0.000   1640579.216   1640568.167   1640566.505         0.000   1640572.299   1640548.046   1640576.908   1640584.130   1640600.838   1640581.876   1640579.718   1640578.033         0.000   1640591.631         0.000   1640564.304   1640562.275   1640562.368   1640571.721   1640563.156   1640564.661   1640568.941
        0.000   1640561.035         0.000   1640579.530   1640566.133         0.000         0.000   1640572.370   1640550.932         0.000   1640579.363   1640593.070   1640577.540         0.000   1640577.241         0.000   1640581.077         0.000         0.000         0.000         0.000         0.000         0.000         0.000         0.000
        0.000   1640568.191         0.000   1640573.614   1640569.370   1640566.553         0.000   1640571.403   1640571.596   1640579.484   1640582.588   1640584.190   1640580.764   1640574.772   1640579.219         0.000   1640579.391         0.000   1640564.424   1640562.646   1640563.920   1640565.141   1640564.985   1640566.179   1640566.644
        0.000   1640564.731         0.000   1640571.903   1640565.953         0.000         0.000   1640569.153   1640570.200         0.000   1640578.268   1640580.672   1640577.839         0.000   1640575.193         0.000   1640580.365         0.000         0.000         0.000         0.000         0.000         0.000         0.000         0.000
3 ddres   : dt=0.0050 ns=19
3 sat=  9-  4 L1 v=       -0.000 R= 0.000037  0.000042 lock= 0 x=-24.368 P=94.288
3 sat=  9-  8 L1 v=        0.000 R= 0.000037  0.000093 lock= 0 x=-4.985 P=99.633
3 sat=  9- 16 L1 v=        0.000 R= 0.000037  0.000063 lock= 0 x=-50.028 P=101.940
3 sat=  9- 27 L1 v=       -0.001 R= 0.000037  0.000067 lock= 0 x=-38.093 P=96.619
3 sat=  9- 30 L1 v=        0.000 R= 0.000037  0.000254 lock= 0 x=-141.083 P=130.335
3 sat=  9-  4 P1 v=        0.560 R= 3.337063  3.784489 lock= 0 x=-24.368 P=94.288
3 sat=  9-  8 P1 v=       -0.062 R= 3.337063  8.335568 lock= 0 x=-4.985 P=99.633
3 sat=  9- 16 P1 v=        0.920 R= 3.337063  5.644747 lock= 0 x=-50.028 P=101.940
3 sat=  9- 27 P1 v=        0.189 R= 3.337063  6.043388 lock= 0 x=-38.093 P=96.619
3 sat=  9- 30 P1 v=        0.342 R= 3.337063 22.818109 lock= 0 x=-141.083 P=130.335
3 sat= 39- 38 L1 v=        0.001 R= 0.000091  0.000121 lock= 0 x=-61.325 P=116.726
3 sat= 39- 40 L1 v=        0.002 R= 0.000091  0.000397 lock= 0 x=89.576 P=117.497
3 sat= 39- 41 L1 v=        0.002 R= 0.000091  0.000092 lock= 0 x=-49.584 P=107.259
3 sat= 39- 42 L1 v=        0.000 R= 0.000091  0.000342 lock= 0 x=-11.350 P=114.677
3 sat= 39- 48 L1 v=        0.002 R= 0.000091  0.000132 lock= 0 x=-45.273 P=111.546
3 sat= 39- 40 L2 v=        0.002 R= 0.000091  0.000397 lock= 0 x=27.222 P=159.848
3 sat= 39- 41 L2 v=        0.003 R= 0.000091  0.000092 lock= 0 x=-75.510 P=153.754
3 sat= 39- 48 L2 v=        0.002 R= 0.000091  0.000132 lock= 0 x=-54.075 P=154.544
3 sat= 39- 38 P1 v=        1.377 R= 8.232787 10.893256 lock= 0 x=-61.325 P=116.726
3 sat= 39- 40 P1 v=       -0.217 R= 8.232787 35.719969 lock= 0 x=89.576 P=117.497
3 sat= 39- 41 P1 v=        1.737 R= 8.232787  8.268447 lock= 0 x=-49.584 P=107.259
3 sat= 39- 42 P1 v=        1.660 R= 8.232787 30.763299 lock= 0 x=-11.350 P=114.677
3 sat= 39- 48 P1 v=        1.306 R= 8.232787 11.897361 lock= 0 x=-45.273 P=111.546
3 sat= 39- 40 P2 v=       -0.833 R= 8.232787 35.719969 lock= 0 x=27.222 P=159.848
3 sat= 39- 41 P2 v=       -0.904 R= 8.232787  8.268447 lock= 0 x=-75.510 P=153.754
3 sat= 39- 48 P2 v=       -0.784 R= 8.232787 11.897361 lock= 0 x=-54.075 P=154.544
3 sat= 60- 63 L1 v=        0.001 R= 0.000036  0.000039 lock= 0 x=-59.650 P=87.281
3 sat= 60- 68 L1 v=       -0.001 R= 0.000036  0.000169 lock= 0 x=-28.871 P=111.846
3 sat= 60- 73 L1 v=        0.001 R= 0.000036  0.000106 lock= 0 x=-6.774 P=100.972
3 sat= 60- 78 L1 v=        0.001 R= 0.000036  0.000060 lock= 0 x=-11.966 P=93.567
3 sat= 60- 80 L1 v=        0.001 R= 0.000036  0.000060 lock= 0 x=-70.729 P=95.526
3 sat= 60- 90 L1 v=        0.001 R= 0.000036  0.000096 lock= 0 x=-33.083 P=97.000
3 sat= 60- 63 P1 v=        0.597 R= 3.272113  3.471086 lock= 0 x=-59.650 P=87.281
3 sat= 60- 68 P1 v=        0.731 R= 3.272113 15.229221 lock= 0 x=-28.871 P=111.846
3 sat= 60- 73 P1 v=        0.775 R= 3.272113  9.518758 lock= 0 x=-6.774 P=100.972
3 sat= 60- 78 P1 v=        0.084 R= 3.272113  5.377721 lock= 0 x=-11.966 P=93.567
3 sat= 60- 80 P1 v=       -0.514 R= 3.272113  5.402833 lock= 0 x=-70.729 P=95.526
3 sat= 60- 90 P1 v=       -0.041 R= 3.272113  8.613046 lock= 0 x=-33.083 P=97.000
3 valpos  : nv=38 thres=4.0
3 posvar=1.122926
3 prevRatios = 0.000 0.000
3 Skip AR
3 sol_rr=    -1276971.605    -4717197.472     4087248.275           0.006          -0.002          -0.006
1 
---------------------------------------------------------
1 relpos: dt=0.005 nu=25 nr=26
1 ---------------------------------------------------------
3 satposs  : teph= 2020/12/24 22:08:07.005 n=25 ephopt=0
3 satposs  : teph= 2020/12/24 22:08:07.000 n=26 ephopt=0
3 base station:
3 zdres: n=26 rr=-1283433.94 -4713073.29 4090105.09
3 sat= 4 rs=   -27657.603 -24812933.245   9407672.053 dts=-0.0001671607 az= 141.7 el= 59.8
3 unhealthy satellite: sat=7 svh=3f
3 sat= 8 rs=  5085740.854 -25892636.206   -922071.271 dts=-0.0000040917 az= 143.7 el= 29.3
3 sat= 9 rs= -9330158.956 -17075927.265  18002567.667 dts=-0.0003052094 az= 289.4 el= 76.3
3 sat=16 rs=  9870675.305 -11080866.280  21777055.279 dts=-0.0002551587 az=  47.4 el= 39.3
3 sat=27 rs= 12305234.704 -20716966.050  10612134.632 dts=-0.0000418401 az=  98.7 el= 37.2
3 sat=30 rs=-24353631.231  -1707586.387  10771562.428 dts=-0.0003578175 az= 277.6 el= 16.1
3 sat=38 rs= -8296364.975 -23978087.586   2465561.289 dts= 0.0001897532 az= 186.7 el= 45.1
3 sat=39 rs=-12381033.883 -13604211.459  17678226.914 dts=-0.0000419300 az= 289.6 el= 63.1
3 sat=40 rs=-10308853.389   3900710.921  23051159.983 dts=-0.0000564558 az= 329.1 el= 19.8
3 sat=41 rs=-11265655.808 -12573174.093  19163830.135 dts= 0.0000148842 az= 303.2 el= 62.7
3 sat=42 rs=-23317579.283  -8590256.739   5576529.400 dts=-0.0000649858 az= 256.1 el= 21.6
3 sat=48 rs=  7005846.515  -9583403.538  22568994.759 dts=-0.0000094939 az=  36.6 el= 41.6
3 sat=60 rs= -8825690.280 -20475622.681  19466793.383 dts=-0.0010103685 az= 282.2 el= 82.1
3 sat=63 rs=-13414734.851 -18065873.125  19227366.809 dts=-0.0006747668 az= 278.4 el= 69.4
3 sat=68 rs=-16813892.200   4308063.411  23971565.778 dts= 0.0058217665 az= 316.3 el= 20.3
3 sat=73 rs=  6526342.121 -28207902.114  -2421645.454 dts=-0.0012706424 az= 143.1 el= 26.9
3 sat=78 rs=  -569472.943 -29562693.911   1315860.598 dts= 0.0001612757 az= 157.5 el= 41.0
3 sat=80 rs= 11068060.860 -12497540.431  24445403.172 dts=-0.0006390822 az=  47.5 el= 40.8
3 sat=90 rs=-24353099.845 -16596567.860   2731877.675 dts=-0.0004767740 az= 237.2 el= 28.8
3 y=
        0.000         8.921         0.000        13.887        14.608         9.744         0.000        13.268         8.611        17.196        14.836        12.911        19.961        10.645        15.311         0.000         0.000         0.000        10.883        10.627         4.861         0.000        10.010         2.435        15.121        12.239
        0.000         0.000         0.000         0.000         0.000         0.000         0.000         0.000         0.000         0.000        24.051        21.326        30.511         0.000        25.052         0.000         0.000         0.000         0.000         0.000         0.000         0.000         0.000         0.000         0.000         0.000
        0.000         2.178         0.000         7.026         2.842         0.894         0.000         5.099         5.363         8.639        10.393        11.700        10.276         4.245         8.231         0.000         0.000         0.000         1.114        -0.033         1.434         0.000         2.573         1.751         2.327         3.308
        0.000         0.000         0.000         0.000         0.000         0.000         0.000         0.000         0.000         0.000        13.670        15.076        12.364         0.000         9.720         0.000         0.000         0.000         0.000         0.000         0.000         0.000         0.000         0.000         0.000         0.000
3 selsat  : nu=25 nr=26
3 before udstate: x=-1276971.6051 -4717197.4716 4087248.2746 0.0058 -0.0018 -0.0059 0.0055 -0.0013 -0.0052
3 udstate : ns=19
3 udpos : tt=1.000
3 pos var too high for accel term: 1.1229
3 udbias  : tt=1.000 ns=19
3 after udstate x=-1276971.5993 -4717197.4734 4087248.2687 0.0113 -0.0031 -0.0111 0.0055 -0.0013 -0.0052
3 rover: dt=0.005
3 zdres: n=25 rr=-1276971.60 -4717197.47 4087248.27
3 unhealthy satellite: sat=7 svh=3f
3 y=
        0.000   1640653.517         0.000   1640662.176   1640651.114   1640649.456         0.000   1640655.255   1640630.990   1640659.864   1640667.079   1640683.793   1640664.826   1640662.668   1640660.992         0.000   1640674.587         0.000   1640647.254   1640645.225   1640645.311   1640654.678   1640646.115   1640647.613   1640651.890
        0.000   1640643.989         0.000   1640662.488   1640649.081         0.000         0.000   1640655.327   1640633.878         0.000   1640662.313   1640676.021   1640660.491         0.000   1640660.201         0.000   1640664.041         0.000         0.000         0.000         0.000         0.000         0.000         0.000         0.000
        0.000   1640651.110         0.000   1640656.549   1640652.298   1640649.565         0.000   1640654.376   1640654.582   1640662.493   1640665.632   1640667.219   1640663.781   1640657.762   1640662.346         0.000   1640662.379         0.000   1640647.621   1640645.633   1640646.897   1640648.050   1640647.916   1640649.382   1640649.610
        0.000   1640647.709         0.000   1640654.868   1640648.914         0.000         0.000   1640652.041   1640653.098         0.000   1640661.240   1640663.510   1640660.729         0.000   1640658.225         0.000   1640663.283         0.000         0.000         0.000         0.000         0.000         0.000         0.000         0.000
3 ddres   : dt=0.0050 ns=19
3 sat=  9-  4 L1 v=       -0.007 R= 0.000037  0.000042 lock= 0 x=-24.785 P=94.288
3 sat=  9-  8 L1 v=       -0.012 R= 0.000037  0.000093 lock= 0 x=-5.402 P=99.633
3 sat=  9- 16 L1 v=       -0.006 R= 0.000037  0.000063 lock= 0 x=-50.444 P=101.940
3 sat=  9- 27 L1 v=       -0.010 R= 0.000037  0.000067 lock= 0 x=-38.510 P=96.619
3 sat=  9- 30 L1 v=        0.000 R= 0.000037  0.000253 lock= 0 x=-141.500 P=130.335
3 sat=  9-  4 P1 v=        0.524 R= 3.336978  3.784840 lock= 0 x=-24.785 P=94.288
3 sat=  9-  8 P1 v=       -0.068 R= 3.336978  8.332760 lock= 0 x=-5.402 P=99.633
3 sat=  9- 16 P1 v=        0.785 R= 3.336978  5.645975 lock= 0 x=-50.444 P=101.940
3 sat=  9- 27 P1 v=        0.179 R= 3.336978  6.042755 lock= 0 x=-38.510 P=96.619
3 sat=  9- 30 P1 v=        0.237 R= 3.336978 22.804869 lock= 0 x=-141.500 P=130.335
3 sat= 39- 38 L1 v=       -0.008 R= 0.000091  0.000121 lock= 0 x=-61.742 P=116.726
3 sat= 39- 40 L1 v=       -0.002 R= 0.000091  0.000397 lock= 0 x=89.159 P=117.497
3 sat= 39- 41 L1 v=        0.002 R= 0.000091  0.000092 lock= 0 x=-50.001 P=107.259
3 sat= 39- 42 L1 v=       -0.000 R= 0.000091  0.000342 lock= 0 x=-11.767 P=114.677
3 sat= 39- 48 L1 v=       -0.005 R= 0.000091  0.000132 lock= 0 x=-45.690 P=111.546
3 sat= 39- 40 L2 v=        0.003 R= 0.000091  0.000397 lock= 0 x=26.986 P=159.848
3 sat= 39- 41 L2 v=        0.002 R= 0.000091  0.000092 lock= 0 x=-75.746 P=153.754
3 sat= 39- 48 L2 v=       -0.002 R= 0.000091  0.000132 lock= 0 x=-54.310 P=154.544
3 sat= 39- 38 P1 v=        1.385 R= 8.232531 10.895709 lock= 0 x=-61.742 P=116.726
3 sat= 39- 40 P1 v=       -0.280 R= 8.232531 35.697028 lock= 0 x=89.159 P=117.497
3 sat= 39- 41 P1 v=        1.734 R= 8.232531  8.268295 lock= 0 x=-50.001 P=107.259
3 sat= 39- 42 P1 v=        1.722 R= 8.232531 30.749857 lock= 0 x=-11.767 P=114.677
3 sat= 39- 48 P1 v=        1.124 R= 8.232531 11.899549 lock= 0 x=-45.690 P=111.546
3 sat= 39- 40 P2 v=       -0.864 R= 8.232531 35.697028 lock= 0 x=26.986 P=159.848
3 sat= 39- 41 P2 v=       -0.795 R= 8.232531  8.268295 lock= 0 x=-75.746 P=153.754
3 sat= 39- 48 P2 v=       -0.935 R= 8.232531 11.899549 lock= 0 x=-54.310 P=154.544
3 sat= 60- 63 L1 v=        0.001 R= 0.000036  0.000039 lock= 0 x=-60.067 P=87.281
3 sat= 60- 68 L1 v=        0.005 R= 0.000036  0.000169 lock= 0 x=-29.288 P=111.846
3 sat= 60- 73 L1 v=       -0.008 R= 0.000036  0.000106 lock= 0 x=-7.191 P=100.972
3 sat= 60- 78 L1 v=       -0.008 R= 0.000036  0.000060 lock= 0 x=-12.383 P=93.567
3 sat= 60- 80 L1 v=       -0.002 R= 0.000036  0.000060 lock= 0 x=-71.146 P=95.526
3 sat= 60- 90 L1 v=        0.003 R= 0.000036  0.000096 lock= 0 x=-33.500 P=97.000
3 sat= 60- 63 P1 v=        0.842 R= 3.272097  3.471032 lock= 0 x=-60.067 P=87.281
3 sat= 60- 68 P1 v=        1.044 R= 3.272097 15.222660 lock= 0 x=-29.288 P=111.846
3 sat= 60- 73 P1 v=        1.030 R= 3.272097  9.516070 lock= 0 x=-7.191 P=100.972
3 sat= 60- 78 P1 v=        0.342 R= 3.272097  5.378696 lock= 0 x=-12.383 P=93.567
3 sat= 60- 80 P1 v=       -0.548 R= 3.272097  5.403666 lock= 0 x=-71.146 P=95.526
3 sat= 60- 90 P1 v=        0.206 R= 3.272097  8.610872 lock= 0 x=-33.500 P=97.000
3 before filter x=-1276971.5993 -4717197.4734 4087248.2687 0.0113 -0.0031 -0.0111 0.0055 -0.0013 -0.0052
3 after filter x=-1276971.6298 -4717197.4822 4087248.2282 -0.0013 0.0019 -0.0001 -0.0008 0.0012 0.0003
3 posvar=0.877158 
3 zdres: n=25 rr=-1276971.63 -4717197.48 4087248.23
3 unhealthy satellite: sat=7 svh=3f
3 y=
        0.000   1640653.514         0.000   1640662.185   1640651.104   1640649.411         0.000   1640655.231   1640631.007   1640659.885   1640667.072   1640683.768   1640664.814   1640662.697   1640660.946         0.000   1640674.548         0.000   1640647.243   1640645.219   1640645.296   1640654.687   1640646.128   1640647.568   1640651.923
        0.000   1640643.986         0.000   1640662.496   1640649.071         0.000         0.000   1640655.303   1640633.895         0.000   1640662.306   1640675.996   1640660.479         0.000   1640660.155         0.000   1640664.003         0.000         0.000         0.000         0.000         0.000         0.000         0.000         0.000
        0.000   1640651.106         0.000   1640656.558   1640652.288   1640649.519         0.000   1640654.351   1640654.599   1640662.515   1640665.625   1640667.194   1640663.769   1640657.791   1640662.300         0.000   1640662.341         0.000   1640647.610   1640645.628   1640646.881   1640648.059   1640647.928   1640649.337   1640649.643
        0.000   1640647.705         0.000   1640654.877   1640648.904         0.000         0.000   1640652.016   1640653.115         0.000   1640661.233   1640663.485   1640660.717         0.000   1640658.179         0.000   1640663.245         0.000         0.000         0.000         0.000         0.000         0.000         0.000         0.000
3 ddres   : dt=0.0050 ns=19
3 sat=  9-  4 L1 v=       -0.001 R= 0.000037  0.000042 lock= 0 x=-24.757 P=93.790
3 sat=  9-  8 L1 v=       -0.001 R= 0.000037  0.000093 lock= 0 x=-5.288 P=97.856
3 sat=  9- 16 L1 v=       -0.001 R= 0.000037  0.000063 lock= 0 x=-50.647 P=99.782
3 sat=  9- 27 L1 v=       -0.001 R= 0.000037  0.000067 lock= 0 x=-38.577 P=95.616
3 sat=  9- 30 L1 v=       -0.002 R= 0.000037  0.000253 lock= 0 x=-141.410 P=122.657
3 sat=  9-  4 P1 v=        0.518 R= 3.336978  3.784840 lock= 0 x=-24.757 P=93.790
3 sat=  9-  8 P1 v=       -0.086 R= 3.336978  8.332760 lock= 0 x=-5.288 P=97.856
3 sat=  9- 16 P1 v=        0.820 R= 3.336978  5.645975 lock= 0 x=-50.647 P=99.782
3 sat=  9- 27 P1 v=        0.193 R= 3.336978  6.042755 lock= 0 x=-38.577 P=95.616
3 sat=  9- 30 P1 v=        0.210 R= 3.336978 22.804869 lock= 0 x=-141.410 P=122.657
3 sat= 39- 38 L1 v=       -0.001 R= 0.000091  0.000121 lock= 0 x=-61.550 P=113.433
3 sat= 39- 40 L1 v=       -0.003 R= 0.000091  0.000397 lock= 0 x=89.060 P=114.261
3 sat= 39- 41 L1 v=        0.001 R= 0.000091  0.000092 lock= 0 x=-50.030 P=106.165
3 sat= 39- 42 L1 v=       -0.000 R= 0.000091  0.000342 lock= 0 x=-11.574 P=112.334
3 sat= 39- 48 L1 v=       -0.000 R= 0.000091  0.000132 lock= 0 x=-45.873 P=109.824
3 sat= 39- 40 L2 v=        0.001 R= 0.000091  0.000397 lock= 0 x=26.958 P=158.145
3 sat= 39- 41 L2 v=        0.001 R= 0.000091  0.000092 lock= 0 x=-75.714 P=153.150
3 sat= 39- 48 L2 v=        0.002 R= 0.000091  0.000132 lock= 0 x=-54.401 P=153.902
3 sat= 39- 38 P1 v=        1.356 R= 8.232531 10.895709 lock= 0 x=-61.550 P=113.433
3 sat= 39- 40 P1 v=       -0.262 R= 8.232531 35.697028 lock= 0 x=89.060 P=114.261
3 sat= 39- 41 P1 v=        1.739 R= 8.232531  8.268295 lock= 0 x=-50.030 P=106.165
3 sat= 39- 42 P1 v=        1.686 R= 8.232531 30.749857 lock= 0 x=-11.574 P=112.334
3 sat= 39- 48 P1 v=        1.163 R= 8.232531 11.899549 lock= 0 x=-45.873 P=109.824
3 sat= 39- 40 P2 v=       -0.846 R= 8.232531 35.697028 lock= 0 x=26.958 P=158.145
3 sat= 39- 41 P2 v=       -0.790 R= 8.232531  8.268295 lock= 0 x=-75.714 P=153.150
3 sat= 39- 48 P2 v=       -0.896 R= 8.232531 11.899549 lock= 0 x=-54.401 P=153.902
3 sat= 60- 63 L1 v=       -0.001 R= 0.000036  0.000039 lock= 0 x=-60.083 P=86.647
3 sat= 60- 68 L1 v=        0.000 R= 0.000036  0.000169 lock= 0 x=-29.376 P=105.881
3 sat= 60- 73 L1 v=        0.001 R= 0.000036  0.000106 lock= 0 x=-7.077 P=97.087
3 sat= 60- 78 L1 v=       -0.001 R= 0.000036  0.000060 lock= 0 x=-12.261 P=91.470
3 sat= 60- 80 L1 v=        0.001 R= 0.000036  0.000060 lock= 0 x=-71.350 P=93.250
3 sat= 60- 90 L1 v=        0.002 R= 0.000036  0.000096 lock= 0 x=-33.312 P=94.674
3 sat= 60- 63 P1 v=        0.836 R= 3.272097  3.471032 lock= 0 x=-60.083 P=86.647
3 sat= 60- 68 P1 v=        1.049 R= 3.272097 15.222660 lock= 0 x=-29.376 P=105.881
3 sat= 60- 73 P1 v=        1.010 R= 3.272097  9.516070 lock= 0 x=-7.077 P=97.087
3 sat= 60- 78 P1 v=        0.319 R= 3.272097  5.378696 lock= 0 x=-12.261 P=91.470
3 sat= 60- 80 P1 v=       -0.514 R= 3.272097  5.403666 lock= 0 x=-71.350 P=93.250
3 sat= 60- 90 P1 v=        0.161 R= 3.272097  8.610872 lock= 0 x=-33.312 P=94.674
3 valpos  : nv=38 thres=4.0
3 posvar=0.877158
3 prevRatios = 0.000 0.000
3 Skip AR
3 sol_rr=    -1276971.630    -4717197.482     4087248.228          -0.001           0.002          -0.000
1 
---------------------------------------------------------
1 relpos: dt=0.005 nu=25 nr=26
1 ---------------------------------------------------------
3 satposs  : teph= 2020/12/24 22:08:08.005 n=25 ephopt=0
3 satposs  : teph= 2020/12/24 22:08:08.000 n=26 ephopt=0
3 base station:
3 zdres: n=26 rr=-1283433.94 -4713073.29 4090105.09
3 sat= 4 rs=   -27089.435 -24814017.491   9404808.214 dts=-0.0001671607 az= 141.7 el= 59.8
3 unhealthy satellite: sat=7 svh=3f
3 sat= 8 rs=  5086042.546 -25892691.339   -918863.126 dts=-0.0000040917 az= 143.7 el= 29.4
3 sat= 9 rs= -9329491.674 -17078137.585  18000821.030 dts=-0.0003052094 az= 289.3 el= 76.4
3 sat=16 rs=  9872568.189 -11078777.734  21777302.444 dts=-0.0002551587 az=  47.4 el= 39.3
3 sat=27 rs= 12305141.176 -20715569.768  10614963.507 dts=-0.0000418401 az=  98.7 el= 37.2
3 sat=30 rs=-24352393.099  -1708215.342  10774251.160 dts=-0.0003578175 az= 277.6 el= 16.1
3 sat=38 rs= -8296593.549 -23978374.514   2462019.963 dts= 0.0001897532 az= 186.7 el= 45.1
3 sat=39 rs=-12381760.993 -13606517.427  17675934.806 dts=-0.0000419300 az= 289.6 el= 63.1
3 sat=40 rs=-10309663.582   3897674.239  23051309.552 dts=-0.0000564558 az= 329.1 el= 19.8
3 sat=41 rs=-11263136.934 -12572463.786  19165772.082 dts= 0.0000148842 az= 303.2 el= 62.7
3 sat=42 rs=-23316872.435  -8589924.222   5579997.622 dts=-0.0000649858 az= 256.1 el= 21.6
3 sat=48 rs=  7008862.394  -9582716.064  22568363.179 dts=-0.0000094939 az=  36.6 el= 41.6
3 sat=60 rs= -8824049.405 -20474559.937  19468656.082 dts=-0.0010103685 az= 282.2 el= 82.1
3 sat=63 rs=-13414732.929 -18067801.637  19225556.158 dts=-0.0006747668 az= 278.4 el= 69.4
3 sat=68 rs=-16813868.735   4305658.622  23972015.239 dts= 0.0058217665 az= 316.3 el= 20.3
3 sat=73 rs=  6526432.088 -28207518.453  -2418844.709 dts=-0.0012706424 az= 143.1 el= 26.9
3 sat=78 rs=  -569523.855 -29562826.711   1312859.161 dts= 0.0001612757 az= 157.5 el= 41.0
3 sat=80 rs= 11070176.271 -12496298.393  24445080.928 dts=-0.0006390822 az=  47.5 el= 40.8
3 sat=90 rs=-24352922.511 -16596331.068   2734906.830 dts=-0.0004767740 az= 237.2 el= 28.8
3 y=
        0.000         9.035         0.000        13.999        14.722         9.857         0.000        13.382         8.728        17.310        14.948        13.034        20.081        10.761        15.438         0.000         0.000         0.000        10.998        10.742         4.978         0.000        10.128         2.548        15.235        12.353
        0.000         0.000         0.000         0.000         0.000         0.000         0.000         0.000         0.000         0.000        24.163        21.449        30.632         0.000        25.177         0.000         0.000         0.000         0.000         0.000         0.000         0.000         0.000         0.000         0.000         0.000
        0.000         2.304         0.000         7.055         2.949         0.996         0.000         5.123         5.405         8.761        10.566        11.782        10.396         4.158         8.471         0.000         0.000         0.000         1.236         0.079         1.617         0.000         2.665         1.858         2.420         3.479
        0.000         0.000         0.000         0.000         0.000         0.000         0.000         0.000         0.000         0.000        13.794        15.060        12.493         0.000         9.974         0.000         0.000         0.000         0.000         0.000         0.000         0.000         0.000         0.000         0.000         0.000
3 selsat  : nu=25 nr=26
3 before udstate: x=-1276971.6298 -4717197.4822 4087248.2282 -0.0013 0.0019 -0.0001 -0.0008 0.0012 0.0003
3 udstate : ns=19
3 udpos : tt=1.000
3 pos var too high for accel term: 0.8772
3 udbias  : tt=1.000 ns=19
3 after udstate x=-1276971.6311 -4717197.4802 4087248.2281 -0.0021 0.0032 0.0003 -0.0008 0.0012 0.0003
3 rover: dt=0.005
3 zdres: n=25 rr=-1276971.63 -4717197.48 4087248.23
3 unhealthy satellite: sat=7 svh=3f
3 y=
        0.000   1640736.465         0.000   1640745.133   1640734.055   1640732.361         0.000   1640738.181   1640713.959   1640742.833   1640750.021   1640766.727   1640747.771   1640745.651   1640743.907         0.000   1640757.498         0.000   1640730.193   1640728.170   1640728.252   1640737.639   1640729.075   1640730.519   1640734.876
        0.000   1640726.935         0.000   1640745.445   1640732.023         0.000         0.000   1640738.257   1640716.850         0.000   1640745.254   1640758.961   1640743.436         0.000   1640743.116         0.000   1640746.956         0.000         0.000         0.000         0.000         0.000         0.000         0.000         0.000
        0.000   1640734.077         0.000   1640739.489   1640735.109   1640732.585         0.000   1640737.352   1640737.646   1640745.404   1640748.563   1640750.212   1640746.693   1640740.709   1640745.314         0.000   1640745.307         0.000   1640730.603   1640728.489   1640729.791   1640730.870   1640731.147   1640732.301   1640732.411
        0.000   1640730.680         0.000   1640737.956   1640731.844         0.000         0.000   1640734.960   1640735.871         0.000   1640744.213   1640746.387   1640743.744         0.000   1640741.187         0.000   1640746.236         0.000         0.000         0.000         0.000         0.000         0.000         0.000         0.000
3 ddres   : dt=0.0050 ns=19
3 sat=  9-  4 L1 v=       -0.000 R= 0.000037  0.000042 lock= 0 x=-24.821 P=93.790
3 sat=  9-  8 L1 v=        0.000 R= 0.000037  0.000093 lock= 0 x=-5.352 P=97.856
3 sat=  9- 16 L1 v=       -0.002 R= 0.000037  0.000063 lock= 0 x=-50.711 P=99.782
3 sat=  9- 27 L1 v=        0.001 R= 0.000037  0.000067 lock= 0 x=-38.642 P=95.616
3 sat=  9- 30 L1 v=       -0.000 R= 0.000037  0.000253 lock= 0 x=-141.474 P=122.657
3 sat=  9-  4 P1 v=        0.386 R= 3.336893  3.785190 lock= 0 x=-24.821 P=93.790
3 sat=  9-  8 P1 v=       -0.274 R= 3.336893  8.329955 lock= 0 x=-5.352 P=97.856
3 sat=  9- 16 P1 v=        0.571 R= 3.336893  5.647204 lock= 0 x=-50.711 P=99.782
3 sat=  9- 27 P1 v=       -0.069 R= 3.336893  6.042122 lock= 0 x=-38.642 P=95.616
3 sat=  9- 30 P1 v=       -0.081 R= 3.336893 22.791641 lock= 0 x=-141.474 P=122.657
3 sat= 39- 38 L1 v=        0.002 R= 0.000091  0.000121 lock= 0 x=-61.614 P=113.433
3 sat= 39- 40 L1 v=       -0.001 R= 0.000091  0.000396 lock= 0 x=88.996 P=114.261
3 sat= 39- 41 L1 v=        0.001 R= 0.000091  0.000092 lock= 0 x=-50.094 P=106.165
3 sat= 39- 42 L1 v=       -0.001 R= 0.000091  0.000342 lock= 0 x=-11.638 P=112.334
3 sat= 39- 48 L1 v=        0.003 R= 0.000091  0.000132 lock= 0 x=-45.937 P=109.824
3 sat= 39- 40 L2 v=       -0.005 R= 0.000091  0.000396 lock= 0 x=26.887 P=158.145
3 sat= 39- 41 L2 v=        0.001 R= 0.000091  0.000092 lock= 0 x=-75.785 P=153.150
3 sat= 39- 48 L2 v=        0.003 R= 0.000091  0.000132 lock= 0 x=-54.472 P=153.902
3 sat= 39- 38 P1 v=        1.354 R= 8.232276 10.898164 lock= 0 x=-61.614 P=113.433
3 sat= 39- 40 P1 v=       -0.433 R= 8.232276 35.674113 lock= 0 x=88.996 P=114.261
3 sat= 39- 41 P1 v=        1.700 R= 8.232276  8.268143 lock= 0 x=-50.094 P=106.165
3 sat= 39- 42 P1 v=        1.446 R= 8.232276 30.736427 lock= 0 x=-11.638 P=112.334
3 sat= 39- 48 P1 v=        1.154 R= 8.232276 11.901738 lock= 0 x=-45.937 P=109.824
3 sat= 39- 40 P2 v=       -0.908 R= 8.232276 35.674113 lock= 0 x=26.887 P=158.145
3 sat= 39- 41 P2 v=       -0.832 R= 8.232276  8.268143 lock= 0 x=-75.785 P=153.150
3 sat= 39- 48 P2 v=       -0.794 R= 8.232276 11.901738 lock= 0 x=-54.472 P=153.902
3 sat= 60- 63 L1 v=       -0.000 R= 0.000036  0.000039 lock= 0 x=-60.147 P=86.647
3 sat= 60- 68 L1 v=       -0.003 R= 0.000036  0.000169 lock= 0 x=-29.440 P=105.881
3 sat= 60- 73 L1 v=        0.004 R= 0.000036  0.000106 lock= 0 x=-7.141 P=97.087
3 sat= 60- 78 L1 v=        0.001 R= 0.000036  0.000060 lock= 0 x=-12.325 P=91.470
3 sat= 60- 80 L1 v=       -0.000 R= 0.000036  0.000060 lock= 0 x=-71.414 P=93.250
3 sat= 60- 90 L1 v=       -0.001 R= 0.000036  0.000096 lock= 0 x=-33.376 P=94.674
3 sat= 60- 63 P1 v=        0.957 R= 3.272082  3.470977 lock= 0 x=-60.147 P=86.647
3 sat= 60- 68 P1 v=        1.193 R= 3.272082 15.216104 lock= 0 x=-29.440 P=105.881
3 sat= 60- 73 P1 v=        1.161 R= 3.272082  9.513384 lock= 0 x=-7.141 P=97.087
3 sat= 60- 78 P1 v=        0.078 R= 3.272082  5.379670 lock= 0 x=-12.325 P=91.470
3 sat= 60- 80 P1 v=       -0.514 R= 3.272082  5.404500 lock= 0 x=-71.414 P=93.250
3 sat= 60- 90 P1 v=        0.435 R= 3.272082  8.608699 lock= 0 x=-33.376 P=94.674
3 before filter x=-1276971.6311 -4717197.4802 4087248.2281 -0.0021 0.0032 0.0003 -0.0008 0.0012 0.0003
3 after filter x=-1276971.6667 -4717197.4928 4087248.2079 0.0001 -0.0012 -0.0007 0.0003 -0.0010 -0.0002
3 posvar=0.719120 
3 zdres: n=25 rr=-1276971.67 -4717197.49 4087248.21
3 unhealthy satellite: sat=7 svh=3f
3 y=
        0.000   1640736.469         0.000   1640745.139   1640734.063   1640732.330         0.000   1640738.162   1640713.986   1640742.859   1640750.033   1640766.719   1640747.779   1640745.687   1640743.878         0.000   1640757.463         0.000   1640730.200   1640728.182   1640728.254   1640737.645   1640729.089   1640730.489   1640734.914
        0.000   1640726.940         0.000   1640745.451   1640732.031         0.000         0.000   1640738.238   1640716.876         0.000   1640745.266   1640758.953   1640743.444         0.000   1640743.087         0.000   1640746.921         0.000         0.000         0.000         0.000         0.000         0.000         0.000         0.000
        0.000   1640734.082         0.000   1640739.495   1640735.117   1640732.554         0.000   1640737.333   1640737.673   1640745.429   1640748.575   1640750.205   1640746.700   1640740.745   1640745.285         0.000   1640745.272         0.000   1640730.610   1640728.502   1640729.793   1640730.876   1640731.160   1640732.271   1640732.449
        0.000   1640730.685         0.000   1640737.962   1640731.852         0.000         0.000   1640734.941   1640735.898         0.000   1640744.225   1640746.380   1640743.751         0.000   1640741.158         0.000   1640746.201         0.000         0.000         0.000         0.000         0.000         0.000         0.000         0.000
3 ddres   : dt=0.0050 ns=19
3 sat=  9-  4 L1 v=       -0.001 R= 0.000037  0.000042 lock= 0 x=-24.803 P=93.472
3 sat=  9-  8 L1 v=       -0.001 R= 0.000037  0.000093 lock= 0 x=-5.329 P=96.746
3 sat=  9- 16 L1 v=       -0.002 R= 0.000037  0.000063 lock= 0 x=-50.874 P=98.391
3 sat=  9- 27 L1 v=       -0.000 R= 0.000037  0.000067 lock= 0 x=-38.749 P=94.976
3 sat=  9- 30 L1 v=        0.001 R= 0.000037  0.000253 lock= 0 x=-141.327 P=117.541
3 sat=  9-  4 P1 v=        0.389 R= 3.336893  3.785190 lock= 0 x=-24.803 P=93.472
3 sat=  9-  8 P1 v=       -0.272 R= 3.336893  8.329955 lock= 0 x=-5.329 P=96.746
3 sat=  9- 16 P1 v=        0.610 R= 3.336893  5.647204 lock= 0 x=-50.874 P=98.391
3 sat=  9- 27 P1 v=       -0.042 R= 3.336893  6.042122 lock= 0 x=-38.749 P=94.976
3 sat=  9- 30 P1 v=       -0.100 R= 3.336893 22.791641 lock= 0 x=-141.327 P=117.541
3 sat= 39- 38 L1 v=        0.001 R= 0.000091  0.000121 lock= 0 x=-61.510 P=111.355
3 sat= 39- 40 L1 v=        0.000 R= 0.000091  0.000396 lock= 0 x=88.941 P=112.202
3 sat= 39- 41 L1 v=        0.001 R= 0.000091  0.000092 lock= 0 x=-50.077 P=105.474
3 sat= 39- 42 L1 v=       -0.000 R= 0.000091  0.000342 lock= 0 x=-11.465 P=110.716
3 sat= 39- 48 L1 v=        0.002 R= 0.000091  0.000132 lock= 0 x=-46.122 P=108.652
3 sat= 39- 40 L2 v=       -0.002 R= 0.000091  0.000396 lock= 0 x=26.884 P=157.046
3 sat= 39- 41 L2 v=        0.001 R= 0.000091  0.000092 lock= 0 x=-75.736 P=152.771
3 sat= 39- 48 L2 v=        0.002 R= 0.000091  0.000132 lock= 0 x=-54.580 P=153.471
3 sat= 39- 38 P1 v=        1.341 R= 8.232276 10.898164 lock= 0 x=-61.510 P=111.355
3 sat= 39- 40 P1 v=       -0.414 R= 8.232276 35.674113 lock= 0 x=88.941 P=112.202
3 sat= 39- 41 P1 v=        1.705 R= 8.232276  8.268143 lock= 0 x=-50.077 P=105.474
3 sat= 39- 42 P1 v=        1.422 R= 8.232276 30.736427 lock= 0 x=-11.465 P=110.716
3 sat= 39- 48 P1 v=        1.195 R= 8.232276 11.901738 lock= 0 x=-46.122 P=108.652
3 sat= 39- 40 P2 v=       -0.889 R= 8.232276 35.674113 lock= 0 x=26.884 P=157.046
3 sat= 39- 41 P2 v=       -0.827 R= 8.232276  8.268143 lock= 0 x=-75.736 P=152.771
3 sat= 39- 48 P2 v=       -0.753 R= 8.232276 11.901738 lock= 0 x=-54.580 P=153.471
3 sat= 60- 63 L1 v=        0.000 R= 0.000036  0.000039 lock= 0 x=-60.122 P=86.253
3 sat= 60- 68 L1 v=       -0.000 R= 0.000036  0.000169 lock= 0 x=-29.460 P=102.050
3 sat= 60- 73 L1 v=        0.002 R= 0.000036  0.000106 lock= 0 x=-7.163 P=94.678
3 sat= 60- 78 L1 v=       -0.000 R= 0.000036  0.000060 lock= 0 x=-12.302 P=90.161
3 sat= 60- 80 L1 v=       -0.000 R= 0.000036  0.000060 lock= 0 x=-71.614 P=91.758
3 sat= 60- 90 L1 v=        0.000 R= 0.000036  0.000096 lock= 0 x=-33.212 P=93.071
3 sat= 60- 63 P1 v=        0.951 R= 3.272082  3.470977 lock= 0 x=-60.122 P=86.253
3 sat= 60- 68 P1 v=        1.198 R= 3.272082 15.216104 lock= 0 x=-29.460 P=102.050
3 sat= 60- 73 P1 v=        1.162 R= 3.272082  9.513384 lock= 0 x=-7.163 P=94.678
3 sat= 60- 78 P1 v=        0.071 R= 3.272082  5.379670 lock= 0 x=-12.302 P=90.161
3 sat= 60- 80 P1 v=       -0.477 R= 3.272082  5.404500 lock= 0 x=-71.614 P=91.758
3 sat= 60- 90 P1 v=        0.403 R= 3.272082  8.608699 lock= 0 x=-33.212 P=93.071
3 valpos  : nv=38 thres=4.0
3 posvar=0.719120
3 prevRatios = 0.000 0.000
3 Skip AR
3 sol_rr=    -1276971.667    -4717197.493     4087248.208           0.000          -0.001          -0.001
1 
---------------------------------------------------------
1 relpos: dt=0.005 nu=24 nr=26
1 ---------------------------------------------------------
3 satposs  : teph= 2020/12/24 22:08:09.005 n=24 ephopt=0
3 satposs  : teph= 2020/12/24 22:08:09.000 n=26 ephopt=0
3 base station:
3 zdres: n=26 rr=-1283433.94 -4713073.29 4090105.09
3 sat= 4 rs=   -26521.425 -24815101.422   9401944.175 dts=-0.0001671607 az= 141.7 el= 59.8
3 unhealthy satellite: sat=7 svh=3f
3 sat= 8 rs=  5086344.147 -25892746.093   -915654.961 dts=-0.0000040917 az= 143.7 el= 29.4
3 sat= 9 rs= -9328824.564 -17080347.728  17999074.008 dts=-0.0003052094 az= 289.3 el= 76.4
3 sat=16 rs=  9874461.215 -11076689.282  21777549.135 dts=-0.0002551587 az=  47.4 el= 39.3
3 sat=27 rs= 12305047.649 -20714173.129  10617792.150 dts=-0.0000418401 az=  98.7 el= 37.2
3 sat=30 rs=-24351154.677  -1708844.452  10776939.666 dts=-0.0003578175 az= 277.6 el= 16.1
3 sat=38 rs= -8296822.008 -23978660.960   2458478.579 dts= 0.0001897532 az= 186.7 el= 45.1
3 sat=39 rs=-12382488.208 -13608823.035  17673642.274 dts=-0.0000419300 az= 289.6 el= 63.1
3 sat=40 rs=-10310474.026   3894637.603  23051458.570 dts=-0.0000564558 az= 329.1 el= 19.8
3 sat=41 rs=-11260617.747 -12571753.613  19167713.571 dts= 0.0000148842 az= 303.2 el= 62.7
3 sat=42 rs=-23316165.101  -8589591.647   5583465.709 dts=-0.0000649858 az= 256.1 el= 21.6
3 sat=48 rs=  7011878.242  -9582028.851  22567731.058 dts=-0.0000094939 az=  36.6 el= 41.6
3 sat=60 rs= -8822408.287 -20473497.227  19470518.482 dts=-0.0010103685 az= 282.3 el= 82.1
3 sat=63 rs=-13414731.154 -18069729.967  19223745.211 dts=-0.0006747668 az= 278.4 el= 69.4
3 sat=68 rs=-16813845.451   4303253.787  23972464.332 dts= 0.0058217665 az= 316.3 el= 20.3
3 sat=73 rs=  6526522.039 -28207134.495  -2416043.924 dts=-0.0012706424 az= 143.1 el= 26.9
3 sat=78 rs=  -569574.780 -29562959.207   1309857.703 dts= 0.0001612757 az= 157.5 el= 41.0
3 sat=80 rs= 11072291.751 -12495056.538  24444758.307 dts=-0.0006390822 az=  47.5 el= 40.8
3 sat=90 rs=-24352744.898 -16596094.135   2737935.943 dts=-0.0004767740 az= 237.2 el= 28.8
3 y=
        0.000         9.021         0.000        13.981        14.709         9.840         0.000        13.369         8.714        17.290        14.929        13.027        20.067        10.748        15.431         0.000         0.000         0.000        10.984        10.727         4.963         0.000        10.113         2.534        15.220        12.339
        0.000         0.000         0.000         0.000         0.000         0.000         0.000         0.000         0.000         0.000        24.144        21.438        30.619         0.000        25.169         0.000         0.000         0.000         0.000         0.000         0.000         0.000         0.000         0.000         0.000         0.000
        0.000         2.267         0.000         6.971         2.914         0.986         0.000         5.125         5.246         8.824        10.542        11.914        10.366         4.177         8.503         0.000         0.000         0.000         1.240         0.036         1.520         0.000         2.659         1.780         2.480         3.539
        0.000         0.000         0.000         0.000         0.000         0.000         0.000         0.000         0.000         0.000        13.787        15.317        12.445         0.000         9.952         0.000         0.000         0.000         0.000         0.000         0.000         0.000         0.000         0.000         0.000         0.000
3 selsat  : nu=24 nr=26
3 before udstate: x=-1276971.6667 -4717197.4928 4087248.2079 0.0001 -0.0012 -0.0007 0.0003 -0.0010 -0.0002
3 udstate : ns=19
3 udpos : tt=1.000
3 pos var too high for accel term: 0.7191
3 udbias  : tt=1.000 ns=19
3 after udstate x=-1276971.6666 -4717197.4940 4087248.2072 0.0004 -0.0022 -0.0009 0.0003 -0.0010 -0.0002
3 rover: dt=0.005
3 zdres: n=24 rr=-1276971.67 -4717197.49 4087248.21
3 unhealthy satellite: sat=7 svh=3f
3 y=
        0.000   1640819.440         0.000   1640828.104   1640817.035   1640815.297         0.000   1640821.131   1640796.956   1640825.827   1640832.998   1640849.693   1640830.749   1640828.659   1640826.856         0.000   1640840.431   1640813.170   1640811.152   1640811.221   1640820.615   1640812.057   1640813.456   1640817.886
        0.000   1640809.910         0.000   1640828.418   1640815.002         0.000         0.000   1640821.209   1640799.844         0.000   1640828.231   1640841.923   1640826.414         0.000   1640826.064         0.000   1640829.888         0.000         0.000         0.000         0.000         0.000         0.000         0.000
        0.000   1640816.991         0.000   1640822.475   1640818.062   1640815.529         0.000   1640820.240   1640820.663   1640828.435   1640831.515   1640833.254   1640829.625   1640823.710   1640828.238         0.000   1640828.304   1640813.424   1640811.434   1640812.852   1640813.751   1640814.329   1640815.078   1640815.370
        0.000   1640813.674         0.000   1640820.903   1640814.851         0.000         0.000   1640817.975   1640818.771         0.000   1640827.167   1640829.371   1640826.815         0.000   1640824.158         0.000   1640829.136         0.000         0.000         0.000         0.000         0.000         0.000         0.000
3 ddres   : dt=0.0050 ns=19
3 sat=  9-  4 L1 v=       -0.001 R= 0.000037  0.000042 lock= 0 x=-24.707 P=93.472
3 sat=  9-  8 L1 v=        0.001 R= 0.000037  0.000093 lock= 0 x=-5.233 P=96.746
3 sat=  9- 16 L1 v=        0.000 R= 0.000037  0.000063 lock= 0 x=-50.778 P=98.391
3 sat=  9- 27 L1 v=        0.001 R= 0.000037  0.000067 lock= 0 x=-38.653 P=94.976
3 sat=  9- 30 L1 v=        0.002 R= 0.000037  0.000253 lock= 0 x=-141.230 P=117.541
3 sat=  9-  4 P1 v=        0.425 R= 3.336808  3.785541 lock= 0 x=-24.707 P=93.472
3 sat=  9-  8 P1 v=       -0.355 R= 3.336808  8.327151 lock= 0 x=-5.233 P=96.746
3 sat=  9- 16 P1 v=        0.605 R= 3.336808  5.648433 lock= 0 x=-50.778 P=98.391
3 sat=  9- 27 P1 v=        0.034 R= 3.336808  6.041490 lock= 0 x=-38.653 P=94.976
3 sat=  9- 30 P1 v=       -0.269 R= 3.336808 22.778425 lock= 0 x=-141.230 P=117.541
3 sat= 39- 38 L1 v=       -0.003 R= 0.000091  0.000121 lock= 0 x=-61.414 P=111.355
3 sat= 39- 40 L1 v=        0.003 R= 0.000091  0.000396 lock= 0 x=89.037 P=112.202
3 sat= 39- 41 L1 v=        0.001 R= 0.000091  0.000092 lock= 0 x=-49.981 P=105.474
3 sat= 39- 42 L1 v=       -0.001 R= 0.000091  0.000341 lock= 0 x=-11.369 P=110.716
3 sat= 39- 48 L1 v=        0.001 R= 0.000091  0.000132 lock= 0 x=-46.026 P=108.652
3 sat= 39- 40 L2 v=        0.001 R= 0.000091  0.000396 lock= 0 x=27.003 P=157.046
3 sat= 39- 41 L2 v=        0.001 R= 0.000091  0.000092 lock= 0 x=-75.616 P=152.771
3 sat= 39- 48 L2 v=        0.000 R= 0.000091  0.000132 lock= 0 x=-54.460 P=153.471
3 sat= 39- 38 P1 v=        1.362 R= 8.232020 10.900620 lock= 0 x=-61.414 P=111.355
3 sat= 39- 40 P1 v=       -0.367 R= 8.232020 35.651225 lock= 0 x=89.037 P=112.202
3 sat= 39- 41 P1 v=        1.714 R= 8.232020  8.267990 lock= 0 x=-49.981 P=105.474
3 sat= 39- 42 P1 v=        1.440 R= 8.232020 30.723007 lock= 0 x=-11.369 P=110.716
3 sat= 39- 48 P1 v=        1.238 R= 8.232020 11.903929 lock= 0 x=-46.026 P=108.652
3 sat= 39- 40 P2 v=       -0.674 R= 8.232020 35.651225 lock= 0 x=27.003 P=157.046
3 sat= 39- 41 P2 v=       -0.990 R= 8.232020  8.267990 lock= 0 x=-75.616 P=152.771
3 sat= 39- 48 P2 v=       -0.826 R= 8.232020 11.903929 lock= 0 x=-54.460 P=153.471
3 sat= 60- 63 L1 v=       -0.000 R= 0.000036  0.000039 lock= 0 x=-60.025 P=86.253
3 sat= 60- 68 L1 v=        0.002 R= 0.000036  0.000169 lock= 0 x=-29.364 P=102.050
3 sat= 60- 73 L1 v=       -0.000 R= 0.000036  0.000106 lock= 0 x=-7.067 P=94.678
3 sat= 60- 78 L1 v=        0.001 R= 0.000036  0.000060 lock= 0 x=-12.206 P=90.161
3 sat= 60- 80 L1 v=        0.001 R= 0.000036  0.000060 lock= 0 x=-71.518 P=91.758
3 sat= 60- 90 L1 v=       -0.002 R= 0.000036  0.000096 lock= 0 x=-33.116 P=93.071
3 sat= 60- 63 P1 v=        0.786 R= 3.272067  3.470923 lock= 0 x=-60.025 P=86.253
3 sat= 60- 68 P1 v=        0.852 R= 3.272067 15.209553 lock= 0 x=-29.364 P=102.050
3 sat= 60- 73 P1 v=        1.092 R= 3.272067  9.510700 lock= 0 x=-7.067 P=94.678
3 sat= 60- 78 P1 v=       -0.365 R= 3.272067  5.380646 lock= 0 x=-12.206 P=90.161
3 sat= 60- 80 P1 v=       -0.415 R= 3.272067  5.405335 lock= 0 x=-71.518 P=91.758
3 sat= 60- 90 P1 v=        0.352 R= 3.272067  8.606527 lock= 0 x=-33.116 P=93.071
3 before filter x=-1276971.6666 -4717197.4940 4087248.2072 0.0004 -0.0022 -0.0009 0.0003 -0.0010 -0.0002
3 after filter x=-1276971.6888 -4717197.5095 4087248.2206 0.0022 0.0013 0.0001 0.0012 0.0007 0.0003
3 posvar=0.608558 
3 zdres: n=24 rr=-1276971.69 -4717197.51 4087248.22
3 unhealthy satellite: sat=7 svh=3f
3 y=
        0.000   1640819.457         0.000   1640828.109   1640817.063   1640815.301         0.000   1640821.133   1640796.979   1640825.848   1640833.027   1640849.707   1640830.776   1640828.684   1640826.863         0.000   1640840.420   1640813.197   1640811.181   1640811.238   1640820.619   1640812.071   1640813.461   1640817.912
        0.000   1640809.927         0.000   1640828.423   1640815.030         0.000         0.000   1640821.210   1640799.867         0.000   1640828.260   1640841.937   1640826.442         0.000   1640826.071         0.000   1640829.877         0.000         0.000         0.000         0.000         0.000         0.000         0.000
        0.000   1640817.008         0.000   1640822.480   1640818.090   1640815.533         0.000   1640820.241   1640820.686   1640828.456   1640831.544   1640833.268   1640829.652   1640823.735   1640828.244         0.000   1640828.293   1640813.450   1640811.463   1640812.870   1640813.755   1640814.342   1640815.083   1640815.397
        0.000   1640813.691         0.000   1640820.908   1640814.879         0.000         0.000   1640817.976   1640818.794         0.000   1640827.196   1640829.385   1640826.842         0.000   1640824.164         0.000   1640829.125         0.000         0.000         0.000         0.000         0.000         0.000         0.000
3 ddres   : dt=0.0050 ns=19
3 sat=  9-  4 L1 v=       -0.001 R= 0.000037  0.000042 lock= 0 x=-24.689 P=93.250
3 sat=  9-  8 L1 v=        0.001 R= 0.000037  0.000093 lock= 0 x=-5.279 P=95.983
3 sat=  9- 16 L1 v=       -0.001 R= 0.000037  0.000063 lock= 0 x=-50.838 P=97.417
3 sat=  9- 27 L1 v=        0.001 R= 0.000037  0.000067 lock= 0 x=-38.724 P=94.531
3 sat=  9- 30 L1 v=        0.001 R= 0.000037  0.000253 lock= 0 x=-141.189 P=113.878
3 sat=  9-  4 P1 v=        0.436 R= 3.336808  3.785541 lock= 0 x=-24.689 P=93.250
3 sat=  9-  8 P1 v=       -0.333 R= 3.336808  8.327151 lock= 0 x=-5.279 P=95.983
3 sat=  9- 16 P1 v=        0.629 R= 3.336808  5.648433 lock= 0 x=-50.838 P=97.417
3 sat=  9- 27 P1 v=        0.060 R= 3.336808  6.041490 lock= 0 x=-38.724 P=94.531
3 sat=  9- 30 P1 v=       -0.264 R= 3.336808 22.778425 lock= 0 x=-141.189 P=113.878
3 sat= 39- 38 L1 v=       -0.002 R= 0.000091  0.000121 lock= 0 x=-61.394 P=109.922
3 sat= 39- 40 L1 v=        0.001 R= 0.000091  0.000396 lock= 0 x=89.003 P=110.774
3 sat= 39- 41 L1 v=        0.001 R= 0.000091  0.000092 lock= 0 x=-49.934 P=104.997
3 sat= 39- 42 L1 v=       -0.001 R= 0.000091  0.000341 lock= 0 x=-11.330 P=109.528
3 sat= 39- 48 L1 v=       -0.001 R= 0.000091  0.000132 lock= 0 x=-46.095 P=107.800
3 sat= 39- 40 L2 v=       -0.000 R= 0.000091  0.000396 lock= 0 x=26.985 P=156.277
3 sat= 39- 41 L2 v=        0.001 R= 0.000091  0.000092 lock= 0 x=-75.574 P=152.511
3 sat= 39- 48 L2 v=       -0.001 R= 0.000091  0.000132 lock= 0 x=-54.508 P=153.159
3 sat= 39- 38 P1 v=        1.369 R= 8.232020 10.900620 lock= 0 x=-61.394 P=109.922
3 sat= 39- 40 P1 v=       -0.353 R= 8.232020 35.651225 lock= 0 x=89.003 P=110.774
3 sat= 39- 41 P1 v=        1.715 R= 8.232020  8.267990 lock= 0 x=-49.934 P=104.997
3 sat= 39- 42 P1 v=        1.443 R= 8.232020 30.723007 lock= 0 x=-11.330 P=109.528
3 sat= 39- 48 P1 v=        1.260 R= 8.232020 11.903929 lock= 0 x=-46.095 P=107.800
3 sat= 39- 40 P2 v=       -0.660 R= 8.232020 35.651225 lock= 0 x=26.985 P=156.277
3 sat= 39- 41 P2 v=       -0.989 R= 8.232020  8.267990 lock= 0 x=-75.574 P=152.511
3 sat= 39- 48 P2 v=       -0.804 R= 8.232020 11.903929 lock= 0 x=-54.508 P=153.159
3 sat= 60- 63 L1 v=       -0.000 R= 0.000036  0.000039 lock= 0 x=-59.982 P=85.984
3 sat= 60- 68 L1 v=        0.000 R= 0.000036  0.000169 lock= 0 x=-29.388 P=99.375
3 sat= 60- 73 L1 v=       -0.000 R= 0.000036  0.000106 lock= 0 x=-7.152 P=93.036
3 sat= 60- 78 L1 v=        0.001 R= 0.000036  0.000060 lock= 0 x=-12.242 P=89.266
3 sat= 60- 80 L1 v=        0.000 R= 0.000036  0.000060 lock= 0 x=-71.608 P=90.700
3 sat= 60- 90 L1 v=       -0.001 R= 0.000036  0.000096 lock= 0 x=-33.083 P=91.896
3 sat= 60- 63 P1 v=        0.783 R= 3.272067  3.470923 lock= 0 x=-59.982 P=85.984
3 sat= 60- 68 P1 v=        0.861 R= 3.272067 15.209553 lock= 0 x=-29.388 P=99.375
3 sat= 60- 73 P1 v=        1.114 R= 3.272067  9.510700 lock= 0 x=-7.152 P=93.036
3 sat= 60- 78 P1 v=       -0.351 R= 3.272067  5.380646 lock= 0 x=-12.242 P=89.266
3 sat= 60- 80 P1 v=       -0.393 R= 3.272067  5.405335 lock= 0 x=-71.608 P=90.700
3 sat= 60- 90 P1 v=        0.352 R= 3.272067  8.606527 lock= 0 x=-33.083 P=91.896
3 valpos  : nv=38 thres=4.0
3 posvar=0.608558
3 prevRatios = 0.000 0.000
3 Skip AR
3 sol_rr=    -1276971.689    -4717197.509     4087248.221           0.002           0.001           0.000
1 
---------------------------------------------------------
1 relpos: dt=0.005 nu=24 nr=26
1 ---------------------------------------------------------
3 satposs  : teph= 2020/12/24 22:08:10.005 n=24 ephopt=0
3 satposs  : teph= 2020/12/24 22:08:10.000 n=26 ephopt=0
3 base station:
3 zdres: n=26 rr=-1283433.94 -4713073.29 4090105.09
3 sat= 4 rs=   -25953.573 -24816185.039   9399079.935 dts=-0.0001671607 az= 141.7 el= 59.8
3 unhealthy satellite: sat=7 svh=3f
3 sat= 8 rs=  5086645.657 -25892800.468   -912446.776 dts=-0.0000040917 az= 143.7 el= 29.4
3 sat= 9 rs= -9328157.626 -17082557.693  17997326.600 dts=-0.0003052094 az= 289.3 el= 76.4
3 sat=16 rs=  9876354.383 -11074600.924  21777795.351 dts=-0.0002551587 az=  47.4 el= 39.3
3 sat=27 rs= 12304954.122 -20712776.135  10620620.562 dts=-0.0000418401 az=  98.7 el= 37.2
3 sat=30 rs=-24349915.966  -1709473.715  10779627.946 dts=-0.0003578175 az= 277.6 el= 16.1
3 sat=38 rs= -8297050.354 -23978946.923   2454937.135 dts= 0.0001897532 az= 186.7 el= 45.1
3 sat=39 rs=-12383215.528 -13611128.282  17671349.318 dts=-0.0000419300 az= 289.5 el= 63.1
3 sat=40 rs=-10311284.721   3891601.013  23051607.037 dts=-0.0000564558 az= 329.1 el= 19.8
3 sat=41 rs=-11258098.247 -12571043.573  19169654.601 dts= 0.0000148842 az= 303.2 el= 62.7
3 sat=42 rs=-23315457.278  -8589259.013   5586933.661 dts=-0.0000649858 az= 256.1 el= 21.6
3 sat=48 rs=  7014894.060  -9581341.898  22567098.393 dts=-0.0000094939 az=  36.6 el= 41.6
3 sat=60 rs= -8820766.925 -20472434.550  19472380.583 dts=-0.0010103685 az= 282.3 el= 82.1
3 sat=63 rs=-13414729.525 -18071658.116  19221933.969 dts=-0.0006747668 az= 278.4 el= 69.4
3 sat=68 rs=-16813822.349   4300848.904  23972913.057 dts= 0.0058217664 az= 316.3 el= 20.3
3 sat=73 rs=  6526611.975 -28206750.243  -2413243.099 dts=-0.0012706424 az= 143.1 el= 26.9
3 sat=78 rs=  -569625.719 -29563091.398   1306856.226 dts= 0.0001612757 az= 157.5 el= 40.9
3 sat=80 rs= 11074407.302 -12493814.865  24444435.311 dts=-0.0006390822 az=  47.5 el= 40.8
3 sat=90 rs=-24352567.005 -16595857.062   2740965.014 dts=-0.0004767740 az= 237.2 el= 28.8
3 y=
        0.000         8.963         0.000        13.921        14.652         9.781         0.000        13.310         8.656        17.227        14.866        12.966        20.012        10.692        15.377         0.000         0.000         0.000        10.926        10.669         4.907         0.000        10.057         2.477        15.162        12.283
        0.000         0.000         0.000         0.000         0.000         0.000         0.000         0.000         0.000         0.000        24.082        21.381        30.563         0.000        25.116         0.000         0.000         0.000         0.000         0.000         0.000         0.000         0.000         0.000         0.000         0.000
        0.000         2.196         0.000         6.916         2.892         0.938         0.000         5.092         5.134         8.692        10.470        11.811        10.347         4.420         8.525         0.000         0.000         0.000         1.189        -0.043         1.490         0.000         2.526         1.735         2.476         3.432
        0.000         0.000         0.000         0.000         0.000         0.000         0.000         0.000         0.000         0.000        13.631        15.586        12.412         0.000        10.028         0.000         0.000         0.000         0.000         0.000         0.000         0.000         0.000         0.000         0.000         0.000
3 selsat  : nu=24 nr=26
3 before udstate: x=-1276971.6888 -4717197.5095 4087248.2206 0.0022 0.0013 0.0001 0.0012 0.0007 0.0003
3 udstate : ns=19
3 udpos : tt=1.000
3 pos var too high for accel term: 0.6086
3 udbias  : tt=1.000 ns=19
3 after udstate x=-1276971.6866 -4717197.5082 4087248.2206 0.0033 0.0020 0.0004 0.0012 0.0007 0.0003
3 rover: dt=0.005
3 zdres: n=24 rr=-1276971.69 -4717197.51 4087248.22
3 unhealthy satellite: sat=7 svh=3f
3 y=
        0.000   1640902.416         0.000   1640911.069   1640900.023   1640898.260         0.000   1640904.093   1640879.940   1640908.801   1640915.981   1640932.667   1640913.738   1640911.642   1640909.828         0.000   1640923.381   1640896.156   1640894.140   1640894.198   1640903.582   1640895.033   1640896.422   1640900.871
        0.000   1640892.889         0.000   1640911.382   1640897.989         0.000         0.000   1640904.168   1640882.828         0.000   1640911.216   1640924.895   1640909.404         0.000   1640909.035         0.000   1640912.839         0.000         0.000         0.000         0.000         0.000         0.000         0.000
        0.000   1640899.965         0.000   1640905.388   1640901.054   1640898.553         0.000   1640903.295   1640903.623   1640911.510   1640914.545   1640916.218   1640912.669   1640906.579   1640911.144         0.000   1640911.381   1640896.563   1640894.510   1640895.716   1640896.530   1640897.168   1640898.260   1640898.277
        0.000   1640896.645         0.000   1640903.876   1640897.885         0.000         0.000   1640900.962   1640901.663         0.000   1640910.165   1640912.301   1640909.801         0.000   1640907.244         0.000   1640912.081         0.000         0.000         0.000         0.000         0.000         0.000         0.000
3 ddres   : dt=0.0050 ns=19
3 sat=  9-  4 L1 v=        0.000 R= 0.000037  0.000042 lock= 0 x=-24.622 P=93.250
3 sat=  9-  8 L1 v=       -0.001 R= 0.000037  0.000092 lock= 0 x=-5.212 P=95.983
3 sat=  9- 16 L1 v=       -0.001 R= 0.000037  0.000063 lock= 0 x=-50.771 P=97.417
3 sat=  9- 27 L1 v=       -0.000 R= 0.000037  0.000067 lock= 0 x=-38.656 P=94.531
3 sat=  9- 30 L1 v=       -0.001 R= 0.000037  0.000253 lock= 0 x=-141.122 P=113.878
3 sat=  9-  4 P1 v=        0.393 R= 3.336724  3.785893 lock= 0 x=-24.622 P=93.250
3 sat=  9-  8 P1 v=       -0.310 R= 3.336724  8.324350 lock= 0 x=-5.212 P=95.983
3 sat=  9- 16 P1 v=        0.547 R= 3.336724  5.649663 lock= 0 x=-50.771 P=97.417
3 sat=  9- 27 P1 v=       -0.041 R= 3.336724  6.040858 lock= 0 x=-38.656 P=94.531
3 sat=  9- 30 P1 v=       -0.328 R= 3.336724 22.765221 lock= 0 x=-141.122 P=113.878
3 sat= 39- 38 L1 v=       -0.001 R= 0.000091  0.000121 lock= 0 x=-61.327 P=109.922
3 sat= 39- 40 L1 v=       -0.003 R= 0.000091  0.000396 lock= 0 x=89.071 P=110.774
3 sat= 39- 41 L1 v=        0.001 R= 0.000091  0.000092 lock= 0 x=-49.867 P=104.997
3 sat= 39- 42 L1 v=        0.003 R= 0.000091  0.000341 lock= 0 x=-11.263 P=109.528
3 sat= 39- 48 L1 v=       -0.001 R= 0.000091  0.000132 lock= 0 x=-46.028 P=107.800
3 sat= 39- 40 L2 v=        0.003 R= 0.000091  0.000396 lock= 0 x=27.295 P=156.277
3 sat= 39- 41 L2 v=        0.001 R= 0.000091  0.000092 lock= 0 x=-75.264 P=152.511
3 sat= 39- 48 L2 v=        0.001 R= 0.000091  0.000132 lock= 0 x=-54.198 P=153.159
3 sat= 39- 38 P1 v=        1.256 R= 8.231765 10.903078 lock= 0 x=-61.327 P=109.922
3 sat= 39- 40 P1 v=       -0.332 R= 8.231765 35.628362 lock= 0 x=89.071 P=110.774
3 sat= 39- 41 P1 v=        1.752 R= 8.231765  8.267838 lock= 0 x=-49.867 P=104.997
3 sat= 39- 42 P1 v=        1.915 R= 8.231765 30.709599 lock= 0 x=-11.263 P=109.528
3 sat= 39- 48 P1 v=        1.456 R= 8.231765 11.906120 lock= 0 x=-46.028 P=107.800
3 sat= 39- 40 P2 v=       -0.181 R= 8.231765 35.628362 lock= 0 x=27.295 P=156.277
3 sat= 39- 41 P2 v=       -0.856 R= 8.231765  8.267838 lock= 0 x=-75.264 P=152.511
3 sat= 39- 48 P2 v=       -0.682 R= 8.231765 11.906120 lock= 0 x=-54.198 P=153.159
3 sat= 60- 63 L1 v=        0.000 R= 0.000036  0.000039 lock= 0 x=-59.915 P=85.984
3 sat= 60- 68 L1 v=        0.002 R= 0.000036  0.000169 lock= 0 x=-29.321 P=99.375
3 sat= 60- 73 L1 v=       -0.001 R= 0.000036  0.000106 lock= 0 x=-7.085 P=93.036
3 sat= 60- 78 L1 v=       -0.001 R= 0.000036  0.000060 lock= 0 x=-12.175 P=89.266
3 sat= 60- 80 L1 v=       -0.002 R= 0.000036  0.000060 lock= 0 x=-71.541 P=90.700
3 sat= 60- 90 L1 v=        0.001 R= 0.000036  0.000096 lock= 0 x=-33.015 P=91.896
3 sat= 60- 63 P1 v=        0.821 R= 3.272051  3.470868 lock= 0 x=-59.915 P=85.984
3 sat= 60- 68 P1 v=        1.148 R= 3.272051 15.203007 lock= 0 x=-29.321 P=99.375
3 sat= 60- 73 P1 v=        1.370 R= 3.272051  9.508016 lock= 0 x=-7.085 P=93.036
3 sat= 60- 78 P1 v=       -0.058 R= 3.272051  5.381622 lock= 0 x=-12.175 P=89.266
3 sat= 60- 80 P1 v=       -0.410 R= 3.272051  5.406169 lock= 0 x=-71.541 P=90.700
3 sat= 60- 90 P1 v=        0.530 R= 3.272051  8.604357 lock= 0 x=-33.015 P=91.896
3 before filter x=-1276971.6866 -4717197.5082 4087248.2206 0.0033 0.0020 0.0004 0.0012 0.0007 0.0003
3 after filter x=-1276971.7017 -4717197.4883 4087248.1950 0.0003 0.0019 0.0003 -0.0004 0.0007 0.0003
3 posvar=0.526653 
3 zdres: n=24 rr=-1276971.70 -4717197.49 4087248.20
3 unhealthy satellite: sat=7 svh=3f
3 y=
        0.000   1640902.389         0.000   1640911.051   1640900.000   1640898.226         0.000   1640904.062   1640879.950   1640908.790   1640915.963   1640932.660   1640913.718   1640911.652   1640909.794         0.000   1640923.353   1640896.131   1640894.120   1640894.194   1640903.566   1640895.015   1640896.388   1640900.877
        0.000   1640892.862         0.000   1640911.365   1640897.965         0.000         0.000   1640904.137   1640882.838         0.000   1640911.198   1640924.887   1640909.384         0.000   1640909.001         0.000   1640912.811         0.000         0.000         0.000         0.000         0.000         0.000         0.000
        0.000   1640899.938         0.000   1640905.371   1640901.031   1640898.519         0.000   1640903.263   1640903.633   1640911.499   1640914.527   1640916.210   1640912.649   1640906.589   1640911.111         0.000   1640911.353   1640896.538   1640894.490   1640895.713   1640896.514   1640897.150   1640898.225   1640898.282
        0.000   1640896.618         0.000   1640903.859   1640897.862         0.000         0.000   1640900.930   1640901.673         0.000   1640910.147   1640912.293   1640909.781         0.000   1640907.211         0.000   1640912.053         0.000         0.000         0.000         0.000         0.000         0.000         0.000
3 ddres   : dt=0.0050 ns=19
3 sat=  9-  4 L1 v=        0.001 R= 0.000037  0.000042 lock= 0 x=-24.641 P=93.087
3 sat=  9-  8 L1 v=        0.000 R= 0.000037  0.000092 lock= 0 x=-5.178 P=95.426
3 sat=  9- 16 L1 v=       -0.000 R= 0.000037  0.000063 lock= 0 x=-50.825 P=96.696
3 sat=  9- 27 L1 v=        0.001 R= 0.000037  0.000067 lock= 0 x=-38.696 P=94.202
3 sat=  9- 30 L1 v=       -0.001 R= 0.000037  0.000253 lock= 0 x=-140.955 P=111.121
3 sat=  9-  4 P1 v=        0.396 R= 3.336724  3.785893 lock= 0 x=-24.641 P=93.087
3 sat=  9-  8 P1 v=       -0.316 R= 3.336724  8.324350 lock= 0 x=-5.178 P=95.426
3 sat=  9- 16 P1 v=        0.558 R= 3.336724  5.649663 lock= 0 x=-50.825 P=96.696
3 sat=  9- 27 P1 v=       -0.033 R= 3.336724  6.040858 lock= 0 x=-38.696 P=94.202
3 sat=  9- 30 P1 v=       -0.361 R= 3.336724 22.765221 lock= 0 x=-140.955 P=111.121
3 sat= 39- 38 L1 v=       -0.001 R= 0.000091  0.000121 lock= 0 x=-61.311 P=108.873
3 sat= 39- 40 L1 v=       -0.002 R= 0.000091  0.000396 lock= 0 x=89.107 P=109.723
3 sat= 39- 41 L1 v=        0.001 R= 0.000091  0.000092 lock= 0 x=-49.899 P=104.646
3 sat= 39- 42 L1 v=        0.002 R= 0.000091  0.000341 lock= 0 x=-11.141 P=108.617
3 sat= 39- 48 L1 v=        0.000 R= 0.000091  0.000132 lock= 0 x=-46.124 P=107.152
3 sat= 39- 40 L2 v=        0.003 R= 0.000091  0.000396 lock= 0 x=27.340 P=155.706
3 sat= 39- 41 L2 v=        0.001 R= 0.000091  0.000092 lock= 0 x=-75.268 P=152.321
3 sat= 39- 48 L2 v=        0.002 R= 0.000091  0.000132 lock= 0 x=-54.253 P=152.924
3 sat= 39- 38 P1 v=        1.249 R= 8.231765 10.903078 lock= 0 x=-61.311 P=108.873
3 sat= 39- 40 P1 v=       -0.343 R= 8.231765 35.628362 lock= 0 x=89.107 P=109.723
3 sat= 39- 41 P1 v=        1.754 R= 8.231765  8.267838 lock= 0 x=-49.899 P=104.646
3 sat= 39- 42 P1 v=        1.888 R= 8.231765 30.709599 lock= 0 x=-11.141 P=108.617
3 sat= 39- 48 P1 v=        1.471 R= 8.231765 11.906120 lock= 0 x=-46.124 P=107.152
3 sat= 39- 40 P2 v=       -0.192 R= 8.231765 35.628362 lock= 0 x=27.340 P=155.706
3 sat= 39- 41 P2 v=       -0.854 R= 8.231765  8.267838 lock= 0 x=-75.268 P=152.321
3 sat= 39- 48 P2 v=       -0.667 R= 8.231765 11.906120 lock= 0 x=-54.253 P=152.924
3 sat= 60- 63 L1 v=        0.000 R= 0.000036  0.000039 lock= 0 x=-59.925 P=85.789
3 sat= 60- 68 L1 v=        0.001 R= 0.000036  0.000169 lock= 0 x=-29.246 P=97.399
3 sat= 60- 73 L1 v=       -0.000 R= 0.000036  0.000106 lock= 0 x=-7.070 P=91.843
3 sat= 60- 78 L1 v=       -0.000 R= 0.000036  0.000060 lock= 0 x=-12.167 P=88.613
3 sat= 60- 80 L1 v=       -0.000 R= 0.000036  0.000060 lock= 0 x=-71.618 P=89.910
3 sat= 60- 90 L1 v=        0.000 R= 0.000036  0.000096 lock= 0 x=-32.895 P=90.995
3 sat= 60- 63 P1 v=        0.816 R= 3.272051  3.470868 lock= 0 x=-59.925 P=85.789
3 sat= 60- 68 P1 v=        1.126 R= 3.272051 15.203007 lock= 0 x=-29.246 P=97.399
3 sat= 60- 73 P1 v=        1.361 R= 3.272051  9.508016 lock= 0 x=-7.070 P=91.843
3 sat= 60- 78 P1 v=       -0.066 R= 3.272051  5.381622 lock= 0 x=-12.167 P=88.613
3 sat= 60- 80 P1 v=       -0.401 R= 3.272051  5.406169 lock= 0 x=-71.618 P=89.910
3 sat= 60- 90 P1 v=        0.498 R= 3.272051  8.604357 lock= 0 x=-32.895 P=90.995
3 valpos  : nv=38 thres=4.0
3 posvar=0.526653
3 prevRatios = 0.000 0.000
3 Skip AR
3 sol_rr=    -1276971.702    -4717197.488     4087248.195           0.000           0.002           0.000
1 
---------------------------------------------------------
1 relpos: dt=0.005 nu=24 nr=26
1 ---------------------------------------------------------
3 satposs  : teph= 2020/12/24 22:08:11.005 n=24 ephopt=0
3 satposs  : teph= 2020/12/24 22:08:11.000 n=26 ephopt=0
3 base station:
3 zdres: n=26 rr=-1283433.94 -4713073.29 4090105.09
3 sat= 4 rs=   -25385.878 -24817268.341   9396215.494 dts=-0.0001671607 az= 141.7 el= 59.8
3 unhealthy satellite: sat=7 svh=3f
3 sat= 8 rs=  5086947.076 -25892854.464   -909238.572 dts=-0.0000040917 az= 143.7 el= 29.4
3 sat= 9 rs= -9327490.861 -17084767.481  17995578.808 dts=-0.0003052094 az= 289.3 el= 76.4
3 sat=16 rs=  9878247.693 -11072512.659  21778041.093 dts=-0.0002551587 az=  47.4 el= 39.3
3 sat=27 rs= 12304860.595 -20711378.785  10623448.741 dts=-0.0000418401 az=  98.7 el= 37.2
3 sat=30 rs=-24348676.965  -1710103.133  10782315.999 dts=-0.0003578175 az= 277.6 el= 16.1
3 sat=38 rs= -8297278.586 -23979232.403   2451395.632 dts= 0.0001897532 az= 186.7 el= 45.1
3 sat=39 rs=-12383942.953 -13613433.168  17669055.937 dts=-0.0000419300 az= 289.5 el= 63.2
3 sat=40 rs=-10312095.668   3888564.468  23051754.954 dts=-0.0000564558 az= 329.1 el= 19.8
3 sat=41 rs=-11255578.434 -12570333.667  19171595.172 dts= 0.0000148842 az= 303.3 el= 62.7
3 sat=42 rs=-23314748.969  -8588926.322   5590401.478 dts=-0.0000649858 az= 256.1 el= 21.6
3 sat=48 rs=  7017909.846  -9580655.206  22566465.187 dts=-0.0000094939 az=  36.6 el= 41.6
3 sat=60 rs= -8819125.320 -20471371.906  19474242.385 dts=-0.0010103685 az= 282.4 el= 82.1
3 sat=63 rs=-13414728.042 -18073586.084  19220122.432 dts=-0.0006747669 az= 278.4 el= 69.4
3 sat=68 rs=-16813799.429   4298443.975  23973361.412 dts= 0.0058217664 az= 316.3 el= 20.3
3 sat=73 rs=  6526701.896 -28206365.695  -2410442.236 dts=-0.0012706424 az= 143.1 el= 26.9
3 sat=78 rs=  -569676.672 -29563223.284   1303854.728 dts= 0.0001612758 az= 157.5 el= 40.9
3 sat=80 rs= 11076522.922 -12492573.376  24444111.940 dts=-0.0006390822 az=  47.5 el= 40.8
3 sat=90 rs=-24352388.832 -16595619.847   2743994.043 dts=-0.0004767740 az= 237.2 el= 28.8
3 y=
        0.000         8.986         0.000        13.941        14.676         9.802         0.000        13.336         8.679        17.246        14.889        12.982        20.041        10.716        15.399         0.000         0.000         0.000        10.949        10.693         4.929         0.000        10.081         2.499        15.185        12.306
        0.000         0.000         0.000         0.000         0.000         0.000         0.000         0.000         0.000         0.000        24.104        21.400        30.591         0.000        25.137         0.000         0.000         0.000         0.000         0.000         0.000         0.000         0.000         0.000         0.000         0.000
        0.000         2.264         0.000         6.929         2.899         1.008         0.000         5.084         5.166         8.540        10.417        11.926        10.319         4.516         8.614         0.000         0.000         0.000         1.223         0.005         1.481         0.000         2.441         1.837         2.533         3.365
        0.000         0.000         0.000         0.000         0.000         0.000         0.000         0.000         0.000         0.000        13.627        15.321        12.424         0.000        10.255         0.000         0.000         0.000         0.000         0.000         0.000         0.000         0.000         0.000         0.000         0.000
3 selsat  : nu=24 nr=26
3 before udstate: x=-1276971.7017 -4717197.4883 4087248.1950 0.0003 0.0019 0.0003 -0.0004 0.0007 0.0003
3 udstate : ns=19
3 udpos : tt=1.000
3 pos var too high for accel term: 0.5267
3 udbias  : tt=1.000 ns=19
3 after udstate x=-1276971.7014 -4717197.4864 4087248.1953 -0.0001 0.0027 0.0006 -0.0004 0.0007 0.0003
3 rover: dt=0.005
3 zdres: n=24 rr=-1276971.70 -4717197.49 4087248.20
3 unhealthy satellite: sat=7 svh=3f
3 y=
        0.000   1640985.301         0.000   1640993.962   1640982.913   1640981.137         0.000   1640986.975   1640962.862   1640991.695   1640998.875   1641015.569   1640996.637   1640994.567   1640992.706         0.000   1641006.264   1640979.043   1640977.034   1640977.110   1640986.479   1640977.929   1640979.302   1640983.786
        0.000   1640975.772         0.000   1640994.278   1640980.880         0.000         0.000   1640987.053   1640965.749         0.000   1640994.108   1641007.796   1640992.301         0.000   1640991.912         0.000   1640995.728         0.000         0.000         0.000         0.000         0.000         0.000         0.000
        0.000   1640982.870         0.000   1640988.178   1640983.880   1640981.522         0.000   1640986.079   1640986.707   1640994.414   1640997.465   1640999.136   1640995.483   1640989.531   1640993.993         0.000   1640994.227   1640979.529   1640977.452   1640978.732   1640979.337   1640980.236   1640980.986   1640981.333
        0.000   1640979.600         0.000   1640986.893   1640980.741         0.000         0.000   1640983.843   1640984.545         0.000   1640993.063   1640995.097   1640992.724         0.000   1640990.008         0.000   1640995.015         0.000         0.000         0.000         0.000         0.000         0.000         0.000
3 ddres   : dt=0.0050 ns=19
3 sat=  9-  4 L1 v=        0.002 R= 0.000037  0.000042 lock= 0 x=-24.756 P=93.087
3 sat=  9-  8 L1 v=       -0.001 R= 0.000037  0.000092 lock= 0 x=-5.293 P=95.426
3 sat=  9- 16 L1 v=       -0.001 R= 0.000037  0.000063 lock= 0 x=-50.939 P=96.696
3 sat=  9- 27 L1 v=        0.003 R= 0.000037  0.000067 lock= 0 x=-38.810 P=94.202
3 sat=  9- 30 L1 v=       -0.000 R= 0.000037  0.000253 lock= 0 x=-141.070 P=111.121
3 sat=  9-  4 P1 v=        0.375 R= 3.336639  3.786244 lock= 0 x=-24.756 P=93.087
3 sat=  9-  8 P1 v=       -0.268 R= 3.336639  8.321550 lock= 0 x=-5.293 P=95.426
3 sat=  9- 16 P1 v=        0.467 R= 3.336639  5.650894 lock= 0 x=-50.939 P=96.696
3 sat=  9- 27 P1 v=       -0.014 R= 3.336639  6.040227 lock= 0 x=-38.810 P=94.202
3 sat=  9- 30 P1 v=       -0.560 R= 3.336639 22.752030 lock= 0 x=-141.070 P=111.121
3 sat= 39- 38 L1 v=        0.002 R= 0.000091  0.000121 lock= 0 x=-61.425 P=108.873
3 sat= 39- 40 L1 v=       -0.005 R= 0.000091  0.000396 lock= 0 x=88.993 P=109.723
3 sat= 39- 41 L1 v=        0.001 R= 0.000091  0.000092 lock= 0 x=-50.013 P=104.646
3 sat= 39- 42 L1 v=        0.000 R= 0.000091  0.000341 lock= 0 x=-11.256 P=108.617
3 sat= 39- 48 L1 v=       -0.000 R= 0.000091  0.000132 lock= 0 x=-46.238 P=107.152
3 sat= 39- 40 L2 v=        0.001 R= 0.000091  0.000396 lock= 0 x=27.409 P=155.706
3 sat= 39- 41 L2 v=       -0.000 R= 0.000091  0.000092 lock= 0 x=-75.200 P=152.321
3 sat= 39- 48 L2 v=       -0.000 R= 0.000091  0.000132 lock= 0 x=-54.185 P=152.924
3 sat= 39- 38 P1 v=        1.174 R= 8.231511 10.905537 lock= 0 x=-61.425 P=108.873
3 sat= 39- 40 P1 v=       -0.162 R= 8.231511 35.605524 lock= 0 x=88.993 P=109.723
3 sat= 39- 41 P1 v=        1.884 R= 8.231511  8.267687 lock= 0 x=-50.013 P=104.646
3 sat= 39- 42 P1 v=        2.033 R= 8.231511 30.696201 lock= 0 x=-11.256 P=108.617
3 sat= 39- 48 P1 v=        1.669 R= 8.231511 11.908312 lock= 0 x=-46.238 P=107.152
3 sat= 39- 40 P2 v=       -0.340 R= 8.231511 35.605524 lock= 0 x=27.409 P=155.706
3 sat= 39- 41 P2 v=       -0.864 R= 8.231511  8.267687 lock= 0 x=-75.200 P=152.321
3 sat= 39- 48 P2 v=       -0.317 R= 8.231511 11.908312 lock= 0 x=-54.185 P=152.924
3 sat= 60- 63 L1 v=       -0.001 R= 0.000036  0.000039 lock= 0 x=-60.040 P=85.789
3 sat= 60- 68 L1 v=       -0.003 R= 0.000036  0.000169 lock= 0 x=-29.361 P=97.399
3 sat= 60- 73 L1 v=        0.000 R= 0.000036  0.000106 lock= 0 x=-7.184 P=91.843
3 sat= 60- 78 L1 v=       -0.002 R= 0.000036  0.000060 lock= 0 x=-12.282 P=88.613
3 sat= 60- 80 L1 v=       -0.001 R= 0.000036  0.000060 lock= 0 x=-71.733 P=89.910
3 sat= 60- 90 L1 v=        0.004 R= 0.000036  0.000096 lock= 0 x=-33.009 P=90.995
3 sat= 60- 63 P1 v=        0.859 R= 3.272036  3.470814 lock= 0 x=-60.040 P=85.789
3 sat= 60- 68 P1 v=        1.055 R= 3.272036 15.196466 lock= 0 x=-29.361 P=97.399
3 sat= 60- 73 P1 v=        1.410 R= 3.272036  9.505335 lock= 0 x=-7.184 P=91.843
3 sat= 60- 78 P1 v=       -0.094 R= 3.272036  5.382598 lock= 0 x=-12.282 P=88.613
3 sat= 60- 80 P1 v=       -0.148 R= 3.272036  5.407004 lock= 0 x=-71.733 P=89.910
3 sat= 60- 90 P1 v=        0.338 R= 3.272036  8.602188 lock= 0 x=-33.009 P=90.995
3 before filter x=-1276971.7014 -4717197.4864 4087248.1953 -0.0001 0.0027 0.0006 -0.0004 0.0007 0.0003
3 after filter x=-1276971.6975 -4717197.4737 4087248.1922 -0.0011 -0.0002 -0.0014 -0.0008 -0.0007 -0.0007
3 posvar=0.463403 
3 zdres: n=24 rr=-1276971.70 -4717197.47 4087248.19
3 unhealthy satellite: sat=7 svh=3f
3 y=
        0.000   1640985.288         0.000   1640993.952   1640982.902   1640981.133         0.000   1640986.967   1640962.859   1640991.682   1640998.865   1641015.569   1640996.627   1640994.561   1640992.702         0.000   1641006.263   1640979.032   1640977.022   1640977.110   1640986.470   1640977.917   1640979.297   1640983.777
        0.000   1640975.759         0.000   1640994.268   1640980.868         0.000         0.000   1640987.046   1640965.746         0.000   1640994.098   1641007.796   1640992.292         0.000   1640991.908         0.000   1640995.727         0.000         0.000         0.000         0.000         0.000         0.000         0.000
        0.000   1640982.857         0.000   1640988.168   1640983.869   1640981.518         0.000   1640986.071   1640986.704   1640994.401   1640997.455   1640999.137   1640995.473   1640989.524   1640993.989         0.000   1640994.226   1640979.517   1640977.441   1640978.731   1640979.327   1640980.224   1640980.982   1640981.323
        0.000   1640979.587         0.000   1640986.883   1640980.730         0.000         0.000   1640983.835   1640984.542         0.000   1640993.053   1640995.098   1640992.714         0.000   1640990.004         0.000   1640995.014         0.000         0.000         0.000         0.000         0.000         0.000         0.000
3 ddres   : dt=0.0050 ns=19
3 sat=  9-  4 L1 v=        0.001 R= 0.000037  0.000042 lock= 0 x=-24.774 P=92.961
3 sat=  9-  8 L1 v=       -0.001 R= 0.000037  0.000092 lock= 0 x=-5.296 P=95.001
3 sat=  9- 16 L1 v=       -0.000 R= 0.000037  0.000063 lock= 0 x=-50.902 P=96.139
3 sat=  9- 27 L1 v=        0.003 R= 0.000037  0.000067 lock= 0 x=-38.799 P=93.950
3 sat=  9- 30 L1 v=        0.000 R= 0.000037  0.000253 lock= 0 x=-141.030 P=108.968
3 sat=  9-  4 P1 v=        0.376 R= 3.336639  3.786244 lock= 0 x=-24.774 P=92.961
3 sat=  9-  8 P1 v=       -0.269 R= 3.336639  8.321550 lock= 0 x=-5.296 P=95.001
3 sat=  9- 16 P1 v=        0.459 R= 3.336639  5.650894 lock= 0 x=-50.902 P=96.139
3 sat=  9- 27 P1 v=       -0.017 R= 3.336639  6.040227 lock= 0 x=-38.799 P=93.950
3 sat=  9- 30 P1 v=       -0.569 R= 3.336639 22.752030 lock= 0 x=-141.030 P=108.968
3 sat= 39- 38 L1 v=        0.001 R= 0.000091  0.000121 lock= 0 x=-61.469 P=108.070
3 sat= 39- 40 L1 v=       -0.003 R= 0.000091  0.000396 lock= 0 x=89.041 P=108.917
3 sat= 39- 41 L1 v=        0.001 R= 0.000091  0.000092 lock= 0 x=-50.030 P=104.377
3 sat= 39- 42 L1 v=       -0.000 R= 0.000091  0.000341 lock= 0 x=-11.258 P=107.896
3 sat= 39- 48 L1 v=        0.001 R= 0.000091  0.000132 lock= 0 x=-46.222 P=106.642
3 sat= 39- 40 L2 v=        0.002 R= 0.000091  0.000396 lock= 0 x=27.437 P=155.266
3 sat= 39- 41 L2 v=        0.000 R= 0.000091  0.000092 lock= 0 x=-75.217 P=152.175
3 sat= 39- 48 L2 v=        0.001 R= 0.000091  0.000132 lock= 0 x=-54.177 P=152.740
3 sat= 39- 38 P1 v=        1.176 R= 8.231511 10.905537 lock= 0 x=-61.469 P=108.070
3 sat= 39- 40 P1 v=       -0.173 R= 8.231511 35.605524 lock= 0 x=89.041 P=108.917
3 sat= 39- 41 P1 v=        1.884 R= 8.231511  8.267687 lock= 0 x=-50.030 P=104.377
3 sat= 39- 42 P1 v=        2.030 R= 8.231511 30.696201 lock= 0 x=-11.258 P=107.896
3 sat= 39- 48 P1 v=        1.663 R= 8.231511 11.908312 lock= 0 x=-46.222 P=106.642
3 sat= 39- 40 P2 v=       -0.351 R= 8.231511 35.605524 lock= 0 x=27.437 P=155.266
3 sat= 39- 41 P2 v=       -0.864 R= 8.231511  8.267687 lock= 0 x=-75.217 P=152.175
3 sat= 39- 48 P2 v=       -0.323 R= 8.231511 11.908312 lock= 0 x=-54.177 P=152.740
3 sat= 60- 63 L1 v=       -0.001 R= 0.000036  0.000039 lock= 0 x=-60.048 P=85.640
3 sat= 60- 68 L1 v=       -0.001 R= 0.000036  0.000169 lock= 0 x=-29.303 P=95.877
3 sat= 60- 73 L1 v=       -0.000 R= 0.000036  0.000106 lock= 0 x=-7.189 P=90.936
3 sat= 60- 78 L1 v=       -0.002 R= 0.000036  0.000060 lock= 0 x=-12.299 P=88.117
3 sat= 60- 80 L1 v=        0.000 R= 0.000036  0.000060 lock= 0 x=-71.701 P=89.297
3 sat= 60- 90 L1 v=        0.003 R= 0.000036  0.000096 lock= 0 x=-33.013 P=90.283
3 sat= 60- 63 P1 v=        0.858 R= 3.272036  3.470814 lock= 0 x=-60.048 P=85.640
3 sat= 60- 68 P1 v=        1.043 R= 3.272036 15.196466 lock= 0 x=-29.303 P=95.877
3 sat= 60- 73 P1 v=        1.407 R= 3.272036  9.505335 lock= 0 x=-7.189 P=90.936
3 sat= 60- 78 P1 v=       -0.094 R= 3.272036  5.382598 lock= 0 x=-12.299 P=88.117
3 sat= 60- 80 P1 v=       -0.156 R= 3.272036  5.407004 lock= 0 x=-71.701 P=89.297
3 sat= 60- 90 P1 v=        0.335 R= 3.272036  8.602188 lock= 0 x=-33.013 P=90.283
3 valpos  : nv=38 thres=4.0
3 posvar=0.463403
3 prevRatios = 0.000 0.000
3 Skip AR
3 sol_rr=    -1276971.697    -4717197.474     4087248.192          -0.001          -0.000          -0.001
1 
---------------------------------------------------------
1 relpos: dt=0.005 nu=24 nr=26
1 ---------------------------------------------------------
3 satposs  : teph= 2020/12/24 22:08:12.005 n=24 ephopt=0
3 satposs  : teph= 2020/12/24 22:08:12.000 n=26 ephopt=0
3 base station:
3 zdres: n=26 rr=-1283433.94 -4713073.29 4090105.09
3 sat= 4 rs=   -24818.341 -24818351.328   9393350.853 dts=-0.0001671607 az= 141.7 el= 59.8
3 unhealthy satellite: sat=7 svh=3f
3 sat= 8 rs=  5087248.404 -25892908.081   -906030.348 dts=-0.0000040917 az= 143.6 el= 29.4
3 sat= 9 rs= -9326824.267 -17086977.092  17993830.631 dts=-0.0003052094 az= 289.2 el= 76.4
3 sat=16 rs=  9880141.145 -11070424.489  21778286.361 dts=-0.0002551587 az=  47.3 el= 39.3
3 sat=27 rs= 12304767.069 -20709981.079  10626276.688 dts=-0.0000418402 az=  98.7 el= 37.2
3 sat=30 rs=-24347437.675  -1710732.704  10785003.827 dts=-0.0003578175 az= 277.6 el= 16.2
3 sat=38 rs= -8297506.705 -23979517.401   2447854.070 dts= 0.0001897532 az= 186.7 el= 45.1
3 sat=39 rs=-12384670.483 -13615737.695  17666762.133 dts=-0.0000419300 az= 289.5 el= 63.2
3 sat=40 rs=-10312906.866   3885527.970  23051902.319 dts=-0.0000564558 az= 329.1 el= 19.8
3 sat=41 rs=-11253058.308 -12569623.894  19173535.285 dts= 0.0000148842 az= 303.3 el= 62.7
3 sat=42 rs=-23314040.173  -8588593.571   5593869.160 dts=-0.0000649858 az= 256.1 el= 21.6
3 sat=48 rs=  7020925.601  -9579968.774  22565831.438 dts=-0.0000094939 az=  36.6 el= 41.6
3 sat=60 rs= -8817483.471 -20470309.297  19476103.887 dts=-0.0010103685 az= 282.4 el= 82.1
3 sat=63 rs=-13414726.706 -18075513.870  19218310.599 dts=-0.0006747669 az= 278.3 el= 69.4
3 sat=68 rs=-16813776.690   4296039.000  23973809.400 dts= 0.0058217664 az= 316.3 el= 20.3
3 sat=73 rs=  6526791.802 -28205980.852  -2407641.333 dts=-0.0012706424 az= 143.1 el= 26.9
3 sat=78 rs=  -569727.638 -29563354.866   1300853.211 dts= 0.0001612758 az= 157.5 el= 40.9
3 sat=80 rs= 11078638.612 -12491332.070  24443788.192 dts=-0.0006390822 az=  47.5 el= 40.8
3 sat=90 rs=-24352210.381 -16595382.492   2747023.030 dts=-0.0004767740 az= 237.2 el= 28.8
3 y=
        0.000         8.970         0.000        13.925        14.660         9.783         0.000        13.318         8.665        17.225        14.875        12.964        20.024        10.697        15.379         0.000         0.000         0.000        10.932        10.675         4.914         0.000        10.066         2.482        15.169        12.290
        0.000         0.000         0.000         0.000         0.000         0.000         0.000         0.000         0.000         0.000        24.090        21.380        30.575         0.000        25.119         0.000         0.000         0.000         0.000         0.000         0.000         0.000         0.000         0.000         0.000         0.000
        0.000         2.244         0.000         7.051         2.921         0.968         0.000         5.043         5.254         8.625        10.349        12.147        10.257         4.761         8.693         0.000         0.000         0.000         1.226        -0.017         1.440         0.000         2.397         1.797         2.512         3.276
        0.000         0.000         0.000         0.000         0.000         0.000         0.000         0.000         0.000         0.000        13.724        15.108        12.461         0.000        10.303         0.000         0.000         0.000         0.000         0.000         0.000         0.000         0.000         0.000         0.000         0.000
3 selsat  : nu=24 nr=26
3 before udstate: x=-1276971.6975 -4717197.4737 4087248.1922 -0.0011 -0.0002 -0.0014 -0.0008 -0.0007 -0.0007
3 udstate : ns=19
3 udpos : tt=1.000
3 pos var too high for accel term: 0.4634
3 udbias  : tt=1.000 ns=19
3 after udstate x=-1276971.6985 -4717197.4739 4087248.1908 -0.0019 -0.0009 -0.0021 -0.0008 -0.0007 -0.0007
3 rover: dt=0.005
3 zdres: n=24 rr=-1276971.70 -4717197.47 4087248.19
3 unhealthy satellite: sat=7 svh=3f
3 y=
        0.000   1641068.175         0.000   1641076.836   1641065.789   1641064.016         0.000   1641069.853   1641045.746   1641074.563   1641081.753   1641098.449   1641079.512   1641077.448   1641075.585         0.000   1641089.151   1641061.918   1641059.907   1641059.995   1641069.356   1641060.803   1641062.184   1641066.669
        0.000   1641058.645         0.000   1641077.150   1641063.755         0.000         0.000   1641069.931   1641048.633         0.000   1641076.987   1641090.684   1641075.178         0.000   1641074.795         0.000   1641078.611         0.000         0.000         0.000         0.000         0.000         0.000         0.000
        0.000   1641065.668         0.000   1641071.007   1641066.685   1641064.375         0.000   1641069.001   1641069.635   1641077.310   1641080.539   1641082.085   1641078.401   1641072.349   1641076.846         0.000   1641077.086   1641062.608   1641060.281   1641061.696   1641062.054   1641063.183   1641064.218   1641064.226
        0.000   1641062.539         0.000   1641069.779   1641063.650         0.000         0.000   1641066.572   1641067.311         0.000   1641075.993   1641077.944   1641075.552         0.000   1641072.824         0.000   1641077.827         0.000         0.000         0.000         0.000         0.000         0.000         0.000
3 ddres   : dt=0.0050 ns=19
3 sat=  9-  4 L1 v=        0.000 R= 0.000037  0.000042 lock= 0 x=-24.758 P=92.961
3 sat=  9-  8 L1 v=        0.001 R= 0.000037  0.000092 lock= 0 x=-5.280 P=95.001
3 sat=  9- 16 L1 v=        0.000 R= 0.000037  0.000063 lock= 0 x=-50.886 P=96.139
3 sat=  9- 27 L1 v=        0.001 R= 0.000037  0.000067 lock= 0 x=-38.784 P=93.950
3 sat=  9- 30 L1 v=        0.002 R= 0.000037  0.000253 lock= 0 x=-141.014 P=108.968
3 sat=  9-  4 P1 v=        0.340 R= 3.336554  3.786595 lock= 0 x=-24.758 P=92.961
3 sat=  9-  8 P1 v=       -0.191 R= 3.336554  8.318752 lock= 0 x=-5.280 P=95.001
3 sat=  9- 16 P1 v=        0.357 R= 3.336554  5.652125 lock= 0 x=-50.886 P=96.139
3 sat=  9- 27 P1 v=       -0.194 R= 3.336554  6.039596 lock= 0 x=-38.784 P=93.950
3 sat=  9- 30 P1 v=       -0.617 R= 3.336554 22.738852 lock= 0 x=-141.014 P=108.968
3 sat= 39- 38 L1 v=        0.000 R= 0.000091  0.000121 lock= 0 x=-61.453 P=108.070
3 sat= 39- 40 L1 v=        0.001 R= 0.000091  0.000395 lock= 0 x=89.056 P=108.917
3 sat= 39- 41 L1 v=        0.001 R= 0.000091  0.000092 lock= 0 x=-50.014 P=104.377
3 sat= 39- 42 L1 v=       -0.005 R= 0.000091  0.000341 lock= 0 x=-11.242 P=107.896
3 sat= 39- 48 L1 v=       -0.000 R= 0.000091  0.000132 lock= 0 x=-46.207 P=106.642
3 sat= 39- 40 L2 v=       -0.002 R= 0.000091  0.000395 lock= 0 x=27.585 P=155.266
3 sat= 39- 41 L2 v=        0.002 R= 0.000091  0.000092 lock= 0 x=-75.069 P=152.175
3 sat= 39- 48 L2 v=       -0.001 R= 0.000091  0.000132 lock= 0 x=-54.029 P=152.740
3 sat= 39- 38 P1 v=        1.505 R= 8.231257 10.907998 lock= 0 x=-61.453 P=108.070
3 sat= 39- 40 P1 v=        0.252 R= 8.231257 35.582713 lock= 0 x=89.056 P=108.917
3 sat= 39- 41 P1 v=        2.046 R= 8.231257  8.267535 lock= 0 x=-50.014 P=104.377
3 sat= 39- 42 P1 v=        2.601 R= 8.231257 30.682815 lock= 0 x=-11.242 P=107.896
3 sat= 39- 48 P1 v=        2.036 R= 8.231257 11.910506 lock= 0 x=-46.207 P=106.642
3 sat= 39- 40 P2 v=       -0.567 R= 8.231257 35.582713 lock= 0 x=27.585 P=155.266
3 sat= 39- 41 P2 v=       -0.822 R= 8.231257  8.267535 lock= 0 x=-75.069 P=152.175
3 sat= 39- 48 P2 v=       -0.253 R= 8.231257 11.910506 lock= 0 x=-54.029 P=152.740
3 sat= 60- 63 L1 v=        0.002 R= 0.000036  0.000039 lock= 0 x=-60.032 P=85.640
3 sat= 60- 68 L1 v=        0.004 R= 0.000036  0.000169 lock= 0 x=-29.288 P=95.877
3 sat= 60- 73 L1 v=        0.003 R= 0.000036  0.000106 lock= 0 x=-7.173 P=90.936
3 sat= 60- 78 L1 v=       -0.001 R= 0.000036  0.000060 lock= 0 x=-12.283 P=88.117
3 sat= 60- 80 L1 v=        0.001 R= 0.000036  0.000060 lock= 0 x=-71.685 P=89.297
3 sat= 60- 90 L1 v=       -0.000 R= 0.000036  0.000096 lock= 0 x=-32.997 P=90.283
3 sat= 60- 63 P1 v=        1.084 R= 3.272021  3.470760 lock= 0 x=-60.032 P=85.640
3 sat= 60- 68 P1 v=        1.127 R= 3.272021 15.189930 lock= 0 x=-29.288 P=95.877
3 sat= 60- 73 P1 v=        1.724 R= 3.272021  9.502654 lock= 0 x=-7.173 P=90.936
3 sat= 60- 78 P1 v=       -0.005 R= 3.272021  5.383575 lock= 0 x=-12.283 P=88.117
3 sat= 60- 80 P1 v=       -0.324 R= 3.272021  5.407839 lock= 0 x=-71.685 P=89.297
3 sat= 60- 90 P1 v=        0.433 R= 3.272021  8.600020 lock= 0 x=-32.997 P=90.283
3 before filter x=-1276971.6985 -4717197.4739 4087248.1908 -0.0019 -0.0009 -0.0021 -0.0008 -0.0007 -0.0007
3 after filter x=-1276971.7038 -4717197.4783 4087248.1800 -0.0018 0.0006 -0.0019 -0.0008 0.0000 -0.0006
3 posvar=0.412991 
3 zdres: n=24 rr=-1276971.70 -4717197.48 4087248.18
3 unhealthy satellite: sat=7 svh=3f
3 y=
        0.000   1641068.176         0.000   1641076.841   1641065.786   1641064.006         0.000   1641069.850   1641045.747   1641074.570   1641081.750   1641098.440   1641079.508   1641077.453   1641075.574         0.000   1641089.144   1641061.916   1641059.905   1641059.989   1641069.361   1641060.809   1641062.174   1641066.676
        0.000   1641058.646         0.000   1641077.155   1641063.752         0.000         0.000   1641069.927   1641048.634         0.000   1641076.984   1641090.676   1641075.174         0.000   1641074.784         0.000   1641078.604         0.000         0.000         0.000         0.000         0.000         0.000         0.000
        0.000   1641065.669         0.000   1641071.012   1641066.682   1641064.365         0.000   1641068.998   1641069.636   1641077.317   1641080.536   1641082.076   1641078.397   1641072.354   1641076.836         0.000   1641077.078   1641062.605   1641060.279   1641061.689   1641062.060   1641063.189   1641064.208   1641064.233
        0.000   1641062.540         0.000   1641069.784   1641063.647         0.000         0.000   1641066.569   1641067.312         0.000   1641075.990   1641077.935   1641075.548         0.000   1641072.814         0.000   1641077.819         0.000         0.000         0.000         0.000         0.000         0.000         0.000
3 ddres   : dt=0.0050 ns=19
3 sat=  9-  4 L1 v=        0.000 R= 0.000037  0.000042 lock= 0 x=-24.748 P=92.861
3 sat=  9-  8 L1 v=        0.001 R= 0.000037  0.000092 lock= 0 x=-5.251 P=94.664
3 sat=  9- 16 L1 v=       -0.000 R= 0.000037  0.000063 lock= 0 x=-50.938 P=95.695
3 sat=  9- 27 L1 v=        0.001 R= 0.000037  0.000067 lock= 0 x=-38.798 P=93.750
3 sat=  9- 30 L1 v=        0.001 R= 0.000037  0.000253 lock= 0 x=-141.008 P=107.237
3 sat=  9-  4 P1 v=        0.337 R= 3.336554  3.786595 lock= 0 x=-24.748 P=92.861
3 sat=  9-  8 P1 v=       -0.199 R= 3.336554  8.318752 lock= 0 x=-5.251 P=94.664
3 sat=  9- 16 P1 v=        0.365 R= 3.336554  5.652125 lock= 0 x=-50.938 P=95.695
3 sat=  9- 27 P1 v=       -0.194 R= 3.336554  6.039596 lock= 0 x=-38.798 P=93.750
3 sat=  9- 30 P1 v=       -0.621 R= 3.336554 22.738852 lock= 0 x=-141.008 P=107.237
3 sat= 39- 38 L1 v=        0.001 R= 0.000091  0.000121 lock= 0 x=-61.400 P=107.435
3 sat= 39- 40 L1 v=        0.001 R= 0.000091  0.000395 lock= 0 x=89.021 P=108.278
3 sat= 39- 41 L1 v=        0.001 R= 0.000091  0.000092 lock= 0 x=-50.020 P=104.164
3 sat= 39- 42 L1 v=       -0.004 R= 0.000091  0.000341 lock= 0 x=-11.197 P=107.309
3 sat= 39- 48 L1 v=       -0.000 R= 0.000091  0.000132 lock= 0 x=-46.249 P=106.230
3 sat= 39- 40 L2 v=       -0.002 R= 0.000091  0.000395 lock= 0 x=27.572 P=154.916
3 sat= 39- 41 L2 v=        0.001 R= 0.000091  0.000092 lock= 0 x=-75.061 P=152.061
3 sat= 39- 48 L2 v=       -0.001 R= 0.000091  0.000132 lock= 0 x=-54.049 P=152.591
3 sat= 39- 38 P1 v=        1.496 R= 8.231257 10.907998 lock= 0 x=-61.400 P=107.435
3 sat= 39- 40 P1 v=        0.259 R= 8.231257 35.582713 lock= 0 x=89.021 P=108.278
3 sat= 39- 41 P1 v=        2.048 R= 8.231257  8.267535 lock= 0 x=-50.020 P=104.164
3 sat= 39- 42 P1 v=        2.594 R= 8.231257 30.682815 lock= 0 x=-11.197 P=107.309
3 sat= 39- 48 P1 v=        2.044 R= 8.231257 11.910506 lock= 0 x=-46.249 P=106.230
3 sat= 39- 40 P2 v=       -0.560 R= 8.231257 35.582713 lock= 0 x=27.572 P=154.916
3 sat= 39- 41 P2 v=       -0.820 R= 8.231257  8.267535 lock= 0 x=-75.061 P=152.061
3 sat= 39- 48 P2 v=       -0.245 R= 8.231257 11.910506 lock= 0 x=-54.049 P=152.591
3 sat= 60- 63 L1 v=        0.002 R= 0.000036  0.000039 lock= 0 x=-60.037 P=85.522
3 sat= 60- 68 L1 v=        0.002 R= 0.000036  0.000169 lock= 0 x=-29.322 P=94.667
3 sat= 60- 73 L1 v=        0.002 R= 0.000036  0.000106 lock= 0 x=-7.141 P=90.223
3 sat= 60- 78 L1 v=       -0.001 R= 0.000036  0.000060 lock= 0 x=-12.247 P=87.725
3 sat= 60- 80 L1 v=        0.001 R= 0.000036  0.000060 lock= 0 x=-71.735 P=88.806
3 sat= 60- 90 L1 v=       -0.000 R= 0.000036  0.000096 lock= 0 x=-32.954 P=89.703
3 sat= 60- 63 P1 v=        1.083 R= 3.272021  3.470760 lock= 0 x=-60.037 P=85.522
3 sat= 60- 68 P1 v=        1.131 R= 3.272021 15.189930 lock= 0 x=-29.322 P=94.667
3 sat= 60- 73 P1 v=        1.717 R= 3.272021  9.502654 lock= 0 x=-7.141 P=90.223
3 sat= 60- 78 P1 v=       -0.013 R= 3.272021  5.383575 lock= 0 x=-12.247 P=87.725
3 sat= 60- 80 P1 v=       -0.316 R= 3.272021  5.407839 lock= 0 x=-71.735 P=88.806
3 sat= 60- 90 P1 v=        0.423 R= 3.272021  8.600020 lock= 0 x=-32.954 P=89.703
3 valpos  : nv=38 thres=4.0
3 posvar=0.412991
3 prevRatios = 0.000 0.000
3 Skip AR
3 sol_rr=    -1276971.704    -4717197.478     4087248.180          -0.002           0.001          -0.002
1 
---------------------------------------------------------
1 relpos: dt=0.005 nu=24 nr=26
1 ---------------------------------------------------------
3 satposs  : teph= 2020/12/24 22:08:13.005 n=24 ephopt=0
3 satposs  : teph= 2020/12/24 22:08:13.000 n=26 ephopt=0
3 base station:
3 zdres: n=26 rr=-1283433.94 -4713073.29 4090105.09
3 sat= 4 rs=   -24250.961 -24819434.001   9390486.012 dts=-0.0001671607 az= 141.7 el= 59.8
3 unhealthy satellite: sat=7 svh=3f
3 sat= 8 rs=  5087549.642 -25892961.319   -902822.104 dts=-0.0000040917 az= 143.6 el= 29.4
3 sat= 9 rs= -9326157.846 -17089186.525  17992082.068 dts=-0.0003052094 az= 289.2 el= 76.4
3 sat=16 rs=  9882034.739 -11068336.412  21778531.154 dts=-0.0002551587 az=  47.3 el= 39.3
3 sat=27 rs= 12304673.544 -20708583.017  10629104.403 dts=-0.0000418402 az=  98.7 el= 37.2
3 sat=30 rs=-24346198.095  -1711362.429  10787691.428 dts=-0.0003578175 az= 277.6 el= 16.2
3 sat=38 rs= -8297734.709 -23979801.915   2444312.449 dts= 0.0001897532 az= 186.7 el= 45.1
3 sat=39 rs=-12385398.117 -13618041.860  17664467.904 dts=-0.0000419300 az= 289.5 el= 63.2
3 sat=40 rs=-10313718.316   3882491.517  23052049.134 dts=-0.0000564558 az= 329.1 el= 19.8
3 sat=41 rs=-11250537.869 -12568914.255  19175474.939 dts= 0.0000148842 az= 303.3 el= 62.7
3 sat=42 rs=-23313330.889  -8588260.763   5597336.708 dts=-0.0000649858 az= 256.2 el= 21.6
3 sat=48 rs=  7023941.325  -9579282.603  22565197.146 dts=-0.0000094939 az=  36.6 el= 41.6
3 sat=60 rs= -8815841.378 -20469246.720  19477965.089 dts=-0.0010103685 az= 282.5 el= 82.1
3 sat=63 rs=-13414725.516 -18077441.475  19216498.470 dts=-0.0006747669 az= 278.3 el= 69.4
3 sat=68 rs=-16813754.133   4293633.977  23974257.018 dts= 0.0058217664 az= 316.3 el= 20.3
3 sat=73 rs=  6526881.692 -28205595.713  -2404840.391 dts=-0.0012706424 az= 143.1 el= 26.9
3 sat=78 rs=  -569778.617 -29563486.143   1297851.673 dts= 0.0001612758 az= 157.5 el= 40.9
3 sat=80 rs= 11080754.372 -12490090.946  24443464.069 dts=-0.0006390822 az=  47.5 el= 40.8
3 sat=90 rs=-24352031.649 -16595144.995   2750051.974 dts=-0.0004767740 az= 237.2 el= 28.8
3 y=
        0.000         8.928         0.000        13.884        14.619         9.740         0.000        13.277         8.624        17.176        14.839        12.924        19.980        10.654        15.337         0.000         0.000         0.000        10.892        10.637         4.874         0.000        10.025         2.438        15.127        12.249
        0.000         0.000         0.000         0.000         0.000         0.000         0.000         0.000         0.000         0.000        24.053        21.340        30.530         0.000        25.077         0.000         0.000         0.000         0.000         0.000         0.000         0.000         0.000         0.000         0.000         0.000
        0.000         2.197         0.000         7.016         2.916         0.919         0.000         5.054         5.221         8.564        10.338        12.118        10.270         4.847         8.506         0.000         0.000         0.000         1.168        -0.082         1.441         0.000         2.381         1.827         2.471         3.269
        0.000         0.000         0.000         0.000         0.000         0.000         0.000         0.000         0.000         0.000        13.700        14.828        12.412         0.000        10.384         0.000         0.000         0.000         0.000         0.000         0.000         0.000         0.000         0.000         0.000         0.000
3 selsat  : nu=24 nr=26
3 before udstate: x=-1276971.7038 -4717197.4783 4087248.1800 -0.0018 0.0006 -0.0019 -0.0008 0.0000 -0.0006
3 udstate : ns=19
3 udpos : tt=1.000
3 pos var too high for accel term: 0.4130
3 udbias  : tt=1.000 ns=19
3 after udstate x=-1276971.7055 -4717197.4777 4087248.1782 -0.0026 0.0006 -0.0025 -0.0008 0.0000 -0.0006
3 rover: dt=0.005
3 zdres: n=24 rr=-1276971.71 -4717197.48 4087248.18
3 unhealthy satellite: sat=7 svh=3f
3 y=
        0.000   1641151.053         0.000   1641159.721   1641148.664   1641146.882         0.000   1641152.728   1641128.630   1641157.447   1641164.636   1641181.322   1641162.385   1641160.331   1641158.449         0.000   1641172.020   1641144.796   1641142.787   1641142.871   1641152.238   1641143.689   1641145.049   1641149.557
        0.000   1641141.527         0.000   1641160.037   1641146.633         0.000         0.000   1641152.807   1641131.514         0.000   1641159.868   1641173.555   1641158.050         0.000   1641157.657         0.000   1641161.478         0.000         0.000         0.000         0.000         0.000         0.000         0.000
        0.000   1641148.497         0.000   1641153.833   1641149.588   1641147.210         0.000   1641151.817   1641152.583   1641160.227   1641163.420   1641165.068   1641161.294   1641155.235   1641159.731         0.000   1641160.020   1641145.306   1641143.205   1641144.477   1641145.073   1641146.173   1641146.885   1641147.316
        0.000   1641145.436         0.000   1641152.740   1641146.503         0.000         0.000   1641149.381   1641150.064         0.000   1641158.852   1641160.841   1641158.401         0.000   1641155.718         0.000   1641160.749         0.000         0.000         0.000         0.000         0.000         0.000         0.000
3 ddres   : dt=0.0050 ns=19
3 sat=  9-  4 L1 v=        0.001 R= 0.000037  0.000042 lock= 0 x=-24.694 P=92.861
3 sat=  9-  8 L1 v=       -0.000 R= 0.000037  0.000092 lock= 0 x=-5.197 P=94.664
3 sat=  9- 16 L1 v=       -0.000 R= 0.000037  0.000063 lock= 0 x=-50.884 P=95.695
3 sat=  9- 27 L1 v=        0.001 R= 0.000037  0.000067 lock= 0 x=-38.744 P=93.750
3 sat=  9- 30 L1 v=       -0.004 R= 0.000037  0.000253 lock= 0 x=-140.954 P=107.237
3 sat=  9-  4 P1 v=        0.372 R= 3.336470  3.786947 lock= 0 x=-24.694 P=92.861
3 sat=  9-  8 P1 v=       -0.145 R= 3.336470  8.315957 lock= 0 x=-5.197 P=94.664
3 sat=  9- 16 P1 v=        0.381 R= 3.336470  5.653357 lock= 0 x=-50.884 P=95.695
3 sat=  9- 27 P1 v=       -0.091 R= 3.336470  6.038966 lock= 0 x=-38.744 P=93.750
3 sat=  9- 30 P1 v=       -0.689 R= 3.336470 22.725686 lock= 0 x=-140.954 P=107.237
3 sat= 39- 38 L1 v=       -0.003 R= 0.000091  0.000121 lock= 0 x=-61.346 P=107.435
3 sat= 39- 40 L1 v=       -0.001 R= 0.000091  0.000395 lock= 0 x=89.075 P=108.278
3 sat= 39- 41 L1 v=        0.002 R= 0.000091  0.000092 lock= 0 x=-49.966 P=104.164
3 sat= 39- 42 L1 v=       -0.004 R= 0.000091  0.000341 lock= 0 x=-11.143 P=107.309
3 sat= 39- 48 L1 v=        0.004 R= 0.000091  0.000132 lock= 0 x=-46.195 P=106.230
3 sat= 39- 40 L2 v=       -0.002 R= 0.000091  0.000395 lock= 0 x=27.448 P=154.916
3 sat= 39- 41 L2 v=        0.000 R= 0.000091  0.000092 lock= 0 x=-75.186 P=152.061
3 sat= 39- 48 L2 v=        0.003 R= 0.000091  0.000132 lock= 0 x=-54.173 P=152.591
3 sat= 39- 38 P1 v=        1.420 R= 8.231003 10.910460 lock= 0 x=-61.346 P=107.435
3 sat= 39- 40 P1 v=        0.133 R= 8.231003 35.559929 lock= 0 x=89.075 P=108.278
3 sat= 39- 41 P1 v=        2.058 R= 8.231003  8.267384 lock= 0 x=-49.966 P=104.164
3 sat= 39- 42 P1 v=        2.694 R= 8.231003 30.669440 lock= 0 x=-11.143 P=107.309
3 sat= 39- 48 P1 v=        1.857 R= 8.231003 11.912700 lock= 0 x=-46.195 P=106.230
3 sat= 39- 40 P2 v=       -0.860 R= 8.231003 35.559929 lock= 0 x=27.448 P=154.916
3 sat= 39- 41 P2 v=       -0.837 R= 8.231003  8.267384 lock= 0 x=-75.186 P=152.061
3 sat= 39- 48 P2 v=       -0.182 R= 8.231003 11.912700 lock= 0 x=-54.173 P=152.591
3 sat= 60- 63 L1 v=        0.001 R= 0.000036  0.000039 lock= 0 x=-59.983 P=85.522
3 sat= 60- 68 L1 v=        0.000 R= 0.000036  0.000169 lock= 0 x=-29.268 P=94.667
3 sat= 60- 73 L1 v=        0.004 R= 0.000036  0.000106 lock= 0 x=-7.087 P=90.223
3 sat= 60- 78 L1 v=       -0.005 R= 0.000036  0.000060 lock= 0 x=-12.193 P=87.725
3 sat= 60- 80 L1 v=        0.004 R= 0.000036  0.000060 lock= 0 x=-71.681 P=88.806
3 sat= 60- 90 L1 v=       -0.002 R= 0.000036  0.000096 lock= 0 x=-32.900 P=89.703
3 sat= 60- 63 P1 v=        0.851 R= 3.272006  3.470705 lock= 0 x=-59.983 P=85.522
3 sat= 60- 68 P1 v=        1.102 R= 3.272006 15.183400 lock= 0 x=-29.268 P=94.667
3 sat= 60- 73 P1 v=        1.446 R= 3.272006  9.499975 lock= 0 x=-7.087 P=90.223
3 sat= 60- 78 P1 v=       -0.208 R= 3.272006  5.384552 lock= 0 x=-12.193 P=87.725
3 sat= 60- 80 P1 v=       -0.275 R= 3.272006  5.408675 lock= 0 x=-71.681 P=88.806
3 sat= 60- 90 P1 v=        0.091 R= 3.272006  8.597853 lock= 0 x=-32.900 P=89.703
3 before filter x=-1276971.7055 -4717197.4777 4087248.1782 -0.0026 0.0006 -0.0025 -0.0008 0.0000 -0.0006
3 after filter x=-1276971.7031 -4717197.5087 4087248.2005 0.0019 -0.0008 0.0040 0.0014 -0.0007 0.0026
3 posvar=0.371802 
3 zdres: n=24 rr=-1276971.70 -4717197.51 4087248.20
3 unhealthy satellite: sat=7 svh=3f
3 y=
        0.000   1641151.089         0.000   1641159.746   1641148.697   1641146.911         0.000   1641152.759   1641128.630   1641157.473   1641164.664   1641181.328   1641162.413   1641160.335   1641158.477         0.000   1641172.039   1641144.831   1641142.818   1641142.876   1641152.262   1641143.718   1641145.078   1641149.568
        0.000   1641141.563         0.000   1641160.062   1641146.666         0.000         0.000   1641152.837   1641131.514         0.000   1641159.896   1641173.561   1641158.078         0.000   1641157.685         0.000   1641161.497         0.000         0.000         0.000         0.000         0.000         0.000         0.000
        0.000   1641148.532         0.000   1641153.857   1641149.622   1641147.238         0.000   1641151.847   1641152.583   1641160.253   1641163.449   1641165.074   1641161.322   1641155.240   1641159.759         0.000   1641160.039   1641145.341   1641143.236   1641144.482   1641145.097   1641146.202   1641146.914   1641147.327
        0.000   1641145.471         0.000   1641152.764   1641146.537         0.000         0.000   1641149.411   1641150.064         0.000   1641158.881   1641160.847   1641158.429         0.000   1641155.746         0.000   1641160.768         0.000         0.000         0.000         0.000         0.000         0.000         0.000
3 ddres   : dt=0.0050 ns=19
3 sat=  9-  4 L1 v=        0.001 R= 0.000037  0.000042 lock= 0 x=-24.661 P=92.780
3 sat=  9-  8 L1 v=        0.001 R= 0.000037  0.000092 lock= 0 x=-5.216 P=94.391
3 sat=  9- 16 L1 v=       -0.002 R= 0.000037  0.000063 lock= 0 x=-50.901 P=95.333
3 sat=  9- 27 L1 v=       -0.000 R= 0.000037  0.000067 lock= 0 x=-38.744 P=93.587
3 sat=  9- 30 L1 v=       -0.001 R= 0.000037  0.000253 lock= 0 x=-141.092 P=105.815
3 sat=  9-  4 P1 v=        0.370 R= 3.336470  3.786947 lock= 0 x=-24.661 P=92.780
3 sat=  9-  8 P1 v=       -0.136 R= 3.336470  8.315957 lock= 0 x=-5.216 P=94.391
3 sat=  9- 16 P1 v=        0.386 R= 3.336470  5.653357 lock= 0 x=-50.901 P=95.333
3 sat=  9- 27 P1 v=       -0.088 R= 3.336470  6.038966 lock= 0 x=-38.744 P=93.587
3 sat=  9- 30 P1 v=       -0.656 R= 3.336470 22.725686 lock= 0 x=-141.092 P=105.815
3 sat= 39- 38 L1 v=       -0.001 R= 0.000091  0.000121 lock= 0 x=-61.301 P=106.920
3 sat= 39- 40 L1 v=       -0.001 R= 0.000091  0.000395 lock= 0 x=88.999 P=107.759
3 sat= 39- 41 L1 v=        0.001 R= 0.000091  0.000092 lock= 0 x=-49.925 P=103.991
3 sat= 39- 42 L1 v=       -0.000 R= 0.000091  0.000341 lock= 0 x=-11.209 P=106.822
3 sat= 39- 48 L1 v=        0.001 R= 0.000091  0.000132 lock= 0 x=-46.167 P=105.889
3 sat= 39- 40 L2 v=       -0.002 R= 0.000091  0.000395 lock= 0 x=27.384 P=154.630
3 sat= 39- 41 L2 v=       -0.000 R= 0.000091  0.000092 lock= 0 x=-75.158 P=151.968
3 sat= 39- 48 L2 v=        0.001 R= 0.000091  0.000132 lock= 0 x=-54.156 P=152.469
3 sat= 39- 38 P1 v=        1.422 R= 8.231003 10.910460 lock= 0 x=-61.301 P=106.920
3 sat= 39- 40 P1 v=        0.155 R= 8.231003 35.559929 lock= 0 x=88.999 P=107.759
3 sat= 39- 41 P1 v=        2.058 R= 8.231003  8.267384 lock= 0 x=-49.925 P=103.991
3 sat= 39- 42 P1 v=        2.718 R= 8.231003 30.669440 lock= 0 x=-11.209 P=106.822
3 sat= 39- 48 P1 v=        1.857 R= 8.231003 11.912700 lock= 0 x=-46.167 P=105.889
3 sat= 39- 40 P2 v=       -0.838 R= 8.231003 35.559929 lock= 0 x=27.384 P=154.630
3 sat= 39- 41 P2 v=       -0.837 R= 8.231003  8.267384 lock= 0 x=-75.158 P=151.968
3 sat= 39- 48 P2 v=       -0.182 R= 8.231003 11.912700 lock= 0 x=-54.156 P=152.469
3 sat= 60- 63 L1 v=        0.002 R= 0.000036  0.000039 lock= 0 x=-59.964 P=85.427
3 sat= 60- 68 L1 v=        0.001 R= 0.000036  0.000169 lock= 0 x=-29.382 P=93.682
3 sat= 60- 73 L1 v=        0.005 R= 0.000036  0.000106 lock= 0 x=-7.102 P=89.646
3 sat= 60- 78 L1 v=       -0.003 R= 0.000036  0.000060 lock= 0 x=-12.178 P=87.408
3 sat= 60- 80 L1 v=        0.001 R= 0.000036  0.000060 lock= 0 x=-71.683 P=88.403
3 sat= 60- 90 L1 v=        0.001 R= 0.000036  0.000096 lock= 0 x=-32.967 P=89.222
3 sat= 60- 63 P1 v=        0.855 R= 3.272006  3.470705 lock= 0 x=-59.964 P=85.427
3 sat= 60- 68 P1 v=        1.132 R= 3.272006 15.183400 lock= 0 x=-29.382 P=93.682
3 sat= 60- 73 P1 v=        1.458 R= 3.272006  9.499975 lock= 0 x=-7.102 P=89.646
3 sat= 60- 78 P1 v=       -0.202 R= 3.272006  5.384552 lock= 0 x=-12.178 P=87.408
3 sat= 60- 80 P1 v=       -0.269 R= 3.272006  5.408675 lock= 0 x=-71.683 P=88.403
3 sat= 60- 90 P1 v=        0.116 R= 3.272006  8.597853 lock= 0 x=-32.967 P=89.222
3 valpos  : nv=38 thres=4.0
3 posvar=0.371802
3 prevRatios = 0.000 0.000
3 Skip AR
3 sol_rr=    -1276971.703    -4717197.509     4087248.201           0.002          -0.001           0.004
1 
---------------------------------------------------------
1 relpos: dt=0.005 nu=24 nr=26
1 ---------------------------------------------------------
3 satposs  : teph= 2020/12/24 22:08:14.005 n=24 ephopt=0
3 satposs  : teph= 2020/12/24 22:08:14.000 n=26 ephopt=0
3 base station:
3 zdres: n=26 rr=-1283433.94 -4713073.29 4090105.09
3 sat= 4 rs=   -23683.739 -24820516.359   9387620.970 dts=-0.0001671607 az= 141.7 el= 59.7
3 unhealthy satellite: sat=7 svh=3f
3 sat= 8 rs=  5087850.788 -25893014.178   -899613.840 dts=-0.0000040917 az= 143.6 el= 29.4
3 sat= 9 rs= -9325491.598 -17091395.781  17990333.121 dts=-0.0003052094 az= 289.2 el= 76.4
3 sat=16 rs=  9883928.474 -11066248.429  21778775.473 dts=-0.0002551587 az=  47.3 el= 39.3
3 sat=27 rs= 12304580.019 -20707184.600  10631931.886 dts=-0.0000418402 az=  98.7 el= 37.2
3 sat=30 rs=-24344958.225  -1711992.309  10790378.802 dts=-0.0003578175 az= 277.6 el= 16.2
3 sat=38 rs= -8297962.599 -23980085.947   2440770.769 dts= 0.0001897532 az= 186.7 el= 45.1
3 sat=39 rs=-12386125.856 -13620345.666  17662173.251 dts=-0.0000419300 az= 289.5 el= 63.2
3 sat=40 rs=-10314530.017   3879455.112  23052195.398 dts=-0.0000564558 az= 329.1 el= 19.8
3 sat=41 rs=-11248017.117 -12568204.750  19177414.134 dts= 0.0000148842 az= 303.3 el= 62.7
3 sat=42 rs=-23312621.118  -8587927.896   5600804.120 dts=-0.0000649858 az= 256.2 el= 21.6
3 sat=48 rs=  7026957.018  -9578596.692  22564562.312 dts=-0.0000094939 az=  36.6 el= 41.6
3 sat=60 rs= -8814199.042 -20468184.178  19479825.992 dts=-0.0010103685 az= 282.5 el= 82.1
3 sat=63 rs=-13414724.472 -18079368.898  19214686.046 dts=-0.0006747669 az= 278.3 el= 69.4
3 sat=68 rs=-16813731.758   4291228.909  23974704.268 dts= 0.0058217664 az= 316.3 el= 20.3
3 sat=73 rs=  6526971.567 -28205210.278  -2402039.410 dts=-0.0012706424 az= 143.1 el= 26.9
3 sat=78 rs=  -569829.610 -29563617.115   1294850.116 dts= 0.0001612758 az= 157.6 el= 40.9
3 sat=80 rs= 11082870.202 -12488850.006  24443139.571 dts=-0.0006390822 az=  47.5 el= 40.8
3 sat=90 rs=-24351852.638 -16594907.358   2753080.877 dts=-0.0004767740 az= 237.2 el= 28.9
3 y=
        0.000         8.898         0.000        13.855        14.588         9.707         0.000        13.248         8.592        17.142        14.816        12.899        19.949        10.623        15.307         0.000         0.000         0.000        10.861        10.604         4.842         0.000         9.997         2.410        15.097        12.217
        0.000         0.000         0.000         0.000         0.000         0.000         0.000         0.000         0.000         0.000        24.031        21.318        30.500         0.000        25.046         0.000         0.000         0.000         0.000         0.000         0.000         0.000         0.000         0.000         0.000         0.000
        0.000         2.184         0.000         7.034         2.897         0.798         0.000         5.139         5.216         8.599        10.402        12.108        10.309         4.936         8.449         0.000         0.000         0.000         1.151        -0.092         1.502         0.000         2.378         1.784         2.444         3.206
        0.000         0.000         0.000         0.000         0.000         0.000         0.000         0.000         0.000         0.000        13.607        14.895        12.343         0.000        10.470         0.000         0.000         0.000         0.000         0.000         0.000         0.000         0.000         0.000         0.000         0.000
3 selsat  : nu=24 nr=26
3 before udstate: x=-1276971.7031 -4717197.5087 4087248.2005 0.0019 -0.0008 0.0040 0.0014 -0.0007 0.0026
3 udstate : ns=19
3 udpos : tt=1.000
3 pos var too high for accel term: 0.3718
3 udbias  : tt=1.000 ns=19
3 after udstate x=-1276971.7012 -4717197.5095 4087248.2045 0.0033 -0.0015 0.0067 0.0014 -0.0007 0.0026
3 rover: dt=0.005
3 zdres: n=24 rr=-1276971.70 -4717197.51 4087248.20
3 unhealthy satellite: sat=7 svh=3f
3 y=
        0.000   1641233.946         0.000   1641242.601   1641231.555   1641229.766         0.000   1641235.617   1641211.483   1641240.322   1641247.527   1641264.188   1641245.270   1641243.188   1641241.336         0.000   1641254.895   1641227.686   1641225.672   1641225.729   1641235.119   1641226.572   1641227.938   1641232.419
        0.000   1641224.417         0.000   1641242.918   1641229.521         0.000         0.000   1641235.695   1641214.370         0.000   1641242.762   1641256.423   1641240.933         0.000   1641240.544         0.000   1641244.356         0.000         0.000         0.000         0.000         0.000         0.000         0.000
        0.000   1641231.334         0.000   1641236.665   1641232.544   1641230.103         0.000   1641234.679   1641235.511   1641243.172   1641246.416   1641247.997   1641244.210   1641238.065   1641242.664         0.000   1641243.062   1641228.205   1641226.201   1641227.412   1641228.053   1641229.214   1641229.817   1641229.943
        0.000   1641228.288         0.000   1641235.655   1641229.380         0.000         0.000   1641232.185   1641232.848         0.000   1641241.782   1641243.680   1641241.277         0.000   1641238.698         0.000   1641243.601         0.000         0.000         0.000         0.000         0.000         0.000         0.000
3 ddres   : dt=0.0050 ns=19
3 sat=  9-  4 L1 v=        0.002 R= 0.000037  0.000042 lock= 0 x=-24.648 P=92.780
3 sat=  9-  8 L1 v=        0.005 R= 0.000037  0.000092 lock= 0 x=-5.204 P=94.391
3 sat=  9- 16 L1 v=       -0.002 R= 0.000037  0.000063 lock= 0 x=-50.888 P=95.333
3 sat=  9- 27 L1 v=        0.001 R= 0.000037  0.000067 lock= 0 x=-38.731 P=93.587
3 sat=  9- 30 L1 v=        0.002 R= 0.000037  0.000252 lock= 0 x=-141.080 P=105.815
3 sat=  9-  4 P1 v=        0.498 R= 3.336386  3.787299 lock= 0 x=-24.648 P=92.780
3 sat=  9-  8 P1 v=        0.017 R= 3.336386  8.313163 lock= 0 x=-5.204 P=94.391
3 sat=  9- 16 P1 v=        0.342 R= 3.336386  5.654590 lock= 0 x=-50.888 P=95.333
3 sat=  9- 27 P1 v=        0.108 R= 3.336386  6.038336 lock= 0 x=-38.731 P=93.587
3 sat=  9- 30 P1 v=       -0.647 R= 3.336386 22.712533 lock= 0 x=-141.080 P=105.815
3 sat= 39- 38 L1 v=        0.003 R= 0.000091  0.000121 lock= 0 x=-61.289 P=106.920
3 sat= 39- 40 L1 v=        0.001 R= 0.000091  0.000395 lock= 0 x=89.012 P=107.759
3 sat= 39- 41 L1 v=       -0.001 R= 0.000091  0.000092 lock= 0 x=-49.912 P=103.991
3 sat= 39- 42 L1 v=        0.002 R= 0.000091  0.000341 lock= 0 x=-11.196 P=106.822
3 sat= 39- 48 L1 v=       -0.002 R= 0.000091  0.000132 lock= 0 x=-46.154 P=105.889
3 sat= 39- 40 L2 v=        0.002 R= 0.000091  0.000395 lock= 0 x=27.388 P=154.630
3 sat= 39- 41 L2 v=        0.003 R= 0.000091  0.000092 lock= 0 x=-75.154 P=151.968
3 sat= 39- 48 L2 v=       -0.001 R= 0.000091  0.000132 lock= 0 x=-54.152 P=152.469
3 sat= 39- 38 P1 v=        1.441 R= 8.230750 10.912925 lock= 0 x=-61.289 P=106.920
3 sat= 39- 40 P1 v=        0.125 R= 8.230750 35.537170 lock= 0 x=89.012 P=107.759
3 sat= 39- 41 P1 v=        2.113 R= 8.230750  8.267232 lock= 0 x=-49.912 P=103.991
3 sat= 39- 42 P1 v=        2.885 R= 8.230750 30.656076 lock= 0 x=-11.196 P=106.822
3 sat= 39- 48 P1 v=        1.800 R= 8.230750 11.914895 lock= 0 x=-46.154 P=105.889
3 sat= 39- 40 P2 v=       -0.610 R= 8.230750 35.537170 lock= 0 x=27.388 P=154.630
3 sat= 39- 41 P2 v=       -0.759 R= 8.230750  8.267232 lock= 0 x=-75.154 P=151.968
3 sat= 39- 48 P2 v=       -0.052 R= 8.230750 11.914895 lock= 0 x=-54.152 P=152.469
3 sat= 60- 63 L1 v=        0.000 R= 0.000036  0.000039 lock= 0 x=-59.951 P=85.427
3 sat= 60- 68 L1 v=        0.001 R= 0.000036  0.000169 lock= 0 x=-29.369 P=93.682
3 sat= 60- 73 L1 v=        0.005 R= 0.000036  0.000106 lock= 0 x=-7.090 P=89.646
3 sat= 60- 78 L1 v=       -0.001 R= 0.000036  0.000060 lock= 0 x=-12.165 P=87.408
3 sat= 60- 80 L1 v=       -0.003 R= 0.000036  0.000060 lock= 0 x=-71.670 P=88.403
3 sat= 60- 90 L1 v=        0.003 R= 0.000036  0.000096 lock= 0 x=-32.955 P=89.222
3 sat= 60- 63 P1 v=        0.762 R= 3.271990  3.470651 lock= 0 x=-59.951 P=85.427
3 sat= 60- 68 P1 v=        1.144 R= 3.271990 15.176874 lock= 0 x=-29.369 P=93.682
3 sat= 60- 73 P1 v=        1.380 R= 3.271990  9.497297 lock= 0 x=-7.090 P=89.646
3 sat= 60- 78 P1 v=       -0.375 R= 3.271990  5.385530 lock= 0 x=-12.165 P=87.408
3 sat= 60- 80 P1 v=       -0.319 R= 3.271990  5.409511 lock= 0 x=-71.670 P=88.403
3 sat= 60- 90 P1 v=        0.318 R= 3.271990  8.595687 lock= 0 x=-32.955 P=89.222
3 before filter x=-1276971.7012 -4717197.5095 4087248.2045 0.0033 -0.0015 0.0067 0.0014 -0.0007 0.0026
3 after filter x=-1276971.7018 -4717197.5154 4087248.2068 0.0006 -0.0000 -0.0025 0.0001 0.0001 -0.0019
3 posvar=0.337466 
3 zdres: n=24 rr=-1276971.70 -4717197.52 4087248.21
3 unhealthy satellite: sat=7 svh=3f
3 y=
        0.000   1641233.953         0.000   1641242.606   1641231.560   1641229.769         0.000   1641235.621   1641211.484   1641240.327   1641247.532   1641264.188   1641245.275   1641243.190   1641241.339         0.000   1641254.897   1641227.691   1641225.677   1641225.729   1641235.124   1641226.577   1641227.941   1641232.422
        0.000   1641224.423         0.000   1641242.923   1641229.526         0.000         0.000   1641235.700   1641214.370         0.000   1641242.767   1641256.423   1641240.938         0.000   1641240.547         0.000   1641244.358         0.000         0.000         0.000         0.000         0.000         0.000         0.000
        0.000   1641231.340         0.000   1641236.669   1641232.550   1641230.107         0.000   1641234.684   1641235.511   1641243.178   1641246.421   1641247.997   1641244.214   1641238.067   1641242.667         0.000   1641243.064   1641228.211   1641226.206   1641227.412   1641228.058   1641229.220   1641229.821   1641229.946
        0.000   1641228.294         0.000   1641235.659   1641229.386         0.000         0.000   1641232.190   1641232.848         0.000   1641241.787   1641243.680   1641241.281         0.000   1641238.701         0.000   1641243.603         0.000         0.000         0.000         0.000         0.000         0.000         0.000
3 ddres   : dt=0.0050 ns=19
3 sat=  9-  4 L1 v=        0.001 R= 0.000037  0.000042 lock= 0 x=-24.642 P=92.712
3 sat=  9-  8 L1 v=        0.002 R= 0.000037  0.000092 lock= 0 x=-5.215 P=94.165
3 sat=  9- 16 L1 v=       -0.000 R= 0.000037  0.000063 lock= 0 x=-50.883 P=95.030
3 sat=  9- 27 L1 v=        0.001 R= 0.000037  0.000067 lock= 0 x=-38.729 P=93.452
3 sat=  9- 30 L1 v=       -0.001 R= 0.000037  0.000252 lock= 0 x=-141.114 P=104.624
3 sat=  9-  4 P1 v=        0.497 R= 3.336386  3.787299 lock= 0 x=-24.642 P=92.712
3 sat=  9-  8 P1 v=        0.017 R= 3.336386  8.313163 lock= 0 x=-5.215 P=94.165
3 sat=  9- 16 P1 v=        0.344 R= 3.336386  5.654590 lock= 0 x=-50.883 P=95.030
3 sat=  9- 27 P1 v=        0.109 R= 3.336386  6.038336 lock= 0 x=-38.729 P=93.452
3 sat=  9- 30 P1 v=       -0.642 R= 3.336386 22.712533 lock= 0 x=-141.114 P=104.624
3 sat= 39- 38 L1 v=       -0.000 R= 0.000091  0.000121 lock= 0 x=-61.288 P=106.493
3 sat= 39- 40 L1 v=        0.001 R= 0.000091  0.000395 lock= 0 x=88.998 P=107.328
3 sat= 39- 41 L1 v=       -0.001 R= 0.000091  0.000092 lock= 0 x=-49.900 P=103.846
3 sat= 39- 42 L1 v=       -0.002 R= 0.000091  0.000341 lock= 0 x=-11.219 P=106.411
3 sat= 39- 48 L1 v=        0.000 R= 0.000091  0.000132 lock= 0 x=-46.140 P=105.602
3 sat= 39- 40 L2 v=        0.002 R= 0.000091  0.000395 lock= 0 x=27.374 P=154.392
3 sat= 39- 41 L2 v=        0.003 R= 0.000091  0.000092 lock= 0 x=-75.150 P=151.891
3 sat= 39- 48 L2 v=        0.001 R= 0.000091  0.000132 lock= 0 x=-54.145 P=152.366
3 sat= 39- 38 P1 v=        1.440 R= 8.230750 10.912925 lock= 0 x=-61.288 P=106.493
3 sat= 39- 40 P1 v=        0.130 R= 8.230750 35.537170 lock= 0 x=88.998 P=107.328
3 sat= 39- 41 P1 v=        2.113 R= 8.230750  8.267232 lock= 0 x=-49.900 P=103.846
3 sat= 39- 42 P1 v=        2.888 R= 8.230750 30.656076 lock= 0 x=-11.219 P=106.411
3 sat= 39- 48 P1 v=        1.801 R= 8.230750 11.914895 lock= 0 x=-46.140 P=105.602
3 sat= 39- 40 P2 v=       -0.605 R= 8.230750 35.537170 lock= 0 x=27.374 P=154.392
3 sat= 39- 41 P2 v=       -0.759 R= 8.230750  8.267232 lock= 0 x=-75.150 P=151.891
3 sat= 39- 48 P2 v=       -0.051 R= 8.230750 11.914895 lock= 0 x=-54.145 P=152.366
3 sat= 60- 63 L1 v=       -0.000 R= 0.000036  0.000039 lock= 0 x=-59.945 P=85.349
3 sat= 60- 68 L1 v=        0.000 R= 0.000036  0.000169 lock= 0 x=-29.391 P=92.862
3 sat= 60- 73 L1 v=        0.002 R= 0.000036  0.000106 lock= 0 x=-7.101 P=89.170
3 sat= 60- 78 L1 v=       -0.003 R= 0.000036  0.000060 lock= 0 x=-12.167 P=87.146
3 sat= 60- 80 L1 v=       -0.001 R= 0.000036  0.000060 lock= 0 x=-71.662 P=88.067
3 sat= 60- 90 L1 v=       -0.001 R= 0.000036  0.000096 lock= 0 x=-32.978 P=88.816
3 sat= 60- 63 P1 v=        0.762 R= 3.271990  3.470651 lock= 0 x=-59.945 P=85.349
3 sat= 60- 68 P1 v=        1.150 R= 3.271990 15.176874 lock= 0 x=-29.391 P=92.862
3 sat= 60- 73 P1 v=        1.381 R= 3.271990  9.497297 lock= 0 x=-7.101 P=89.170
3 sat= 60- 78 P1 v=       -0.375 R= 3.271990  5.385530 lock= 0 x=-12.167 P=87.146
3 sat= 60- 80 P1 v=       -0.317 R= 3.271990  5.409511 lock= 0 x=-71.662 P=88.067
3 sat= 60- 90 P1 v=        0.320 R= 3.271990  8.595687 lock= 0 x=-32.978 P=88.816
3 valpos  : nv=38 thres=4.0
3 posvar=0.337466
3 prevRatios = 0.000 0.000
3 Skip AR
3 sol_rr=    -1276971.702    -4717197.515     4087248.207           0.001          -0.000          -0.002
1 
---------------------------------------------------------
1 relpos: dt=0.005 nu=24 nr=26
1 ---------------------------------------------------------
3 satposs  : teph= 2020/12/24 22:08:15.005 n=24 ephopt=0
3 satposs  : teph= 2020/12/24 22:08:15.000 n=26 ephopt=0
3 base station:
3 zdres: n=26 rr=-1283433.94 -4713073.29 4090105.09
3 sat= 4 rs=   -23116.674 -24821598.403   9384755.728 dts=-0.0001671607 az= 141.7 el= 59.7
3 unhealthy satellite: sat=7 svh=3f
3 sat= 8 rs=  5088151.843 -25893066.657   -896405.557 dts=-0.0000040917 az= 143.6 el= 29.4
3 sat= 9 rs= -9324825.522 -17093604.859  17988583.788 dts=-0.0003052094 az= 289.2 el= 76.4
3 sat=16 rs=  9885822.352 -11064160.541  21779019.318 dts=-0.0002551587 az=  47.3 el= 39.3
3 sat=27 rs= 12304486.495 -20705785.826  10634759.137 dts=-0.0000418402 az=  98.7 el= 37.2
3 sat=30 rs=-24343718.066  -1712622.342  10793065.951 dts=-0.0003578175 az= 277.6 el= 16.2
3 sat=38 rs= -8298190.375 -23980369.496   2437229.031 dts= 0.0001897532 az= 186.7 el= 45.0
3 sat=39 rs=-12386853.700 -13622649.110  17659878.174 dts=-0.0000419300 az= 289.4 el= 63.2
3 sat=40 rs=-10315341.969   3876418.752  23052341.112 dts=-0.0000564558 az= 329.1 el= 19.8
3 sat=41 rs=-11245496.053 -12567495.378  19179352.870 dts= 0.0000148842 az= 303.3 el= 62.7
3 sat=42 rs=-23311910.860  -8587594.972   5604271.397 dts=-0.0000649858 az= 256.2 el= 21.6
3 sat=48 rs=  7029972.679  -9577911.042  22563926.936 dts=-0.0000094939 az=  36.6 el= 41.6
3 sat=60 rs= -8812556.462 -20467121.670  19481686.596 dts=-0.0010103685 az= 282.6 el= 82.1
3 sat=63 rs=-13414723.574 -18081296.139  19212873.327 dts=-0.0006747669 az= 278.3 el= 69.4
3 sat=68 rs=-16813709.564   4288823.794  23975151.149 dts= 0.0058217664 az= 316.3 el= 20.3
3 sat=73 rs=  6527061.427 -28204824.548  -2399238.390 dts=-0.0012706424 az= 143.1 el= 26.9
3 sat=78 rs=  -569880.616 -29563747.782   1291848.538 dts= 0.0001612758 az= 157.6 el= 40.9
3 sat=80 rs= 11084986.101 -12487609.249  24442814.697 dts=-0.0006390822 az=  47.5 el= 40.8
3 sat=90 rs=-24351673.348 -16594669.580   2756109.736 dts=-0.0004767740 az= 237.2 el= 28.9
3 y=
        0.000         8.832         0.000        13.791        14.524         9.639         0.000        13.182         8.528        17.073        14.755        12.844        19.884        10.557        15.241         0.000         0.000         0.000        10.795        10.541         4.779         0.000         9.932         2.344        15.030        12.155
        0.000         0.000         0.000         0.000         0.000         0.000         0.000         0.000         0.000         0.000        23.970        21.262        30.436         0.000        24.980         0.000         0.000         0.000         0.000         0.000         0.000         0.000         0.000         0.000         0.000         0.000
        0.000         2.123         0.000         7.020         2.836         0.724         0.000         5.031         5.149         8.646        10.369        12.041        10.239         4.530         8.437         0.000         0.000         0.000         1.076        -0.149         1.431         0.000         2.396         1.722         2.330         3.209
        0.000         0.000         0.000         0.000         0.000         0.000         0.000         0.000         0.000         0.000        13.556        14.859        12.295         0.000        10.350         0.000         0.000         0.000         0.000         0.000         0.000         0.000         0.000         0.000         0.000         0.000
3 selsat  : nu=24 nr=26
3 before udstate: x=-1276971.7018 -4717197.5154 4087248.2068 0.0006 -0.0000 -0.0025 0.0001 0.0001 -0.0019
3 udstate : ns=19
3 udpos : tt=1.000
3 pos var too high for accel term: 0.3375
3 udbias  : tt=1.000 ns=19
3 after udstate x=-1276971.7012 -4717197.5155 4087248.2043 0.0006 0.0000 -0.0044 0.0001 0.0001 -0.0019
3 rover: dt=0.005
3 zdres: n=24 rr=-1276971.70 -4717197.52 4087248.20
3 unhealthy satellite: sat=7 svh=3f
3 y=
        0.000   1641316.786         0.000   1641325.442   1641314.394   1641312.599         0.000   1641318.455   1641294.316   1641323.156   1641330.368   1641347.033   1641328.106   1641326.022   1641324.171         0.000   1641337.724   1641310.522   1641308.511   1641308.564   1641317.961   1641309.411   1641310.772   1641315.258
        0.000   1641307.255         0.000   1641325.757   1641312.358         0.000         0.000   1641318.533   1641297.208         0.000   1641325.602   1641339.264   1641323.769         0.000   1641323.378         0.000   1641327.189         0.000         0.000         0.000         0.000         0.000         0.000         0.000
        0.000   1641314.184         0.000   1641319.617   1641315.437   1641312.961         0.000   1641317.632   1641318.410   1641325.952   1641329.309   1641330.884   1641326.987   1641320.802   1641325.514         0.000   1641325.984   1641310.983   1641309.024   1641310.270   1641310.889   1641312.355   1641312.662   1641312.956
        0.000   1641311.126         0.000   1641318.506   1641312.230         0.000         0.000   1641315.107   1641315.575         0.000   1641324.643   1641326.452   1641324.100         0.000   1641321.605         0.000   1641326.415         0.000         0.000         0.000         0.000         0.000         0.000         0.000
3 ddres   : dt=0.0050 ns=19
3 sat=  9-  4 L1 v=       -0.001 R= 0.000037  0.000042 lock= 0 x=-24.852 P=92.712
3 sat=  9-  8 L1 v=       -0.001 R= 0.000037  0.000092 lock= 0 x=-5.425 P=94.165
3 sat=  9- 16 L1 v=       -0.000 R= 0.000037  0.000063 lock= 0 x=-51.093 P=95.030
3 sat=  9- 27 L1 v=       -0.001 R= 0.000037  0.000067 lock= 0 x=-38.939 P=93.452
3 sat=  9- 30 L1 v=        0.001 R= 0.000037  0.000252 lock= 0 x=-141.324 P=104.624
3 sat=  9-  4 P1 v=        0.539 R= 3.336301  3.787651 lock= 0 x=-24.852 P=92.712
3 sat=  9-  8 P1 v=        0.003 R= 3.336301  8.310371 lock= 0 x=-5.425 P=94.165
3 sat=  9- 16 P1 v=        0.363 R= 3.336301  5.655823 lock= 0 x=-51.093 P=95.030
3 sat=  9- 27 P1 v=        0.000 R= 3.336301  6.037706 lock= 0 x=-38.939 P=93.452
3 sat=  9- 30 P1 v=       -0.660 R= 3.336301 22.699392 lock= 0 x=-141.324 P=104.624
3 sat= 39- 38 L1 v=       -0.001 R= 0.000091  0.000121 lock= 0 x=-61.498 P=106.493
3 sat= 39- 40 L1 v=       -0.002 R= 0.000091  0.000395 lock= 0 x=88.789 P=107.328
3 sat= 39- 41 L1 v=        0.000 R= 0.000091  0.000092 lock= 0 x=-50.110 P=103.846
3 sat= 39- 42 L1 v=       -0.003 R= 0.000091  0.000340 lock= 0 x=-11.429 P=106.411
3 sat= 39- 48 L1 v=       -0.001 R= 0.000091  0.000132 lock= 0 x=-46.350 P=105.602
3 sat= 39- 40 L2 v=        0.002 R= 0.000091  0.000395 lock= 0 x=27.352 P=154.392
3 sat= 39- 41 L2 v=        0.004 R= 0.000091  0.000092 lock= 0 x=-75.172 P=151.891
3 sat= 39- 48 L2 v=        0.001 R= 0.000091  0.000132 lock= 0 x=-54.167 P=152.366
3 sat= 39- 38 P1 v=        1.634 R= 8.230496 10.915390 lock= 0 x=-61.498 P=106.493
3 sat= 39- 40 P1 v=        0.097 R= 8.230496 35.514438 lock= 0 x=88.789 P=107.328
3 sat= 39- 41 P1 v=        2.192 R= 8.230496  8.267081 lock= 0 x=-50.110 P=103.846
3 sat= 39- 42 P1 v=        2.668 R= 8.230496 30.642723 lock= 0 x=-11.429 P=106.411
3 sat= 39- 48 P1 v=        1.863 R= 8.230496 11.917091 lock= 0 x=-46.350 P=105.602
3 sat= 39- 40 P2 v=       -0.506 R= 8.230496 35.514438 lock= 0 x=27.352 P=154.392
3 sat= 39- 41 P2 v=       -0.718 R= 8.230496  8.267081 lock= 0 x=-75.172 P=151.891
3 sat= 39- 48 P2 v=       -0.168 R= 8.230496 11.917091 lock= 0 x=-54.167 P=152.366
3 sat= 60- 63 L1 v=       -0.001 R= 0.000036  0.000039 lock= 0 x=-60.155 P=85.349
3 sat= 60- 68 L1 v=       -0.002 R= 0.000036  0.000169 lock= 0 x=-29.601 P=92.862
3 sat= 60- 73 L1 v=       -0.003 R= 0.000036  0.000105 lock= 0 x=-7.311 P=89.170
3 sat= 60- 78 L1 v=       -0.006 R= 0.000036  0.000060 lock= 0 x=-12.377 P=87.146
3 sat= 60- 80 L1 v=       -0.002 R= 0.000036  0.000060 lock= 0 x=-71.872 P=88.067
3 sat= 60- 90 L1 v=       -0.002 R= 0.000036  0.000095 lock= 0 x=-33.188 P=88.816
3 sat= 60- 63 P1 v=        0.734 R= 3.271975  3.470597 lock= 0 x=-60.155 P=85.349
3 sat= 60- 68 P1 v=        1.067 R= 3.271975 15.170353 lock= 0 x=-29.601 P=92.862
3 sat= 60- 73 P1 v=        1.413 R= 3.271975  9.494621 lock= 0 x=-7.311 P=89.170
3 sat= 60- 78 P1 v=       -0.726 R= 3.271975  5.386508 lock= 0 x=-12.377 P=87.146
3 sat= 60- 80 P1 v=       -0.425 R= 3.271975  5.410347 lock= 0 x=-71.872 P=88.067
3 sat= 60- 90 P1 v=        0.160 R= 3.271975  8.593522 lock= 0 x=-33.188 P=88.816
3 before filter x=-1276971.7012 -4717197.5155 4087248.2043 0.0006 0.0000 -0.0044 0.0001 0.0001 -0.0019
3 after filter x=-1276971.7019 -4717197.5189 4087248.2238 -0.0014 -0.0009 0.0010 -0.0010 -0.0004 0.0008
3 posvar=0.308368 
3 zdres: n=24 rr=-1276971.70 -4717197.52 4087248.22
3 unhealthy satellite: sat=7 svh=3f
3 y=
        0.000   1641316.794         0.000   1641325.440   1641314.409   1641312.615         0.000   1641318.463   1641294.322   1641323.158   1641330.384   1641347.049   1641328.123   1641326.024   1641324.189         0.000   1641337.732   1641310.538   1641308.526   1641308.578   1641317.959   1641309.413   1641310.788   1641315.259
        0.000   1641307.264         0.000   1641325.755   1641312.374         0.000         0.000   1641318.541   1641297.214         0.000   1641325.618   1641339.279   1641323.786         0.000   1641323.396         0.000   1641327.196         0.000         0.000         0.000         0.000         0.000         0.000         0.000
        0.000   1641314.192         0.000   1641319.616   1641315.453   1641312.977         0.000   1641317.640   1641318.416   1641325.954   1641329.324   1641330.899   1641327.004   1641320.804   1641325.532         0.000   1641325.991   1641310.999   1641309.039   1641310.284   1641310.887   1641312.356   1641312.678   1641312.957
        0.000   1641311.134         0.000   1641318.505   1641312.246         0.000         0.000   1641315.115   1641315.581         0.000   1641324.658   1641326.467   1641324.117         0.000   1641321.623         0.000   1641326.422         0.000         0.000         0.000         0.000         0.000         0.000         0.000
3 ddres   : dt=0.0050 ns=19
3 sat=  9-  4 L1 v=        0.000 R= 0.000037  0.000042 lock= 0 x=-24.853 P=92.655
3 sat=  9-  8 L1 v=        0.002 R= 0.000037  0.000092 lock= 0 x=-5.469 P=93.974
3 sat=  9- 16 L1 v=        0.000 R= 0.000037  0.000063 lock= 0 x=-51.055 P=94.775
3 sat=  9- 27 L1 v=        0.001 R= 0.000037  0.000067 lock= 0 x=-38.940 P=93.339
3 sat=  9- 30 L1 v=        0.001 R= 0.000037  0.000252 lock= 0 x=-141.343 P=103.611
3 sat=  9-  4 P1 v=        0.547 R= 3.336301  3.787651 lock= 0 x=-24.853 P=92.655
3 sat=  9-  8 P1 v=        0.020 R= 3.336301  8.310371 lock= 0 x=-5.469 P=93.974
3 sat=  9- 16 P1 v=        0.363 R= 3.336301  5.655823 lock= 0 x=-51.055 P=94.775
3 sat=  9- 27 P1 v=        0.008 R= 3.336301  6.037706 lock= 0 x=-38.940 P=93.339
3 sat=  9- 30 P1 v=       -0.650 R= 3.336301 22.699392 lock= 0 x=-141.343 P=103.611
3 sat= 39- 38 L1 v=        0.001 R= 0.000091  0.000121 lock= 0 x=-61.544 P=106.132
3 sat= 39- 40 L1 v=       -0.002 R= 0.000091  0.000395 lock= 0 x=88.806 P=106.964
3 sat= 39- 41 L1 v=        0.000 R= 0.000091  0.000092 lock= 0 x=-50.089 P=103.725
3 sat= 39- 42 L1 v=       -0.001 R= 0.000091  0.000340 lock= 0 x=-11.473 P=106.059
3 sat= 39- 48 L1 v=        0.000 R= 0.000091  0.000132 lock= 0 x=-46.318 P=105.357
3 sat= 39- 40 L2 v=        0.002 R= 0.000091  0.000395 lock= 0 x=27.352 P=154.190
3 sat= 39- 41 L2 v=        0.003 R= 0.000091  0.000092 lock= 0 x=-75.168 P=151.826
3 sat= 39- 48 L2 v=        0.002 R= 0.000091  0.000132 lock= 0 x=-54.155 P=152.279
3 sat= 39- 38 P1 v=        1.648 R= 8.230496 10.915390 lock= 0 x=-61.544 P=106.132
3 sat= 39- 40 P1 v=        0.097 R= 8.230496 35.514438 lock= 0 x=88.806 P=106.964
3 sat= 39- 41 P1 v=        2.191 R= 8.230496  8.267081 lock= 0 x=-50.089 P=103.725
3 sat= 39- 42 P1 v=        2.681 R= 8.230496 30.642723 lock= 0 x=-11.473 P=106.059
3 sat= 39- 48 P1 v=        1.860 R= 8.230496 11.917091 lock= 0 x=-46.318 P=105.357
3 sat= 39- 40 P2 v=       -0.506 R= 8.230496 35.514438 lock= 0 x=27.352 P=154.190
3 sat= 39- 41 P2 v=       -0.719 R= 8.230496  8.267081 lock= 0 x=-75.168 P=151.826
3 sat= 39- 48 P2 v=       -0.171 R= 8.230496 11.917091 lock= 0 x=-54.155 P=152.279
3 sat= 60- 63 L1 v=       -0.001 R= 0.000036  0.000039 lock= 0 x=-60.137 P=85.283
3 sat= 60- 68 L1 v=       -0.002 R= 0.000036  0.000169 lock= 0 x=-29.589 P=92.169
3 sat= 60- 73 L1 v=        0.000 R= 0.000036  0.000105 lock= 0 x=-7.366 P=88.770
3 sat= 60- 78 L1 v=       -0.004 R= 0.000036  0.000060 lock= 0 x=-12.417 P=86.926
3 sat= 60- 80 L1 v=       -0.001 R= 0.000036  0.000060 lock= 0 x=-71.841 P=87.781
3 sat= 60- 90 L1 v=       -0.001 R= 0.000036  0.000095 lock= 0 x=-33.235 P=88.468
3 sat= 60- 63 P1 v=        0.734 R= 3.271975  3.470597 lock= 0 x=-60.137 P=85.283
3 sat= 60- 68 P1 v=        1.069 R= 3.271975 15.170353 lock= 0 x=-29.589 P=92.169
3 sat= 60- 73 P1 v=        1.431 R= 3.271975  9.494621 lock= 0 x=-7.366 P=88.770
3 sat= 60- 78 P1 v=       -0.712 R= 3.271975  5.386508 lock= 0 x=-12.417 P=86.926
3 sat= 60- 80 P1 v=       -0.426 R= 3.271975  5.410347 lock= 0 x=-71.841 P=87.781
3 sat= 60- 90 P1 v=        0.174 R= 3.271975  8.593522 lock= 0 x=-33.235 P=88.468
3 valpos  : nv=38 thres=4.0
3 posvar=0.308368
3 prevRatios = 0.000 0.000
3 Skip AR
3 sol_rr=    -1276971.702    -4717197.519     4087248.224          -0.001          -0.001           0.001
1 
---------------------------------------------------------
1 relpos: dt=0.005 nu=24 nr=26
1 ---------------------------------------------------------
3 satposs  : teph= 2020/12/24 22:08:16.005 n=24 ephopt=0
3 satposs  : teph= 2020/12/24 22:08:16.000 n=26 ephopt=0
3 base station:
3 zdres: n=26 rr=-1283433.94 -4713073.29 4090105.09
3 sat= 4 rs=   -22549.767 -24822680.131   9381890.286 dts=-0.0001671607 az= 141.8 el= 59.7
3 unhealthy satellite: sat=7 svh=3f
3 sat= 8 rs=  5088452.808 -25893118.757   -893197.255 dts=-0.0000040917 az= 143.6 el= 29.4
3 sat= 9 rs= -9324159.617 -17095813.759  17986834.071 dts=-0.0003052094 az= 289.1 el= 76.4
3 sat=16 rs=  9887716.371 -11062072.746  21779262.688 dts=-0.0002551587 az=  47.3 el= 39.3
3 sat=27 rs= 12304392.971 -20704386.697  10637586.155 dts=-0.0000418402 az=  98.7 el= 37.2
3 sat=30 rs=-24342477.618  -1713252.529  10795752.872 dts=-0.0003578175 az= 277.6 el= 16.2
3 sat=38 rs= -8298418.036 -23980652.563   2433687.234 dts= 0.0001897532 az= 186.7 el= 45.0
3 sat=39 rs=-12387581.648 -13624952.194  17657582.673 dts=-0.0000419300 az= 289.4 el= 63.2
3 sat=40 rs=-10316154.173   3873382.439  23052486.274 dts=-0.0000564558 az= 329.1 el= 19.8
3 sat=41 rs=-11242974.676 -12566786.141  19181291.147 dts= 0.0000148842 az= 303.4 el= 62.7
3 sat=42 rs=-23311200.115  -8587261.989   5607738.539 dts=-0.0000649858 az= 256.2 el= 21.6
3 sat=48 rs=  7032988.308  -9577225.653  22563291.018 dts=-0.0000094939 az=  36.6 el= 41.6
3 sat=50 rs= 19317490.310 -11468669.298  12055206.072 dts= 0.0000607964 az=  76.1 el= 15.0
3 sat=60 rs= -8810913.639 -20466059.195  19483546.901 dts=-0.0010103685 az= 282.6 el= 82.1
3 sat=63 rs=-13414722.823 -18083223.199  19211060.312 dts=-0.0006747669 az= 278.3 el= 69.4
3 sat=68 rs=-16813687.552   4286418.633  23975597.662 dts= 0.0058217664 az= 316.3 el= 20.3
3 sat=73 rs=  6527151.272 -28204438.523  -2396437.331 dts=-0.0012706424 az= 143.1 el= 26.9
3 sat=78 rs=  -569931.635 -29563878.144   1288846.941 dts= 0.0001612758 az= 157.6 el= 40.9
3 sat=80 rs= 11087102.070 -12486368.675  24442489.447 dts=-0.0006390822 az=  47.5 el= 40.8
3 sat=90 rs=-24351493.777 -16594431.661   2759138.554 dts=-0.0004767740 az= 237.2 el= 28.9
3 y=
        0.000         8.826         0.000        13.785        14.517         9.631         0.000        13.175         8.523        17.064        14.748        12.849        19.881        10.552        15.235         0.000        13.670         0.000        10.790        10.533         4.773         0.000         9.928         2.336        15.025        12.147
        0.000         0.000         0.000         0.000         0.000         0.000         0.000         0.000         0.000         0.000        23.963        21.267        30.432         0.000        24.973         0.000        22.455         0.000         0.000         0.000         0.000         0.000         0.000         0.000         0.000         0.000
        0.000         2.099         0.000         6.878         2.823         0.731         0.000         5.028         5.106         8.541        10.378        12.179        10.266         4.569         8.517         0.000         9.982         0.000         1.044        -0.179         1.457         0.000         2.357         1.729         2.362         3.206
        0.000         0.000         0.000         0.000         0.000         0.000         0.000         0.000         0.000         0.000        13.641        14.791        12.313         0.000        10.319         0.000        15.283         0.000         0.000         0.000         0.000         0.000         0.000         0.000         0.000         0.000
3 selsat  : nu=24 nr=26
3 before udstate: x=-1276971.7019 -4717197.5189 4087248.2238 -0.0014 -0.0009 0.0010 -0.0010 -0.0004 0.0008
3 udstate : ns=20
3 udpos : tt=1.000
3 pos var too high for accel term: 0.3084
3 udbias  : tt=1.000 ns=20
3      sat= 50, F=1: init phase=42.784
3      sat= 50, F=2: init phase=-26.693
3 after udstate x=-1276971.7033 -4717197.5197 4087248.2248 -0.0024 -0.0013 0.0018 -0.0010 -0.0004 0.0008
3 rover: dt=0.005
3 zdres: n=24 rr=-1276971.70 -4717197.52 4087248.22
3 unhealthy satellite: sat=7 svh=3f
3 y=
        0.000   1641399.612         0.000   1641408.257   1641397.226   1641395.430         0.000   1641401.277   1641377.142   1641405.975   1641413.201   1641429.875   1641410.944   1641408.842   1641407.005         0.000   1641420.542   1641393.356   1641391.344   1641391.395   1641400.777   1641392.229   1641393.606   1641398.077
        0.000   1641390.080         0.000   1641408.576   1641395.191         0.000         0.000   1641401.361   1641380.032         0.000   1641408.434   1641422.106   1641406.608         0.000   1641406.215         0.000   1641410.007         0.000         0.000         0.000         0.000         0.000         0.000         0.000
        0.000   1641396.944         0.000   1641402.366   1641398.119   1641395.865         0.000   1641400.370   1641401.248   1641408.847   1641412.132   1641413.886   1641409.828   1641403.545   1641408.346         0.000   1641408.839   1641393.967   1641391.890   1641393.140   1641393.749   1641395.300   1641395.448   1641395.871
        0.000   1641394.071         0.000   1641401.345   1641395.017         0.000         0.000   1641397.819   1641398.415         0.000   1641407.542   1641409.274   1641407.065         0.000   1641404.482         0.000   1641409.264         0.000         0.000         0.000         0.000         0.000         0.000         0.000
3 ddres   : dt=0.0050 ns=20
3 sat=  9-  4 L1 v=       -0.000 R= 0.000037  0.000042 lock= 0 x=-24.924 P=92.655
3 sat=  9-  8 L1 v=        0.003 R= 0.000037  0.000092 lock= 0 x=-5.540 P=93.974
3 sat=  9- 16 L1 v=        0.001 R= 0.000037  0.000063 lock= 0 x=-51.126 P=94.775
3 sat=  9- 27 L1 v=        0.003 R= 0.000037  0.000067 lock= 0 x=-39.011 P=93.339
3 sat=  9- 30 L1 v=       -0.001 R= 0.000037  0.000252 lock= 0 x=-141.414 P=103.611
3 sat=  9-  4 P1 v=        0.451 R= 3.336217  3.788003 lock= 0 x=-24.924 P=92.655
3 sat=  9-  8 P1 v=       -0.192 R= 3.336217  8.307581 lock= 0 x=-5.540 P=93.974
3 sat=  9- 16 P1 v=        0.162 R= 3.336217  5.657057 lock= 0 x=-51.126 P=94.775
3 sat=  9- 27 P1 v=       -0.046 R= 3.336217  6.037077 lock= 0 x=-39.011 P=93.339
3 sat=  9- 30 P1 v=       -0.846 R= 3.336217 22.686263 lock= 0 x=-141.414 P=103.611
3 sat= 39- 38 L1 v=        0.000 R= 0.000091  0.000121 lock= 0 x=-61.614 P=106.132
3 sat= 39- 40 L1 v=        0.003 R= 0.000091  0.000394 lock= 0 x=88.735 P=106.964
3 sat= 39- 41 L1 v=        0.001 R= 0.000091  0.000092 lock= 0 x=-50.160 P=103.725
3 sat= 39- 42 L1 v=        0.002 R= 0.000091  0.000340 lock= 0 x=-11.544 P=106.059
3 sat= 39- 48 L1 v=        0.003 R= 0.000091  0.000132 lock= 0 x=-46.389 P=105.357
3 sat= 39- 50 L1 v=        1.601 R= 0.000091  0.000640 lock= 0 x=42.784 P=900.000
3 sat= 39- 40 L2 v=        0.003 R= 0.000091  0.000394 lock= 0 x=27.140 P=154.190
3 sat= 39- 41 L2 v=        0.002 R= 0.000091  0.000092 lock= 0 x=-75.379 P=151.826
3 sat= 39- 48 L2 v=       -0.000 R= 0.000091  0.000132 lock= 0 x=-54.366 P=152.279
3 sat= 39- 50 L2 v=        0.345 R= 0.000091  0.000640 lock= 0 x=-26.693 P=900.000
3 sat= 39- 38 P1 v=        1.449 R= 8.230244 10.917858 lock= 0 x=-61.614 P=106.132
3 sat= 39- 40 P1 v=        0.048 R= 8.230244 35.491730 lock= 0 x=88.735 P=106.964
3 sat= 39- 41 P1 v=        2.192 R= 8.230244  8.266930 lock= 0 x=-50.160 P=103.725
3 sat= 39- 42 P1 v=        2.780 R= 8.230244 30.629381 lock= 0 x=-11.544 P=106.059
3 sat= 39- 48 P1 v=        1.926 R= 8.230244 11.919288 lock= 0 x=-46.389 P=105.357
3 sat= 39- 50 P1 v=        2.898 R= 8.230244 57.619406 lock= 0 x=42.784 P=900.000
3 sat= 39- 40 P2 v=       -0.581 R= 8.230244 35.491730 lock= 0 x=27.140 P=154.190
3 sat= 39- 41 P2 v=       -0.851 R= 8.230244  8.266930 lock= 0 x=-75.379 P=151.826
3 sat= 39- 48 P2 v=       -0.261 R= 8.230244 11.919288 lock= 0 x=-54.366 P=152.279
3 sat= 39- 50 P2 v=       -0.079 R= 8.230244 57.619406 lock= 0 x=-26.693 P=900.000
3 sat= 60- 63 L1 v=       -0.003 R= 0.000036  0.000039 lock= 0 x=-60.208 P=85.283
3 sat= 60- 68 L1 v=        0.000 R= 0.000036  0.000168 lock= 0 x=-29.660 P=92.169
3 sat= 60- 73 L1 v=        0.002 R= 0.000036  0.000105 lock= 0 x=-7.437 P=88.770
3 sat= 60- 78 L1 v=       -0.004 R= 0.000036  0.000060 lock= 0 x=-12.488 P=86.926
3 sat= 60- 80 L1 v=        0.000 R= 0.000036  0.000060 lock= 0 x=-71.912 P=87.781
3 sat= 60- 90 L1 v=       -0.003 R= 0.000036  0.000095 lock= 0 x=-33.306 P=88.468
3 sat= 60- 63 P1 v=        0.855 R= 3.271960  3.470543 lock= 0 x=-60.208 P=85.283
3 sat= 60- 68 P1 v=        1.241 R= 3.271960 15.163837 lock= 0 x=-29.660 P=92.169
3 sat= 60- 73 P1 v=        1.532 R= 3.271960  9.491946 lock= 0 x=-7.437 P=88.770
3 sat= 60- 78 P1 v=       -0.647 R= 3.271960  5.387487 lock= 0 x=-12.488 P=86.926
3 sat= 60- 80 P1 v=       -0.162 R= 3.271960  5.411183 lock= 0 x=-71.912 P=87.781
3 sat= 60- 90 P1 v=        0.259 R= 3.271960  8.591359 lock= 0 x=-33.306 P=88.468
3 before filter x=-1276971.7033 -4717197.5197 4087248.2248 -0.0024 -0.0013 0.0018 -0.0010 -0.0004 0.0008
3 after filter x=-1276971.6896 -4717197.5253 4087248.2493 0.0012 0.0025 0.0005 0.0009 0.0015 0.0001
3 posvar=0.281971 
3 zdres: n=24 rr=-1276971.69 -4717197.53 4087248.25
3 unhealthy satellite: sat=7 svh=3f
3 y=
        0.000   1641399.624         0.000   1641408.261   1641397.240   1641395.459         0.000   1641401.297   1641377.136   1641405.974   1641413.213   1641429.888   1641410.958   1641408.832   1641407.034         0.000   1641420.565   1641393.371   1641391.356   1641391.403   1641400.780   1641392.233   1641393.634   1641398.066
        0.000   1641390.092         0.000   1641408.580   1641395.206         0.000         0.000   1641401.381   1641380.025         0.000   1641408.445   1641422.119   1641406.622         0.000   1641406.243         0.000   1641410.029         0.000         0.000         0.000         0.000         0.000         0.000         0.000
        0.000   1641396.956         0.000   1641402.370   1641398.134   1641395.893         0.000   1641400.390   1641401.241   1641408.845   1641412.144   1641413.898   1641409.842   1641403.534   1641408.375         0.000   1641408.861   1641393.983   1641391.902   1641393.148   1641393.752   1641395.303   1641395.476   1641395.860
        0.000   1641394.083         0.000   1641401.349   1641395.032         0.000         0.000   1641397.839   1641398.408         0.000   1641407.554   1641409.286   1641407.079         0.000   1641404.511         0.000   1641409.286         0.000         0.000         0.000         0.000         0.000         0.000         0.000
3 ddres   : dt=0.0050 ns=20
3 sat=  9-  4 L1 v=       -0.001 R= 0.000037  0.000042 lock= 0 x=-24.943 P=92.596
3 sat=  9-  8 L1 v=        0.001 R= 0.000037  0.000092 lock= 0 x=-5.610 P=93.804
3 sat=  9- 16 L1 v=       -0.001 R= 0.000037  0.000063 lock= 0 x=-51.070 P=94.550
3 sat=  9- 27 L1 v=        0.001 R= 0.000037  0.000067 lock= 0 x=-38.999 P=93.232
3 sat=  9- 30 L1 v=       -0.001 R= 0.000037  0.000252 lock= 0 x=-141.535 P=102.703
3 sat=  9-  4 P1 v=        0.454 R= 3.336217  3.788003 lock= 0 x=-24.943 P=92.596
3 sat=  9-  8 P1 v=       -0.181 R= 3.336217  8.307581 lock= 0 x=-5.610 P=93.804
3 sat=  9- 16 P1 v=        0.149 R= 3.336217  5.657057 lock= 0 x=-51.070 P=94.550
3 sat=  9- 27 P1 v=       -0.052 R= 3.336217  6.037077 lock= 0 x=-38.999 P=93.232
3 sat=  9- 30 P1 v=       -0.824 R= 3.336217 22.686263 lock= 0 x=-141.535 P=102.703
3 sat= 39- 38 L1 v=        0.000 R= 0.000091  0.000121 lock= 0 x=-60.804 P=95.447
3 sat= 39- 40 L1 v=        0.001 R= 0.000091  0.000394 lock= 0 x=89.615 P=96.093
3 sat= 39- 41 L1 v=        0.001 R= 0.000091  0.000092 lock= 0 x=-49.268 P=93.536
3 sat= 39- 42 L1 v=        0.002 R= 0.000091  0.000340 lock= 0 x=-10.787 P=95.736
3 sat= 39- 48 L1 v=        0.001 R= 0.000091  0.000132 lock= 0 x=-45.430 P=94.155
3 sat= 39- 50 L1 v=        0.001 R= 0.000091  0.000640 lock= 0 x=35.181 P=96.898
3 sat= 39- 40 L2 v=        0.001 R= 0.000091  0.000394 lock= 0 x=27.339 P=132.213
3 sat= 39- 41 L2 v=        0.001 R= 0.000091  0.000092 lock= 0 x=-75.170 P=130.434
3 sat= 39- 48 L2 v=       -0.002 R= 0.000091  0.000132 lock= 0 x=-54.103 P=130.166
3 sat= 39- 50 L2 v=        0.000 R= 0.000091  0.000640 lock= 0 x=-27.880 P=131.934
3 sat= 39- 38 P1 v=        1.462 R= 8.230244 10.917858 lock= 0 x=-60.804 P=95.447
3 sat= 39- 40 P1 v=        0.047 R= 8.230244 35.491730 lock= 0 x=89.615 P=96.093
3 sat= 39- 41 P1 v=        2.190 R= 8.230244  8.266930 lock= 0 x=-49.268 P=93.536
3 sat= 39- 42 P1 v=        2.802 R= 8.230244 30.629381 lock= 0 x=-10.787 P=95.736
3 sat= 39- 48 P1 v=        1.909 R= 8.230244 11.919288 lock= 0 x=-45.430 P=94.155
3 sat= 39- 50 P1 v=        2.887 R= 8.230244 57.619406 lock= 0 x=35.181 P=96.898
3 sat= 39- 40 P2 v=       -0.582 R= 8.230244 35.491730 lock= 0 x=27.339 P=132.213
3 sat= 39- 41 P2 v=       -0.853 R= 8.230244  8.266930 lock= 0 x=-75.170 P=130.434
3 sat= 39- 48 P2 v=       -0.278 R= 8.230244 11.919288 lock= 0 x=-54.103 P=130.166
3 sat= 39- 50 P2 v=       -0.090 R= 8.230244 57.619406 lock= 0 x=-27.880 P=131.934
3 sat= 60- 63 L1 v=       -0.003 R= 0.000036  0.000039 lock= 0 x=-60.211 P=85.202
3 sat= 60- 68 L1 v=       -0.001 R= 0.000036  0.000168 lock= 0 x=-29.690 P=91.567
3 sat= 60- 73 L1 v=        0.001 R= 0.000036  0.000105 lock= 0 x=-7.495 P=88.404
3 sat= 60- 78 L1 v=       -0.004 R= 0.000036  0.000060 lock= 0 x=-12.540 P=86.734
3 sat= 60- 80 L1 v=       -0.002 R= 0.000036  0.000060 lock= 0 x=-71.841 P=87.521
3 sat= 60- 90 L1 v=       -0.002 R= 0.000036  0.000095 lock= 0 x=-33.429 P=88.151
3 sat= 60- 63 P1 v=        0.858 R= 3.271960  3.470543 lock= 0 x=-60.211 P=85.202
3 sat= 60- 68 P1 v=        1.248 R= 3.271960 15.163837 lock= 0 x=-29.690 P=91.567
3 sat= 60- 73 P1 v=        1.544 R= 3.271960  9.491946 lock= 0 x=-7.495 P=88.404
3 sat= 60- 78 P1 v=       -0.635 R= 3.271960  5.387487 lock= 0 x=-12.540 P=86.734
3 sat= 60- 80 P1 v=       -0.175 R= 3.271960  5.411183 lock= 0 x=-71.841 P=87.521
3 sat= 60- 90 P1 v=        0.286 R= 3.271960  8.591359 lock= 0 x=-33.429 P=88.151
3 valpos  : nv=42 thres=4.0
3 posvar=0.281971
3 prevRatios = 0.000 0.000
3 Skip AR
3 sol_rr=    -1276971.690    -4717197.525     4087248.249           0.001           0.002           0.000
1 
---------------------------------------------------------
1 relpos: dt=0.005 nu=24 nr=26
1 ---------------------------------------------------------
3 satposs  : teph= 2020/12/24 22:08:17.005 n=24 ephopt=0
3 satposs  : teph= 2020/12/24 22:08:17.000 n=26 ephopt=0
3 base station:
3 zdres: n=26 rr=-1283433.94 -4713073.29 4090105.09
3 sat= 4 rs=   -21983.017 -24823761.545   9379024.643 dts=-0.0001671607 az= 141.8 el= 59.7
3 unhealthy satellite: sat=7 svh=3f
3 sat= 8 rs=  5088753.682 -25893170.478   -889988.933 dts=-0.0000040917 az= 143.6 el= 29.4
3 sat= 9 rs= -9323493.886 -17098022.482  17985083.968 dts=-0.0003052094 az= 289.1 el= 76.4
3 sat=16 rs=  9889610.533 -11059985.046  21779505.584 dts=-0.0002551588 az=  47.3 el= 39.3
3 sat=27 rs= 12304299.449 -20702987.213  10640412.941 dts=-0.0000418402 az=  98.7 el= 37.2
3 sat=30 rs=-24341236.880  -1713882.871  10798439.568 dts=-0.0003578175 az= 277.6 el= 16.2
3 sat=38 rs= -8298645.584 -23980935.146   2430145.378 dts= 0.0001897532 az= 186.7 el= 45.0
3 sat=39 rs=-12388309.700 -13627254.918  17655286.749 dts=-0.0000419300 az= 289.4 el= 63.2
3 sat=40 rs=-10316966.627   3870346.172  23052630.886 dts=-0.0000564558 az= 329.1 el= 19.8
3 sat=41 rs=-11240452.986 -12566077.037  19183228.965 dts= 0.0000148842 az= 303.4 el= 62.7
3 sat=42 rs=-23310488.882  -8586928.949   5611205.545 dts=-0.0000649858 az= 256.2 el= 21.6
3 sat=48 rs=  7036003.906  -9576540.524  22562654.557 dts=-0.0000094939 az=  36.6 el= 41.6
3 sat=50 rs= 19316173.788 -11467652.128  12058292.676 dts= 0.0000607964 az=  76.0 el= 15.0
3 sat=60 rs= -8809270.572 -20464996.754  19485406.905 dts=-0.0010103686 az= 282.6 el= 82.1
3 sat=63 rs=-13414722.217 -18085150.077  19209247.002 dts=-0.0006747669 az= 278.3 el= 69.4
3 sat=68 rs=-16813665.721   4284013.425  23976043.806 dts= 0.0058217664 az= 316.3 el= 20.3
3 sat=73 rs=  6527241.102 -28204052.202  -2393636.233 dts=-0.0012706424 az= 143.1 el= 26.9
3 sat=78 rs=  -569982.668 -29564008.202   1285845.324 dts= 0.0001612758 az= 157.6 el= 40.9
3 sat=80 rs= 11089218.108 -12485128.284  24442163.822 dts=-0.0006390822 az=  47.5 el= 40.8
3 sat=90 rs=-24351313.928 -16594193.602   2762167.329 dts=-0.0004767740 az= 237.2 el= 28.9
3 y=
        0.000         8.791         0.000        13.752        14.483         9.595         0.000        13.143         8.490        17.031        14.708        12.821        19.850        10.516        15.201         0.000        13.636         0.000        10.756        10.499         4.739         0.000         9.895         2.304        14.992        12.114
        0.000         0.000         0.000         0.000         0.000         0.000         0.000         0.000         0.000         0.000        23.922        21.239        30.402         0.000        24.940         0.000        22.420         0.000         0.000         0.000         0.000         0.000         0.000         0.000         0.000         0.000
        0.000         2.128         0.000         6.813         2.784         0.781         0.000         4.983         5.342         8.644        10.386        12.179        10.292         4.696         8.480         0.000        10.120         0.000         1.044        -0.184         1.406         0.000         2.401         1.745         2.281         3.248
        0.000         0.000         0.000         0.000         0.000         0.000         0.000         0.000         0.000         0.000        13.654        14.764        12.295         0.000        10.210         0.000        15.158         0.000         0.000         0.000         0.000         0.000         0.000         0.000         0.000         0.000
3 selsat  : nu=24 nr=26
3 before udstate: x=-1276971.6896 -4717197.5253 4087248.2493 0.0012 0.0025 0.0005 0.0009 0.0015 0.0001
3 udstate : ns=20
3 udpos : tt=1.000
3 pos var too high for accel term: 0.2820
3 udbias  : tt=1.000 ns=20
3 after udstate x=-1276971.6883 -4717197.5228 4087248.2498 0.0021 0.0040 0.0006 0.0009 0.0015 0.0001
3 rover: dt=0.005
3 zdres: n=24 rr=-1276971.69 -4717197.52 4087248.25
3 unhealthy satellite: sat=7 svh=3f
3 y=
        0.000   1641482.416         0.000   1641491.052   1641480.031   1641478.248         0.000   1641484.089   1641459.928   1641488.761   1641495.996   1641512.685   1641493.751   1641491.621   1641489.827         0.000   1641503.356   1641476.164   1641474.145   1641474.195   1641483.569   1641475.022   1641476.426   1641480.859
        0.000   1641472.883         0.000   1641491.370   1641477.998         0.000         0.000   1641484.168   1641462.814         0.000   1641491.230   1641504.919   1641489.417         0.000   1641489.035         0.000   1641492.824         0.000         0.000         0.000         0.000         0.000         0.000         0.000
        0.000   1641479.696         0.000   1641485.201   1641481.003   1641478.643         0.000   1641483.162   1641483.956   1641491.527   1641494.946   1641496.746   1641492.606   1641486.340   1641491.259         0.000   1641491.712   1641476.729   1641474.567   1641475.940   1641476.360   1641478.329   1641478.230   1641478.815
        0.000   1641476.945         0.000   1641484.207   1641477.768         0.000         0.000   1641480.608   1641481.168         0.000   1641490.310   1641492.043   1641489.727         0.000   1641487.304         0.000   1641492.104         0.000         0.000         0.000         0.000         0.000         0.000         0.000
3 ddres   : dt=0.0050 ns=20
3 sat=  9-  4 L1 v=       -0.002 R= 0.000037  0.000042 lock= 0 x=-24.506 P=92.596
3 sat=  9-  8 L1 v=        0.001 R= 0.000037  0.000092 lock= 0 x=-5.173 P=93.804
3 sat=  9- 16 L1 v=       -0.002 R= 0.000037  0.000063 lock= 0 x=-50.633 P=94.550
3 sat=  9- 27 L1 v=        0.001 R= 0.000037  0.000067 lock= 0 x=-38.563 P=93.232
3 sat=  9- 30 L1 v=       -0.003 R= 0.000037  0.000252 lock= 0 x=-141.099 P=102.703
3 sat=  9-  4 P1 v=        0.651 R= 3.336133  3.788355 lock= 0 x=-24.506 P=92.596
3 sat=  9-  8 P1 v=       -0.169 R= 3.336133  8.304793 lock= 0 x=-5.173 P=93.804
3 sat=  9- 16 P1 v=        0.357 R= 3.336133  5.658292 lock= 0 x=-50.633 P=94.550
3 sat=  9- 27 P1 v=        0.040 R= 3.336133  6.036448 lock= 0 x=-38.563 P=93.232
3 sat=  9- 30 P1 v=       -0.396 R= 3.336133 22.673146 lock= 0 x=-141.099 P=102.703
3 sat= 39- 38 L1 v=        0.003 R= 0.000091  0.000121 lock= 0 x=-60.368 P=95.447
3 sat= 39- 40 L1 v=       -0.001 R= 0.000091  0.000394 lock= 0 x=90.051 P=96.093
3 sat= 39- 41 L1 v=        0.001 R= 0.000091  0.000092 lock= 0 x=-48.832 P=93.536
3 sat= 39- 42 L1 v=       -0.000 R= 0.000091  0.000340 lock= 0 x=-10.351 P=95.736
3 sat= 39- 48 L1 v=       -0.002 R= 0.000091  0.000132 lock= 0 x=-44.993 P=94.155
3 sat= 39- 50 L1 v=       -0.001 R= 0.000091  0.000640 lock= 0 x=35.618 P=96.898
3 sat= 39- 40 L2 v=       -0.001 R= 0.000091  0.000394 lock= 0 x=27.484 P=132.213
3 sat= 39- 41 L2 v=        0.000 R= 0.000091  0.000092 lock= 0 x=-75.025 P=130.434
3 sat= 39- 48 L2 v=       -0.003 R= 0.000091  0.000132 lock= 0 x=-53.958 P=130.166
3 sat= 39- 50 L2 v=       -0.004 R= 0.000091  0.000640 lock= 0 x=-27.735 P=131.934
3 sat= 39- 38 P1 v=        1.677 R= 8.229991 10.920327 lock= 0 x=-60.368 P=95.447
3 sat= 39- 40 P1 v=       -0.008 R= 8.229991 35.469049 lock= 0 x=90.051 P=96.093
3 sat= 39- 41 P1 v=        2.245 R= 8.229991  8.266780 lock= 0 x=-48.832 P=93.536
3 sat= 39- 42 P1 v=        2.915 R= 8.229991 30.616050 lock= 0 x=-10.351 P=95.736
3 sat= 39- 48 P1 v=        1.781 R= 8.229991 11.921486 lock= 0 x=-44.993 P=94.155
3 sat= 39- 50 P1 v=        2.967 R= 8.229991 57.590530 lock= 0 x=35.618 P=96.898
3 sat= 39- 40 P2 v=       -0.624 R= 8.229991 35.469049 lock= 0 x=27.484 P=132.213
3 sat= 39- 41 P2 v=       -0.777 R= 8.229991  8.266780 lock= 0 x=-75.025 P=130.434
3 sat= 39- 48 P2 v=       -0.438 R= 8.229991 11.921486 lock= 0 x=-53.958 P=130.166
3 sat= 39- 50 P2 v=       -0.291 R= 8.229991 57.590530 lock= 0 x=-27.735 P=131.934
3 sat= 60- 63 L1 v=       -0.000 R= 0.000036  0.000039 lock= 0 x=-59.775 P=85.202
3 sat= 60- 68 L1 v=       -0.002 R= 0.000036  0.000168 lock= 0 x=-29.254 P=91.567
3 sat= 60- 73 L1 v=        0.004 R= 0.000036  0.000105 lock= 0 x=-7.059 P=88.404
3 sat= 60- 78 L1 v=        0.000 R= 0.000036  0.000060 lock= 0 x=-12.104 P=86.734
3 sat= 60- 80 L1 v=       -0.001 R= 0.000036  0.000060 lock= 0 x=-71.405 P=87.521
3 sat= 60- 90 L1 v=       -0.001 R= 0.000036  0.000095 lock= 0 x=-32.993 P=88.151
3 sat= 60- 63 P1 v=        0.934 R= 3.271945  3.470489 lock= 0 x=-59.775 P=85.202
3 sat= 60- 68 P1 v=        1.152 R= 3.271945 15.157326 lock= 0 x=-29.254 P=91.567
3 sat= 60- 73 P1 v=        1.726 R= 3.271945  9.489273 lock= 0 x=-7.059 P=88.404
3 sat= 60- 78 P1 v=       -0.899 R= 3.271945  5.388466 lock= 0 x=-12.104 P=86.734
3 sat= 60- 80 P1 v=       -0.264 R= 3.271945  5.412020 lock= 0 x=-71.405 P=87.521
3 sat= 60- 90 P1 v=        0.117 R= 3.271945  8.589197 lock= 0 x=-32.993 P=88.151
3 before filter x=-1276971.6883 -4717197.5228 4087248.2498 0.0021 0.0040 0.0006 0.0009 0.0015 0.0001
3 after filter x=-1276971.6926 -4717197.5378 4087248.2666 0.0016 -0.0005 -0.0009 0.0006 -0.0008 -0.0006
3 posvar=0.259801 
3 zdres: n=24 rr=-1276971.69 -4717197.54 4087248.27
3 unhealthy satellite: sat=7 svh=3f
3 y=
        0.000   1641482.434         0.000   1641491.061   1641480.053   1641478.264         0.000   1641484.102   1641459.935   1641488.775   1641496.017   1641512.695   1641493.772   1641491.629   1641489.843         0.000   1641503.362   1641476.186   1641474.167   1641474.205   1641483.577   1641475.035   1641476.442   1641480.868
        0.000   1641472.902         0.000   1641491.379   1641478.020         0.000         0.000   1641484.182   1641462.821         0.000   1641491.251   1641504.929   1641489.438         0.000   1641489.052         0.000   1641492.831         0.000         0.000         0.000         0.000         0.000         0.000         0.000
        0.000   1641479.714         0.000   1641485.211   1641481.025   1641478.659         0.000   1641483.176   1641483.963   1641491.541   1641494.967   1641496.756   1641492.628   1641486.348   1641491.275         0.000   1641491.718   1641476.751   1641474.589   1641475.950   1641476.369   1641478.342   1641478.247   1641478.825
        0.000   1641476.963         0.000   1641484.217   1641477.790         0.000         0.000   1641480.622   1641481.175         0.000   1641490.331   1641492.053   1641489.749         0.000   1641487.320         0.000   1641492.110         0.000         0.000         0.000         0.000         0.000         0.000         0.000
3 ddres   : dt=0.0050 ns=20
3 sat=  9-  4 L1 v=       -0.003 R= 0.000037  0.000042 lock= 0 x=-24.495 P=92.553
3 sat=  9-  8 L1 v=       -0.000 R= 0.000037  0.000092 lock= 0 x=-5.214 P=93.658
3 sat=  9- 16 L1 v=       -0.001 R= 0.000037  0.000063 lock= 0 x=-50.627 P=94.355
3 sat=  9- 27 L1 v=        0.001 R= 0.000037  0.000067 lock= 0 x=-38.577 P=93.142
3 sat=  9- 30 L1 v=       -0.002 R= 0.000037  0.000252 lock= 0 x=-141.137 P=101.944
3 sat=  9-  4 P1 v=        0.655 R= 3.336133  3.788355 lock= 0 x=-24.495 P=92.553
3 sat=  9-  8 P1 v=       -0.156 R= 3.336133  8.304793 lock= 0 x=-5.214 P=93.658
3 sat=  9- 16 P1 v=        0.363 R= 3.336133  5.658292 lock= 0 x=-50.627 P=94.355
3 sat=  9- 27 P1 v=        0.049 R= 3.336133  6.036448 lock= 0 x=-38.577 P=93.142
3 sat=  9- 30 P1 v=       -0.380 R= 3.336133 22.673146 lock= 0 x=-141.137 P=101.944
3 sat= 39- 38 L1 v=        0.001 R= 0.000091  0.000121 lock= 0 x=-60.377 P=95.172
3 sat= 39- 40 L1 v=        0.001 R= 0.000091  0.000394 lock= 0 x=90.039 P=95.828
3 sat= 39- 41 L1 v=        0.001 R= 0.000091  0.000092 lock= 0 x=-48.794 P=93.408
3 sat= 39- 42 L1 v=       -0.000 R= 0.000091  0.000340 lock= 0 x=-10.383 P=95.441
3 sat= 39- 48 L1 v=       -0.002 R= 0.000091  0.000132 lock= 0 x=-44.975 P=94.001
3 sat= 39- 50 L1 v=       -0.000 R= 0.000091  0.000640 lock= 0 x=35.581 P=96.506
3 sat= 39- 40 L2 v=        0.001 R= 0.000091  0.000394 lock= 0 x=27.469 P=132.063
3 sat= 39- 41 L2 v=        0.001 R= 0.000091  0.000092 lock= 0 x=-75.002 P=130.351
3 sat= 39- 48 L2 v=       -0.002 R= 0.000091  0.000132 lock= 0 x=-53.950 P=130.119
3 sat= 39- 50 L2 v=       -0.002 R= 0.000091  0.000640 lock= 0 x=-27.765 P=131.725
3 sat= 39- 38 P1 v=        1.683 R= 8.229991 10.920327 lock= 0 x=-60.377 P=95.172
3 sat= 39- 40 P1 v=        0.003 R= 8.229991 35.469049 lock= 0 x=90.039 P=95.828
3 sat= 39- 41 P1 v=        2.245 R= 8.229991  8.266780 lock= 0 x=-48.794 P=93.408
3 sat= 39- 42 P1 v=        2.928 R= 8.229991 30.616050 lock= 0 x=-10.383 P=95.441
3 sat= 39- 48 P1 v=        1.785 R= 8.229991 11.921486 lock= 0 x=-44.975 P=94.001
3 sat= 39- 50 P1 v=        2.982 R= 8.229991 57.590530 lock= 0 x=35.581 P=96.506
3 sat= 39- 40 P2 v=       -0.613 R= 8.229991 35.469049 lock= 0 x=27.469 P=132.063
3 sat= 39- 41 P2 v=       -0.777 R= 8.229991  8.266780 lock= 0 x=-75.002 P=130.351
3 sat= 39- 48 P2 v=       -0.434 R= 8.229991 11.921486 lock= 0 x=-53.950 P=130.119
3 sat= 39- 50 P2 v=       -0.276 R= 8.229991 57.590530 lock= 0 x=-27.765 P=131.725
3 sat= 60- 63 L1 v=        0.000 R= 0.000036  0.000039 lock= 0 x=-59.751 P=85.151
3 sat= 60- 68 L1 v=       -0.000 R= 0.000036  0.000168 lock= 0 x=-29.280 P=91.051
3 sat= 60- 73 L1 v=        0.003 R= 0.000036  0.000105 lock= 0 x=-7.113 P=88.097
3 sat= 60- 78 L1 v=       -0.001 R= 0.000036  0.000060 lock= 0 x=-12.132 P=86.568
3 sat= 60- 80 L1 v=        0.000 R= 0.000036  0.000060 lock= 0 x=-71.404 P=87.299
3 sat= 60- 90 L1 v=       -0.001 R= 0.000036  0.000095 lock= 0 x=-33.031 P=87.887
3 sat= 60- 63 P1 v=        0.935 R= 3.271945  3.470489 lock= 0 x=-59.751 P=85.151
3 sat= 60- 68 P1 v=        1.165 R= 3.271945 15.157326 lock= 0 x=-29.280 P=91.051
3 sat= 60- 73 P1 v=        1.741 R= 3.271945  9.489273 lock= 0 x=-7.113 P=88.097
3 sat= 60- 78 P1 v=       -0.890 R= 3.271945  5.388466 lock= 0 x=-12.132 P=86.568
3 sat= 60- 80 P1 v=       -0.258 R= 3.271945  5.412020 lock= 0 x=-71.404 P=87.299
3 sat= 60- 90 P1 v=        0.130 R= 3.271945  8.589197 lock= 0 x=-33.031 P=87.887
3 valpos  : nv=42 thres=4.0
3 posvar=0.259801
3 prevRatios = 0.000 0.000
3 Skip AR
3 sol_rr=    -1276971.693    -4717197.538     4087248.267           0.002          -0.001          -0.001
1 
---------------------------------------------------------
1 relpos: dt=0.005 nu=24 nr=26
1 ---------------------------------------------------------
3 satposs  : teph= 2020/12/24 22:08:18.005 n=24 ephopt=0
3 satposs  : teph= 2020/12/24 22:08:18.000 n=26 ephopt=0
3 base station:
3 zdres: n=26 rr=-1283433.94 -4713073.29 4090105.09
3 sat= 4 rs=   -21416.425 -24824842.644   9376158.801 dts=-0.0001671608 az= 141.8 el= 59.7
3 unhealthy satellite: sat=7 svh=3f
3 sat= 8 rs=  5089054.465 -25893221.820   -886780.592 dts=-0.0000040917 az= 143.6 el= 29.4
3 sat= 9 rs= -9322828.326 -17100231.027  17983333.481 dts=-0.0003052094 az= 289.1 el= 76.4
3 sat=16 rs=  9891504.835 -11057897.440  21779748.006 dts=-0.0002551588 az=  47.3 el= 39.3
3 sat=27 rs= 12304205.927 -20701587.372  10643239.495 dts=-0.0000418402 az=  98.6 el= 37.2
3 sat=30 rs=-24339995.854  -1714513.367  10801126.036 dts=-0.0003578175 az= 277.6 el= 16.2
3 sat=38 rs= -8298873.017 -23981217.247   2426603.464 dts= 0.0001897532 az= 186.7 el= 45.0
3 sat=39 rs=-12389037.857 -13629557.280  17652990.400 dts=-0.0000419300 az= 289.4 el= 63.2
3 sat=40 rs=-10317779.333   3867309.952  23052774.947 dts=-0.0000564558 az= 329.1 el= 19.9
3 sat=41 rs=-11237930.984 -12565368.067  19185166.324 dts= 0.0000148842 az= 303.4 el= 62.7
3 sat=42 rs=-23309777.163  -8586595.851   5614672.416 dts=-0.0000649858 az= 256.2 el= 21.6
3 sat=48 rs=  7039019.472  -9575855.656  22562017.554 dts=-0.0000094939 az=  36.7 el= 41.6
3 sat=50 rs= 19314857.054 -11466634.552  12061378.989 dts= 0.0000607964 az=  76.0 el= 15.0
3 sat=60 rs= -8807627.262 -20463934.347  19487266.611 dts=-0.0010103686 az= 282.7 el= 82.1
3 sat=63 rs=-13414721.758 -18087076.773  19207433.397 dts=-0.0006747669 az= 278.2 el= 69.4
3 sat=68 rs=-16813644.073   4281608.171  23976489.581 dts= 0.0058217663 az= 316.3 el= 20.3
3 sat=73 rs=  6527330.916 -28203665.585  -2390835.096 dts=-0.0012706424 az= 143.1 el= 26.9
3 sat=78 rs=  -570033.714 -29564137.955   1282843.687 dts= 0.0001612758 az= 157.6 el= 40.9
3 sat=80 rs= 11091334.216 -12483888.077  24441837.821 dts=-0.0006390822 az=  47.5 el= 40.8
3 sat=90 rs=-24351133.798 -16593955.402   2765196.061 dts=-0.0004767740 az= 237.3 el= 28.9
3 y=
        0.000         8.757         0.000        13.721        14.451         9.559         0.000        13.109         8.456        16.998        14.668        12.788        19.816        10.480        15.166         0.000        13.607         0.000        10.723        10.465         4.707         0.000         9.863         2.269        14.955        12.081
        0.000         0.000         0.000         0.000         0.000         0.000         0.000         0.000         0.000         0.000        23.882        21.206        30.367         0.000        24.904         0.000        22.390         0.000         0.000         0.000         0.000         0.000         0.000         0.000         0.000         0.000
        0.000         2.094         0.000         6.634         2.782         0.716         0.000         4.945         5.482         8.748        10.317        11.691        10.190         4.490         8.362         0.000        10.169         0.000         0.997        -0.224         1.288         0.000         2.331         1.659         2.212         3.289
        0.000         0.000         0.000         0.000         0.000         0.000         0.000         0.000         0.000         0.000        13.509        14.755        12.296         0.000        10.240         0.000        14.835         0.000         0.000         0.000         0.000         0.000         0.000         0.000         0.000         0.000
3 selsat  : nu=24 nr=26
3 before udstate: x=-1276971.6926 -4717197.5378 4087248.2666 0.0016 -0.0005 -0.0009 0.0006 -0.0008 -0.0006
3 udstate : ns=20
3 udpos : tt=1.000
3 pos var too high for accel term: 0.2598
3 udbias  : tt=1.000 ns=20
3 after udstate x=-1276971.6910 -4717197.5383 4087248.2657 0.0022 -0.0013 -0.0014 0.0006 -0.0008 -0.0006
3 rover: dt=0.005
3 zdres: n=24 rr=-1276971.69 -4717197.54 4087248.27
3 unhealthy satellite: sat=7 svh=3f
3 y=
        0.000   1641565.202         0.000   1641573.835   1641562.823   1641561.032         0.000   1641566.872   1641542.701   1641571.546   1641578.779   1641595.466   1641576.540   1641574.395   1641572.611         0.000   1641586.136   1641558.955   1641556.937   1641556.972   1641566.347   1641557.803   1641559.210   1641563.634
        0.000   1641555.671         0.000   1641574.153   1641560.791         0.000         0.000   1641566.952   1641545.592         0.000   1641574.011   1641587.702   1641572.205         0.000   1641571.818         0.000   1641575.608         0.000         0.000         0.000         0.000         0.000         0.000         0.000
        0.000   1641562.461         0.000   1641568.009   1641563.756   1641561.458         0.000   1641565.920   1641566.683   1641574.363   1641577.725   1641579.519   1641575.351   1641569.191   1641574.003         0.000   1641574.572   1641559.753   1641557.535   1641558.695   1641559.230   1641561.239   1641561.200   1641561.261
        0.000   1641559.766         0.000   1641567.034   1641560.566         0.000         0.000   1641563.330   1641563.842         0.000   1641573.029   1641574.838   1641572.649         0.000   1641570.079         0.000   1641574.993         0.000         0.000         0.000         0.000         0.000         0.000         0.000
3 ddres   : dt=0.0050 ns=20
3 sat=  9-  4 L1 v=       -0.003 R= 0.000037  0.000042 lock= 0 x=-24.812 P=92.553
3 sat=  9-  8 L1 v=       -0.004 R= 0.000037  0.000092 lock= 0 x=-5.532 P=93.658
3 sat=  9- 16 L1 v=       -0.003 R= 0.000037  0.000063 lock= 0 x=-50.944 P=94.355
3 sat=  9- 27 L1 v=       -0.000 R= 0.000037  0.000067 lock= 0 x=-38.894 P=93.142
3 sat=  9- 30 L1 v=        0.001 R= 0.000037  0.000252 lock= 0 x=-141.455 P=101.944
3 sat=  9-  4 P1 v=        0.607 R= 3.336049  3.788708 lock= 0 x=-24.812 P=92.553
3 sat=  9-  8 P1 v=       -0.401 R= 3.336049  8.302007 lock= 0 x=-5.532 P=93.658
3 sat=  9- 16 P1 v=        0.232 R= 3.336049  5.659527 lock= 0 x=-50.944 P=94.355
3 sat=  9- 27 P1 v=       -0.001 R= 3.336049  6.035820 lock= 0 x=-38.894 P=93.142
3 sat=  9- 30 P1 v=       -0.227 R= 3.336049 22.660042 lock= 0 x=-141.455 P=101.944
3 sat= 39- 38 L1 v=       -0.001 R= 0.000091  0.000121 lock= 0 x=-60.695 P=95.172
3 sat= 39- 40 L1 v=       -0.001 R= 0.000091  0.000394 lock= 0 x=89.722 P=95.828
3 sat= 39- 41 L1 v=        0.001 R= 0.000091  0.000092 lock= 0 x=-49.112 P=93.408
3 sat= 39- 42 L1 v=       -0.000 R= 0.000091  0.000340 lock= 0 x=-10.701 P=95.441
3 sat= 39- 48 L1 v=       -0.002 R= 0.000091  0.000132 lock= 0 x=-45.292 P=94.001
3 sat= 39- 50 L1 v=       -0.002 R= 0.000091  0.000640 lock= 0 x=35.263 P=96.506
3 sat= 39- 40 L2 v=       -0.004 R= 0.000091  0.000394 lock= 0 x=27.092 P=132.063
3 sat= 39- 41 L2 v=       -0.001 R= 0.000091  0.000092 lock= 0 x=-75.379 P=130.351
3 sat= 39- 48 L2 v=       -0.003 R= 0.000091  0.000132 lock= 0 x=-54.327 P=130.119
3 sat= 39- 50 L2 v=       -0.010 R= 0.000091  0.000640 lock= 0 x=-28.141 P=131.725
3 sat= 39- 38 P1 v=        1.793 R= 8.229739 10.922798 lock= 0 x=-60.695 P=95.172
3 sat= 39- 40 P1 v=       -0.420 R= 8.229739 35.446394 lock= 0 x=89.722 P=95.828
3 sat= 39- 41 P1 v=        2.247 R= 8.229739  8.266629 lock= 0 x=-49.112 P=93.408
3 sat= 39- 42 P1 v=        2.708 R= 8.229739 30.602729 lock= 0 x=-10.701 P=95.441
3 sat= 39- 48 P1 v=        1.767 R= 8.229739 11.923686 lock= 0 x=-45.292 P=94.001
3 sat= 39- 50 P1 v=        3.004 R= 8.229739 57.561687 lock= 0 x=35.263 P=96.506
3 sat= 39- 40 P2 v=       -0.563 R= 8.229739 35.446394 lock= 0 x=27.092 P=132.063
3 sat= 39- 41 P2 v=       -0.833 R= 8.229739  8.266629 lock= 0 x=-75.379 P=130.351
3 sat= 39- 48 P2 v=       -0.319 R= 8.229739 11.923686 lock= 0 x=-54.327 P=130.119
3 sat= 39- 50 P2 v=       -0.639 R= 8.229739 57.561687 lock= 0 x=-28.141 P=131.725
3 sat= 60- 63 L1 v=       -0.002 R= 0.000036  0.000039 lock= 0 x=-60.068 P=85.151
3 sat= 60- 68 L1 v=        0.003 R= 0.000036  0.000168 lock= 0 x=-29.597 P=91.051
3 sat= 60- 73 L1 v=        0.003 R= 0.000036  0.000105 lock= 0 x=-7.430 P=88.097
3 sat= 60- 78 L1 v=       -0.004 R= 0.000036  0.000060 lock= 0 x=-12.449 P=86.568
3 sat= 60- 80 L1 v=       -0.003 R= 0.000036  0.000060 lock= 0 x=-71.722 P=87.299
3 sat= 60- 90 L1 v=        0.001 R= 0.000036  0.000095 lock= 0 x=-33.349 P=87.887
3 sat= 60- 63 P1 v=        0.998 R= 3.271930  3.470435 lock= 0 x=-60.068 P=85.151
3 sat= 60- 68 P1 v=        1.350 R= 3.271930 15.150820 lock= 0 x=-29.597 P=91.051
3 sat= 60- 73 P1 v=        1.857 R= 3.271930  9.486601 lock= 0 x=-7.430 P=88.097
3 sat= 60- 78 P1 v=       -0.823 R= 3.271930  5.389446 lock= 0 x=-12.449 P=86.568
3 sat= 60- 80 P1 v=       -0.231 R= 3.271930  5.412857 lock= 0 x=-71.722 P=87.299
3 sat= 60- 90 P1 v=        0.785 R= 3.271930  8.587036 lock= 0 x=-33.349 P=87.887
3 before filter x=-1276971.6910 -4717197.5383 4087248.2657 0.0022 -0.0013 -0.0014 0.0006 -0.0008 -0.0006
3 after filter x=-1276971.7014 -4717197.5403 4087248.2785 -0.0019 0.0006 -0.0020 -0.0015 0.0001 -0.0009
3 posvar=0.240433 
3 zdres: n=24 rr=-1276971.70 -4717197.54 4087248.28
3 unhealthy satellite: sat=7 svh=3f
3 y=
        0.000   1641565.207         0.000   1641573.832   1641562.837   1641561.037         0.000   1641566.871   1641542.714   1641571.550   1641578.795   1641595.480   1641576.556   1641574.406   1641572.618         0.000   1641586.132   1641558.968   1641556.951   1641556.986   1641566.342   1641557.804   1641559.216   1641563.643
        0.000   1641555.676         0.000   1641574.149   1641560.805         0.000         0.000   1641566.951   1641545.606         0.000   1641574.027   1641587.716   1641572.221         0.000   1641571.825         0.000   1641575.604         0.000         0.000         0.000         0.000         0.000         0.000         0.000
        0.000   1641562.465         0.000   1641568.005   1641563.770   1641561.464         0.000   1641565.919   1641566.697   1641574.367   1641577.741   1641579.533   1641575.367   1641569.202   1641574.010         0.000   1641574.568   1641559.767   1641557.550   1641558.710   1641559.226   1641561.239   1641561.205   1641561.270
        0.000   1641559.770         0.000   1641567.030   1641560.580         0.000         0.000   1641563.329   1641563.856         0.000   1641573.045   1641574.852   1641572.665         0.000   1641570.086         0.000   1641574.989         0.000         0.000         0.000         0.000         0.000         0.000         0.000
3 ddres   : dt=0.0050 ns=20
3 sat=  9-  4 L1 v=       -0.002 R= 0.000037  0.000042 lock= 0 x=-24.813 P=92.516
3 sat=  9-  8 L1 v=       -0.002 R= 0.000037  0.000092 lock= 0 x=-5.575 P=93.531
3 sat=  9- 16 L1 v=       -0.001 R= 0.000037  0.000063 lock= 0 x=-50.937 P=94.184
3 sat=  9- 27 L1 v=        0.002 R= 0.000037  0.000067 lock= 0 x=-38.922 P=93.063
3 sat=  9- 30 L1 v=       -0.001 R= 0.000037  0.000252 lock= 0 x=-141.426 P=101.277
3 sat=  9-  4 P1 v=        0.616 R= 3.336049  3.788708 lock= 0 x=-24.813 P=92.516
3 sat=  9-  8 P1 v=       -0.383 R= 3.336049  8.302007 lock= 0 x=-5.575 P=93.531
3 sat=  9- 16 P1 v=        0.240 R= 3.336049  5.659527 lock= 0 x=-50.937 P=94.184
3 sat=  9- 27 P1 v=        0.014 R= 3.336049  6.035820 lock= 0 x=-38.922 P=93.063
3 sat=  9- 30 P1 v=       -0.226 R= 3.336049 22.660042 lock= 0 x=-141.426 P=101.277
3 sat= 39- 38 L1 v=       -0.000 R= 0.000091  0.000121 lock= 0 x=-60.720 P=94.932
3 sat= 39- 40 L1 v=       -0.002 R= 0.000091  0.000394 lock= 0 x=89.743 P=95.596
3 sat= 39- 41 L1 v=        0.001 R= 0.000091  0.000092 lock= 0 x=-49.079 P=93.297
3 sat= 39- 42 L1 v=       -0.002 R= 0.000091  0.000340 lock= 0 x=-10.698 P=95.181
3 sat= 39- 48 L1 v=       -0.000 R= 0.000091  0.000132 lock= 0 x=-45.294 P=93.866
3 sat= 39- 50 L1 v=        0.001 R= 0.000091  0.000640 lock= 0 x=35.200 P=96.173
3 sat= 39- 40 L2 v=       -0.004 R= 0.000091  0.000394 lock= 0 x=27.105 P=131.932
3 sat= 39- 41 L2 v=       -0.000 R= 0.000091  0.000092 lock= 0 x=-75.357 P=130.279
3 sat= 39- 48 L2 v=       -0.001 R= 0.000091  0.000132 lock= 0 x=-54.332 P=130.077
3 sat= 39- 50 L2 v=       -0.005 R= 0.000091  0.000640 lock= 0 x=-28.185 P=131.547
3 sat= 39- 38 P1 v=        1.804 R= 8.229739 10.922798 lock= 0 x=-60.720 P=94.932
3 sat= 39- 40 P1 v=       -0.419 R= 8.229739 35.446394 lock= 0 x=89.743 P=95.596
3 sat= 39- 41 P1 v=        2.246 R= 8.229739  8.266629 lock= 0 x=-49.079 P=93.297
3 sat= 39- 42 P1 v=        2.712 R= 8.229739 30.602729 lock= 0 x=-10.698 P=95.181
3 sat= 39- 48 P1 v=        1.775 R= 8.229739 11.923686 lock= 0 x=-45.294 P=93.866
3 sat= 39- 50 P1 v=        3.024 R= 8.229739 57.561687 lock= 0 x=35.200 P=96.173
3 sat= 39- 40 P2 v=       -0.562 R= 8.229739 35.446394 lock= 0 x=27.105 P=131.932
3 sat= 39- 41 P2 v=       -0.834 R= 8.229739  8.266629 lock= 0 x=-75.357 P=130.279
3 sat= 39- 48 P2 v=       -0.311 R= 8.229739 11.923686 lock= 0 x=-54.332 P=130.077
3 sat= 39- 50 P2 v=       -0.619 R= 8.229739 57.561687 lock= 0 x=-28.185 P=131.547
3 sat= 60- 63 L1 v=       -0.002 R= 0.000036  0.000039 lock= 0 x=-60.043 P=85.108
3 sat= 60- 68 L1 v=        0.001 R= 0.000036  0.000168 lock= 0 x=-29.578 P=90.599
3 sat= 60- 73 L1 v=        0.004 R= 0.000036  0.000105 lock= 0 x=-7.500 P=87.831
3 sat= 60- 78 L1 v=       -0.003 R= 0.000036  0.000060 lock= 0 x=-12.493 P=86.424
3 sat= 60- 80 L1 v=       -0.002 R= 0.000036  0.000060 lock= 0 x=-71.733 P=87.105
3 sat= 60- 90 L1 v=       -0.001 R= 0.000036  0.000095 lock= 0 x=-33.357 P=87.653
3 sat= 60- 63 P1 v=        0.996 R= 3.271930  3.470435 lock= 0 x=-60.043 P=85.108
3 sat= 60- 68 P1 v=        1.348 R= 3.271930 15.150820 lock= 0 x=-29.578 P=90.599
3 sat= 60- 73 P1 v=        1.875 R= 3.271930  9.486601 lock= 0 x=-7.500 P=87.831
3 sat= 60- 78 P1 v=       -0.810 R= 3.271930  5.389446 lock= 0 x=-12.493 P=86.424
3 sat= 60- 80 P1 v=       -0.224 R= 3.271930  5.412857 lock= 0 x=-71.733 P=87.105
3 sat= 60- 90 P1 v=        0.788 R= 3.271930  8.587036 lock= 0 x=-33.357 P=87.653
3 valpos  : nv=42 thres=4.0
3 posvar=0.240433
3 prevRatios = 0.000 0.000
3 Skip AR
3 sol_rr=    -1276971.701    -4717197.540     4087248.279          -0.002           0.001          -0.002
1 
---------------------------------------------------------
1 relpos: dt=0.005 nu=24 nr=26
1 ---------------------------------------------------------
3 satposs  : teph= 2020/12/24 22:08:19.005 n=24 ephopt=0
3 satposs  : teph= 2020/12/24 22:08:19.000 n=26 ephopt=0
3 base station:
3 zdres: n=26 rr=-1283433.94 -4713073.29 4090105.09
3 sat= 4 rs=   -20849.989 -24825923.428   9373292.758 dts=-0.0001671608 az= 141.8 el= 59.7
3 unhealthy satellite: sat=7 svh=3f
3 sat= 8 rs=  5089355.158 -25893272.783   -883572.232 dts=-0.0000040917 az= 143.6 el= 29.4
3 sat= 9 rs= -9322162.939 -17102439.394  17981582.609 dts=-0.0003052094 az= 289.1 el= 76.4
3 sat=16 rs=  9893399.280 -11055809.928  21779989.953 dts=-0.0002551588 az=  47.3 el= 39.3
3 sat=27 rs= 12304112.406 -20700187.176  10646065.816 dts=-0.0000418402 az=  98.6 el= 37.2
3 sat=30 rs=-24338754.537  -1715144.016  10803812.279 dts=-0.0003578175 az= 277.6 el= 16.2
3 sat=38 rs= -8299100.335 -23981498.865   2423061.491 dts= 0.0001897532 az= 186.7 el= 45.0
3 sat=39 rs=-12389766.118 -13631859.282  17650693.628 dts=-0.0000419300 az= 289.4 el= 63.2
3 sat=40 rs=-10318592.290   3864273.779  23052918.457 dts=-0.0000564558 az= 329.1 el= 19.9
3 sat=41 rs=-11235408.669 -12564659.232  19187103.224 dts= 0.0000148842 az= 303.4 el= 62.7
3 sat=42 rs=-23309064.956  -8586262.695   5618139.151 dts=-0.0000649858 az= 256.2 el= 21.6
3 sat=48 rs=  7042035.006  -9575171.048  22561380.009 dts=-0.0000094939 az=  36.7 el= 41.5
3 sat=50 rs= 19313540.106 -11465616.569  12064465.012 dts= 0.0000607964 az=  76.0 el= 15.0
3 sat=60 rs= -8805983.708 -20462871.974  19489126.016 dts=-0.0010103686 az= 282.7 el= 82.1
3 sat=63 rs=-13414721.445 -18089003.288  19205619.496 dts=-0.0006747669 az= 278.2 el= 69.4
3 sat=68 rs=-16813622.606   4279202.871  23976934.988 dts= 0.0058217663 az= 316.3 el= 20.3
3 sat=73 rs=  6527420.716 -28203278.673  -2388033.921 dts=-0.0012706424 az= 143.1 el= 26.9
3 sat=78 rs=  -570084.773 -29564267.403   1279842.030 dts= 0.0001612758 az= 157.6 el= 40.9
3 sat=80 rs= 11093450.393 -12482648.053  24441511.445 dts=-0.0006390822 az=  47.5 el= 40.8
3 sat=90 rs=-24350953.389 -16593717.061   2768224.751 dts=-0.0004767740 az= 237.3 el= 28.9
3 y=
        0.000         8.727         0.000        13.693        14.420         9.527         0.000        13.078         8.426        16.967        14.635        12.758        19.788        10.448        15.129         0.000        13.584         0.000        10.692        10.435         4.676         0.000         9.831         2.238        14.926        12.053
        0.000         0.000         0.000         0.000         0.000         0.000         0.000         0.000         0.000         0.000        23.849        21.175        30.339         0.000        24.869         0.000        22.370         0.000         0.000         0.000         0.000         0.000         0.000         0.000         0.000         0.000
        0.000         1.992         0.000         6.568         2.731         0.617         0.000         4.928         5.311         8.618        10.303        11.586        10.135         4.435         8.342         0.000        10.005         0.000         0.943        -0.248         1.293         0.000         2.282         1.586         2.152         3.204
        0.000         0.000         0.000         0.000         0.000         0.000         0.000         0.000         0.000         0.000        13.477        14.546        12.298         0.000        10.328         0.000        14.708         0.000         0.000         0.000         0.000         0.000         0.000         0.000         0.000         0.000
3 selsat  : nu=24 nr=26
3 before udstate: x=-1276971.7014 -4717197.5403 4087248.2785 -0.0019 0.0006 -0.0020 -0.0015 0.0001 -0.0009
3 udstate : ns=20
3 udpos : tt=1.000
3 pos var too high for accel term: 0.2404
3 udbias  : tt=1.000 ns=20
3 after udstate x=-1276971.7033 -4717197.5397 4087248.2765 -0.0034 0.0007 -0.0029 -0.0015 0.0001 -0.0009
3 rover: dt=0.005
3 zdres: n=24 rr=-1276971.70 -4717197.54 4087248.28
3 unhealthy satellite: sat=7 svh=3f
3 y=
        0.000   1641647.938         0.000   1641656.563   1641645.568   1641643.765         0.000   1641649.599   1641625.451   1641654.282   1641661.524   1641678.212   1641659.290   1641657.138   1641655.344         0.000   1641668.871   1641641.698   1641639.683   1641639.722   1641649.077   1641640.537   1641641.947   1641646.379
        0.000   1641638.408         0.000   1641656.884   1641643.535         0.000         0.000   1641649.681   1641628.341         0.000   1641656.757   1641670.447   1641654.953         0.000   1641654.551         0.000   1641658.340         0.000         0.000         0.000         0.000         0.000         0.000         0.000
        0.000   1641645.150         0.000   1641650.712   1641646.475   1641644.233         0.000   1641648.600   1641649.430   1641657.061   1641660.405   1641662.379   1641658.070   1641651.936   1641656.675         0.000   1641657.360   1641642.299   1641640.261   1641641.659   1641641.983   1641644.071   1641643.864   1641643.971
        0.000   1641642.464         0.000   1641649.737   1641643.307         0.000         0.000   1641646.032   1641646.516         0.000   1641655.654   1641657.725   1641655.361         0.000   1641652.872         0.000   1641657.587         0.000         0.000         0.000         0.000         0.000         0.000         0.000
3 ddres   : dt=0.0050 ns=20
3 sat=  9-  4 L1 v=       -0.002 R= 0.000037  0.000042 lock= 0 x=-24.984 P=92.516
3 sat=  9-  8 L1 v=        0.000 R= 0.000037  0.000092 lock= 0 x=-5.746 P=93.531
3 sat=  9- 16 L1 v=       -0.000 R= 0.000037  0.000063 lock= 0 x=-51.108 P=94.184
3 sat=  9- 27 L1 v=        0.003 R= 0.000037  0.000067 lock= 0 x=-39.093 P=93.063
3 sat=  9- 30 L1 v=       -0.006 R= 0.000037  0.000252 lock= 0 x=-141.598 P=101.277
3 sat=  9-  4 P1 v=        0.586 R= 3.335965  3.789060 lock= 0 x=-24.984 P=92.516
3 sat=  9-  8 P1 v=       -0.400 R= 3.335965  8.299223 lock= 0 x=-5.746 P=93.531
3 sat=  9- 16 P1 v=        0.128 R= 3.335965  5.660763 lock= 0 x=-51.108 P=94.184
3 sat=  9- 27 P1 v=        0.072 R= 3.335965  6.035192 lock= 0 x=-39.093 P=93.063
3 sat=  9- 30 P1 v=       -0.376 R= 3.335965 22.646950 lock= 0 x=-141.598 P=101.277
3 sat= 39- 38 L1 v=       -0.001 R= 0.000091  0.000121 lock= 0 x=-60.891 P=94.932
3 sat= 39- 40 L1 v=       -0.001 R= 0.000091  0.000394 lock= 0 x=89.572 P=95.596
3 sat= 39- 41 L1 v=        0.000 R= 0.000091  0.000092 lock= 0 x=-49.250 P=93.297
3 sat= 39- 42 L1 v=       -0.004 R= 0.000091  0.000340 lock= 0 x=-10.869 P=95.181
3 sat= 39- 48 L1 v=       -0.000 R= 0.000091  0.000133 lock= 0 x=-45.465 P=93.866
3 sat= 39- 50 L1 v=        0.001 R= 0.000091  0.000639 lock= 0 x=35.029 P=96.173
3 sat= 39- 40 L2 v=       -0.003 R= 0.000091  0.000394 lock= 0 x=27.070 P=131.932
3 sat= 39- 41 L2 v=        0.003 R= 0.000091  0.000092 lock= 0 x=-75.393 P=130.279
3 sat= 39- 48 L2 v=        0.001 R= 0.000091  0.000133 lock= 0 x=-54.367 P=130.077
3 sat= 39- 50 L2 v=        0.003 R= 0.000091  0.000639 lock= 0 x=-28.220 P=131.547
3 sat= 39- 38 P1 v=        1.659 R= 8.229488 10.925270 lock= 0 x=-60.891 P=94.932
3 sat= 39- 40 P1 v=       -0.691 R= 8.229488 35.423764 lock= 0 x=89.572 P=95.596
3 sat= 39- 41 P1 v=        2.167 R= 8.229488  8.266479 lock= 0 x=-49.250 P=93.297
3 sat= 39- 42 P1 v=        2.601 R= 8.229488 30.589419 lock= 0 x=-10.869 P=95.181
3 sat= 39- 48 P1 v=        1.769 R= 8.229488 11.925886 lock= 0 x=-45.465 P=93.866
3 sat= 39- 50 P1 v=        2.748 R= 8.229488 57.532875 lock= 0 x=35.029 P=96.173
3 sat= 39- 40 P2 v=       -1.002 R= 8.229488 35.423764 lock= 0 x=27.070 P=131.932
3 sat= 39- 41 P2 v=       -0.886 R= 8.229488  8.266479 lock= 0 x=-75.393 P=130.279
3 sat= 39- 48 P2 v=       -0.367 R= 8.229488 11.925886 lock= 0 x=-54.367 P=130.077
3 sat= 39- 50 P2 v=       -0.701 R= 8.229488 57.532875 lock= 0 x=-28.220 P=131.547
3 sat= 60- 63 L1 v=       -0.003 R= 0.000036  0.000039 lock= 0 x=-60.214 P=85.108
3 sat= 60- 68 L1 v=       -0.004 R= 0.000036  0.000168 lock= 0 x=-29.749 P=90.599
3 sat= 60- 73 L1 v=       -0.002 R= 0.000036  0.000105 lock= 0 x=-7.671 P=87.831
3 sat= 60- 78 L1 v=       -0.005 R= 0.000036  0.000060 lock= 0 x=-12.664 P=86.424
3 sat= 60- 80 L1 v=       -0.000 R= 0.000036  0.000060 lock= 0 x=-71.904 P=87.105
3 sat= 60- 90 L1 v=       -0.002 R= 0.000036  0.000095 lock= 0 x=-33.528 P=87.653
3 sat= 60- 63 P1 v=        0.848 R= 3.271915  3.470381 lock= 0 x=-60.214 P=85.108
3 sat= 60- 68 P1 v=        0.991 R= 3.271915 15.144319 lock= 0 x=-29.749 P=90.599
3 sat= 60- 73 P1 v=        1.656 R= 3.271915  9.483930 lock= 0 x=-7.671 P=87.831
3 sat= 60- 78 P1 v=       -1.128 R= 3.271915  5.390426 lock= 0 x=-12.664 P=86.424
3 sat= 60- 80 P1 v=       -0.356 R= 3.271915  5.413695 lock= 0 x=-71.904 P=87.105
3 sat= 60- 90 P1 v=        0.589 R= 3.271915  8.584876 lock= 0 x=-33.528 P=87.653
3 before filter x=-1276971.7033 -4717197.5397 4087248.2765 -0.0034 0.0007 -0.0029 -0.0015 0.0001 -0.0009
3 after filter x=-1276971.7098 -4717197.5573 4087248.3150 -0.0007 -0.0029 0.0026 -0.0001 -0.0017 0.0019
3 posvar=0.223353 
3 zdres: n=24 rr=-1276971.71 -4717197.56 4087248.32
3 unhealthy satellite: sat=7 svh=3f
3 y=
        0.000   1641647.965         0.000   1641656.569   1641645.607   1641643.798         0.000   1641649.620   1641625.466   1641654.298   1641661.562   1641678.240   1641659.330   1641657.150   1641655.379         0.000   1641668.883   1641641.738   1641639.722   1641639.749   1641649.082   1641640.550   1641641.981   1641646.390
        0.000   1641638.434         0.000   1641656.891   1641643.575         0.000         0.000   1641649.701   1641628.356         0.000   1641656.795   1641670.475   1641654.993         0.000   1641654.587         0.000   1641658.352         0.000         0.000         0.000         0.000         0.000         0.000         0.000
        0.000   1641645.176         0.000   1641650.718   1641646.515   1641644.266         0.000   1641648.620   1641649.445   1641657.077   1641660.443   1641662.407   1641658.109   1641651.948   1641656.711         0.000   1641657.372   1641642.339   1641640.299   1641641.685   1641641.987   1641644.083   1641643.898   1641643.983
        0.000   1641642.490         0.000   1641649.743   1641643.347         0.000         0.000   1641646.052   1641646.531         0.000   1641655.692   1641657.753   1641655.400         0.000   1641652.908         0.000   1641657.599         0.000         0.000         0.000         0.000         0.000         0.000         0.000
3 ddres   : dt=0.0050 ns=20
3 sat=  9-  4 L1 v=       -0.002 R= 0.000037  0.000042 lock= 0 x=-24.976 P=92.483
3 sat=  9-  8 L1 v=        0.001 R= 0.000037  0.000092 lock= 0 x=-5.840 P=93.419
3 sat=  9- 16 L1 v=       -0.001 R= 0.000037  0.000063 lock= 0 x=-51.070 P=94.034
3 sat=  9- 27 L1 v=        0.002 R= 0.000037  0.000067 lock= 0 x=-39.121 P=92.995
3 sat=  9- 30 L1 v=       -0.003 R= 0.000037  0.000252 lock= 0 x=-141.633 P=100.686
3 sat=  9-  4 P1 v=        0.599 R= 3.335965  3.789060 lock= 0 x=-24.976 P=92.483
3 sat=  9-  8 P1 v=       -0.367 R= 3.335965  8.299223 lock= 0 x=-5.840 P=93.419
3 sat=  9- 16 P1 v=        0.135 R= 3.335965  5.660763 lock= 0 x=-51.070 P=94.034
3 sat=  9- 27 P1 v=        0.092 R= 3.335965  6.035192 lock= 0 x=-39.121 P=92.995
3 sat=  9- 30 P1 v=       -0.351 R= 3.335965 22.646950 lock= 0 x=-141.633 P=100.686
3 sat= 39- 38 L1 v=        0.000 R= 0.000091  0.000121 lock= 0 x=-60.944 P=94.720
3 sat= 39- 40 L1 v=       -0.000 R= 0.000091  0.000394 lock= 0 x=89.585 P=95.392
3 sat= 39- 41 L1 v=        0.000 R= 0.000091  0.000092 lock= 0 x=-49.181 P=93.200
3 sat= 39- 42 L1 v=       -0.001 R= 0.000091  0.000340 lock= 0 x=-10.932 P=94.949
3 sat= 39- 48 L1 v=       -0.002 R= 0.000091  0.000133 lock= 0 x=-45.423 P=93.746
3 sat= 39- 50 L1 v=        0.000 R= 0.000091  0.000639 lock= 0 x=34.951 P=95.884
3 sat= 39- 40 L2 v=       -0.002 R= 0.000091  0.000394 lock= 0 x=27.067 P=131.816
3 sat= 39- 41 L2 v=        0.002 R= 0.000091  0.000092 lock= 0 x=-75.353 P=130.217
3 sat= 39- 48 L2 v=       -0.000 R= 0.000091  0.000133 lock= 0 x=-54.349 P=130.041
3 sat= 39- 50 L2 v=        0.002 R= 0.000091  0.000639 lock= 0 x=-28.296 P=131.392
3 sat= 39- 38 P1 v=        1.682 R= 8.229488 10.925270 lock= 0 x=-60.944 P=94.720
3 sat= 39- 40 P1 v=       -0.681 R= 8.229488 35.423764 lock= 0 x=89.585 P=95.392
3 sat= 39- 41 P1 v=        2.166 R= 8.229488  8.266479 lock= 0 x=-49.181 P=93.200
3 sat= 39- 42 P1 v=        2.628 R= 8.229488 30.589419 lock= 0 x=-10.932 P=94.949
3 sat= 39- 48 P1 v=        1.771 R= 8.229488 11.925886 lock= 0 x=-45.423 P=93.746
3 sat= 39- 50 P1 v=        2.773 R= 8.229488 57.532875 lock= 0 x=34.951 P=95.884
3 sat= 39- 40 P2 v=       -0.992 R= 8.229488 35.423764 lock= 0 x=27.067 P=131.816
3 sat= 39- 41 P2 v=       -0.887 R= 8.229488  8.266479 lock= 0 x=-75.353 P=130.217
3 sat= 39- 48 P2 v=       -0.365 R= 8.229488 11.925886 lock= 0 x=-54.349 P=130.041
3 sat= 39- 50 P2 v=       -0.676 R= 8.229488 57.532875 lock= 0 x=-28.296 P=131.392
3 sat= 60- 63 L1 v=       -0.002 R= 0.000036  0.000039 lock= 0 x=-60.166 P=85.069
3 sat= 60- 68 L1 v=       -0.002 R= 0.000036  0.000168 lock= 0 x=-29.754 P=90.199
3 sat= 60- 73 L1 v=       -0.001 R= 0.000036  0.000105 lock= 0 x=-7.796 P=87.599
3 sat= 60- 78 L1 v=       -0.004 R= 0.000036  0.000060 lock= 0 x=-12.744 P=86.298
3 sat= 60- 80 L1 v=       -0.001 R= 0.000036  0.000060 lock= 0 x=-71.887 P=86.935
3 sat= 60- 90 L1 v=        0.001 R= 0.000036  0.000095 lock= 0 x=-33.605 P=87.446
3 sat= 60- 63 P1 v=        0.849 R= 3.271915  3.470381 lock= 0 x=-60.166 P=85.069
3 sat= 60- 68 P1 v=        1.004 R= 3.271915 15.144319 lock= 0 x=-29.754 P=90.199
3 sat= 60- 73 P1 v=        1.691 R= 3.271915  9.483930 lock= 0 x=-7.796 P=87.599
3 sat= 60- 78 P1 v=       -1.101 R= 3.271915  5.390426 lock= 0 x=-12.744 P=86.298
3 sat= 60- 80 P1 v=       -0.350 R= 3.271915  5.413695 lock= 0 x=-71.887 P=86.935
3 sat= 60- 90 P1 v=        0.617 R= 3.271915  8.584876 lock= 0 x=-33.605 P=87.446
3 valpos  : nv=42 thres=4.0
3 posvar=0.223353
3 prevRatios = 0.000 0.000
3 Skip AR
3 sol_rr=    -1276971.710    -4717197.557     4087248.315          -0.001          -0.003           0.003
1 
---------------------------------------------------------
1 relpos: dt=0.005 nu=24 nr=26
1 ---------------------------------------------------------
3 satposs  : teph= 2020/12/24 22:08:20.005 n=24 ephopt=0
3 satposs  : teph= 2020/12/24 22:08:20.000 n=26 ephopt=0
3 base station:
3 zdres: n=26 rr=-1283433.94 -4713073.29 4090105.09
3 sat= 4 rs=   -20283.711 -24827003.897   9370426.515 dts=-0.0001671608 az= 141.8 el= 59.7
3 unhealthy satellite: sat=7 svh=3f
3 sat= 8 rs=  5089655.760 -25893323.366   -880363.853 dts=-0.0000040917 az= 143.6 el= 29.4
3 sat= 9 rs= -9321497.723 -17104647.583  17979831.353 dts=-0.0003052094 az= 289.0 el= 76.4
3 sat=16 rs=  9895293.866 -11053722.511  21780231.426 dts=-0.0002551588 az=  47.3 el= 39.2
3 sat=27 rs= 12304018.886 -20698786.625  10648891.904 dts=-0.0000418402 az=  98.6 el= 37.2
3 sat=30 rs=-24337512.932  -1715774.820  10806498.294 dts=-0.0003578176 az= 277.7 el= 16.2
3 sat=38 rs= -8299327.539 -23981780.001   2419519.461 dts= 0.0001897532 az= 186.7 el= 45.0
3 sat=39 rs=-12390494.483 -13634160.922  17648396.432 dts=-0.0000419300 az= 289.3 el= 63.2
3 sat=40 rs=-10319405.499   3861237.653  23053061.416 dts=-0.0000564558 az= 329.1 el= 19.9
3 sat=41 rs=-11232886.042 -12563950.530  19189039.664 dts= 0.0000148842 az= 303.4 el= 62.7
3 sat=42 rs=-23308352.262  -8585929.481   5621605.751 dts=-0.0000649858 az= 256.2 el= 21.6
3 sat=48 rs=  7045050.508  -9574486.701  22560741.921 dts=-0.0000094939 az=  36.7 el= 41.5
3 sat=50 rs= 19312222.944 -11464598.179  12067550.745 dts= 0.0000607964 az=  76.0 el= 15.0
3 sat=60 rs= -8804339.910 -20461809.635  19490985.123 dts=-0.0010103686 az= 282.8 el= 82.1
3 sat=63 rs=-13414721.278 -18090929.620  19203805.300 dts=-0.0006747669 az= 278.2 el= 69.4
3 sat=68 rs=-16813601.321   4276797.525  23977380.026 dts= 0.0058217663 az= 316.3 el= 20.3
3 sat=73 rs=  6527510.501 -28202891.465  -2385232.706 dts=-0.0012706424 az= 143.1 el= 26.9
3 sat=78 rs=  -570135.845 -29564396.546   1276840.354 dts= 0.0001612758 az= 157.6 el= 40.9
3 sat=80 rs= 11095566.639 -12481408.211  24441184.693 dts=-0.0006390822 az=  47.5 el= 40.8
3 sat=90 rs=-24350772.700 -16593478.580   2771253.399 dts=-0.0004767740 az= 237.3 el= 28.9
3 y=
        0.000         8.765         0.000        13.731        14.457         9.563         0.000        13.116         8.463        17.003        14.675        12.791        19.828        10.482        15.169         0.000        13.627         0.000        10.730        10.474         4.714         0.000         9.871         2.277        14.964        12.091
        0.000         0.000         0.000         0.000         0.000         0.000         0.000         0.000         0.000         0.000        23.890        21.207        30.380         0.000        24.907         0.000        22.415         0.000         0.000         0.000         0.000         0.000         0.000         0.000         0.000         0.000
        0.000         2.063         0.000         6.679         2.744         0.644         0.000         4.947         5.243         8.665        10.364        11.508        10.194         4.479         8.409         0.000        10.054         0.000         0.964        -0.234         1.229         0.000         2.311         1.624         2.177         3.237
        0.000         0.000         0.000         0.000         0.000         0.000         0.000         0.000         0.000         0.000        13.515        14.772        12.362         0.000        10.251         0.000        14.765         0.000         0.000         0.000         0.000         0.000         0.000         0.000         0.000         0.000
3 selsat  : nu=24 nr=26
3 before udstate: x=-1276971.7098 -4717197.5573 4087248.3150 -0.0007 -0.0029 0.0026 -0.0001 -0.0017 0.0019
3 udstate : ns=20
3 udpos : tt=1.000
3 pos var too high for accel term: 0.2234
3 udbias  : tt=1.000 ns=20
3 after udstate x=-1276971.7105 -4717197.5603 4087248.3176 -0.0009 -0.0046 0.0044 -0.0001 -0.0017 0.0019
3 rover: dt=0.005
3 zdres: n=24 rr=-1276971.71 -4717197.56 4087248.32
3 unhealthy satellite: sat=7 svh=3f
3 y=
        0.000   1641730.705         0.000   1641739.310   1641728.347   1641726.534         0.000   1641732.359   1641708.202   1641737.034   1641744.305   1641760.975   1641742.071   1641739.883   1641738.119         0.000   1641751.625   1641724.481   1641722.461   1641722.485   1641731.820   1641723.288   1641724.719   1641729.129
        0.000   1641721.175         0.000   1641739.631   1641726.316         0.000         0.000   1641732.438   1641711.096         0.000   1641739.539   1641753.208   1641737.737         0.000   1641737.323         0.000   1641741.097         0.000         0.000         0.000         0.000         0.000         0.000         0.000
        0.000   1641727.941         0.000   1641733.511   1641729.228   1641727.070         0.000   1641731.352   1641732.366   1641739.842   1641743.186   1641745.258   1641740.894   1641734.693   1641739.468         0.000   1641740.224   1641725.044   1641722.955   1641724.444   1641725.063   1641726.986   1641726.666   1641726.705
        0.000   1641725.199         0.000   1641732.449   1641726.095         0.000         0.000   1641728.684   1641729.188         0.000   1641738.406   1641740.417   1641738.134         0.000   1641735.682         0.000   1641740.363         0.000         0.000         0.000         0.000         0.000         0.000         0.000
3 ddres   : dt=0.0050 ns=20
3 sat=  9-  4 L1 v=       -0.001 R= 0.000037  0.000042 lock= 0 x=-25.304 P=92.483
3 sat=  9-  8 L1 v=        0.001 R= 0.000037  0.000092 lock= 0 x=-6.168 P=93.419
3 sat=  9- 16 L1 v=        0.002 R= 0.000037  0.000063 lock= 0 x=-51.399 P=94.034
3 sat=  9- 27 L1 v=        0.004 R= 0.000037  0.000067 lock= 0 x=-39.449 P=92.995
3 sat=  9- 30 L1 v=        0.000 R= 0.000037  0.000251 lock= 0 x=-141.961 P=100.686
3 sat=  9-  4 P1 v=        0.606 R= 3.335881  3.789413 lock= 0 x=-25.304 P=92.483
3 sat=  9-  8 P1 v=       -0.347 R= 3.335881  8.296441 lock= 0 x=-6.168 P=93.419
3 sat=  9- 16 P1 v=        0.058 R= 3.335881  5.662000 lock= 0 x=-51.399 P=94.034
3 sat=  9- 27 P1 v=        0.078 R= 3.335881  6.034565 lock= 0 x=-39.449 P=92.995
3 sat=  9- 30 P1 v=       -0.639 R= 3.335881 22.633870 lock= 0 x=-141.961 P=100.686
3 sat= 39- 38 L1 v=        0.002 R= 0.000091  0.000121 lock= 0 x=-61.273 P=94.720
3 sat= 39- 40 L1 v=       -0.000 R= 0.000091  0.000393 lock= 0 x=89.257 P=95.392
3 sat= 39- 41 L1 v=        0.001 R= 0.000091  0.000092 lock= 0 x=-49.509 P=93.200
3 sat= 39- 42 L1 v=        0.003 R= 0.000091  0.000340 lock= 0 x=-11.260 P=94.949
3 sat= 39- 48 L1 v=        0.001 R= 0.000091  0.000133 lock= 0 x=-45.752 P=93.746
3 sat= 39- 50 L1 v=        0.004 R= 0.000091  0.000639 lock= 0 x=34.622 P=95.884
3 sat= 39- 40 L2 v=       -0.001 R= 0.000091  0.000393 lock= 0 x=27.201 P=131.816
3 sat= 39- 41 L2 v=        0.002 R= 0.000091  0.000092 lock= 0 x=-75.219 P=130.217
3 sat= 39- 48 L2 v=        0.005 R= 0.000091  0.000133 lock= 0 x=-54.215 P=130.041
3 sat= 39- 50 L2 v=        0.005 R= 0.000091  0.000639 lock= 0 x=-28.162 P=131.392
3 sat= 39- 38 P1 v=        1.646 R= 8.229237 10.927744 lock= 0 x=-61.273 P=94.720
3 sat= 39- 40 P1 v=       -0.928 R= 8.229237 35.401160 lock= 0 x=89.257 P=95.392
3 sat= 39- 41 P1 v=        2.122 R= 8.229237  8.266329 lock= 0 x=-49.509 P=93.200
3 sat= 39- 42 P1 v=        2.608 R= 8.229237 30.576121 lock= 0 x=-11.260 P=94.949
3 sat= 39- 48 P1 v=        1.762 R= 8.229237 11.928087 lock= 0 x=-45.752 P=93.746
3 sat= 39- 50 P1 v=        2.652 R= 8.229237 57.504093 lock= 0 x=34.622 P=95.884
3 sat= 39- 40 P2 v=       -0.754 R= 8.229237 35.401160 lock= 0 x=27.201 P=131.816
3 sat= 39- 41 P2 v=       -0.881 R= 8.229237  8.266329 lock= 0 x=-75.219 P=130.217
3 sat= 39- 48 P2 v=       -0.541 R= 8.229237 11.928087 lock= 0 x=-54.215 P=130.041
3 sat= 39- 50 P2 v=       -0.707 R= 8.229237 57.504093 lock= 0 x=-28.162 P=131.392
3 sat= 60- 63 L1 v=        0.003 R= 0.000036  0.000039 lock= 0 x=-60.494 P=85.069
3 sat= 60- 68 L1 v=        0.005 R= 0.000036  0.000168 lock= 0 x=-30.082 P=90.199
3 sat= 60- 73 L1 v=        0.006 R= 0.000036  0.000105 lock= 0 x=-8.124 P=87.599
3 sat= 60- 78 L1 v=        0.002 R= 0.000036  0.000060 lock= 0 x=-13.072 P=86.298
3 sat= 60- 80 L1 v=        0.004 R= 0.000036  0.000060 lock= 0 x=-72.215 P=86.935
3 sat= 60- 90 L1 v=        0.006 R= 0.000036  0.000095 lock= 0 x=-33.933 P=87.446
3 sat= 60- 63 P1 v=        0.890 R= 3.271900  3.470328 lock= 0 x=-60.494 P=85.069
3 sat= 60- 68 P1 v=        0.865 R= 3.271900 15.137823 lock= 0 x=-30.082 P=90.199
3 sat= 60- 73 P1 v=        1.329 R= 3.271900  9.481261 lock= 0 x=-8.124 P=87.599
3 sat= 60- 78 P1 v=       -1.283 R= 3.271900  5.391407 lock= 0 x=-13.072 P=86.298
3 sat= 60- 80 P1 v=       -0.410 R= 3.271900  5.414532 lock= 0 x=-72.215 P=86.935
3 sat= 60- 90 P1 v=        0.611 R= 3.271900  8.582718 lock= 0 x=-33.933 P=87.446
3 before filter x=-1276971.7105 -4717197.5603 4087248.3176 -0.0009 -0.0046 0.0044 -0.0001 -0.0017 0.0019
3 after filter x=-1276971.7199 -4717197.5653 4087248.3261 0.0027 0.0039 -0.0025 0.0017 0.0026 -0.0016
3 posvar=0.208169 
3 zdres: n=24 rr=-1276971.72 -4717197.57 4087248.33
3 unhealthy satellite: sat=7 svh=3f
3 y=
        0.000   1641730.711         0.000   1641739.310   1641728.360   1641726.538         0.000   1641732.359   1641708.213   1641737.041   1641744.318   1641760.984   1641742.085   1641739.894   1641738.124         0.000   1641751.621   1641724.493   1641722.474   1641722.496   1641731.820   1641723.292   1641724.723   1641729.139
        0.000   1641721.181         0.000   1641739.631   1641726.329         0.000         0.000   1641732.439   1641711.107         0.000   1641739.552   1641753.217   1641737.751         0.000   1641737.328         0.000   1641741.093         0.000         0.000         0.000         0.000         0.000         0.000         0.000
        0.000   1641727.948         0.000   1641733.511   1641729.240   1641727.074         0.000   1641731.353   1641732.377   1641739.849   1641743.200   1641745.267   1641740.907   1641734.703   1641739.473         0.000   1641740.220   1641725.056   1641722.968   1641724.454   1641725.062   1641726.990   1641726.670   1641726.716
        0.000   1641725.206         0.000   1641732.449   1641726.107         0.000         0.000   1641728.685   1641729.199         0.000   1641738.420   1641740.426   1641738.147         0.000   1641735.687         0.000   1641740.359         0.000         0.000         0.000         0.000         0.000         0.000         0.000
3 ddres   : dt=0.0050 ns=20
3 sat=  9-  4 L1 v=       -0.002 R= 0.000037  0.000042 lock= 0 x=-25.297 P=92.454
3 sat=  9-  8 L1 v=       -0.001 R= 0.000037  0.000092 lock= 0 x=-6.205 P=93.320
3 sat=  9- 16 L1 v=       -0.001 R= 0.000037  0.000063 lock= 0 x=-51.416 P=93.900
3 sat=  9- 27 L1 v=        0.001 R= 0.000037  0.000067 lock= 0 x=-39.484 P=92.935
3 sat=  9- 30 L1 v=       -0.003 R= 0.000037  0.000251 lock= 0 x=-141.945 P=100.158
3 sat=  9-  4 P1 v=        0.612 R= 3.335881  3.789413 lock= 0 x=-25.297 P=92.454
3 sat=  9-  8 P1 v=       -0.335 R= 3.335881  8.296441 lock= 0 x=-6.205 P=93.320
3 sat=  9- 16 P1 v=        0.067 R= 3.335881  5.662000 lock= 0 x=-51.416 P=93.900
3 sat=  9- 27 P1 v=        0.091 R= 3.335881  6.034565 lock= 0 x=-39.484 P=92.935
3 sat=  9- 30 P1 v=       -0.637 R= 3.335881 22.633870 lock= 0 x=-141.945 P=100.158
3 sat= 39- 38 L1 v=        0.001 R= 0.000091  0.000121 lock= 0 x=-61.271 P=94.531
3 sat= 39- 40 L1 v=       -0.003 R= 0.000091  0.000393 lock= 0 x=89.257 P=95.210
3 sat= 39- 41 L1 v=        0.001 R= 0.000091  0.000092 lock= 0 x=-49.470 P=93.115
3 sat= 39- 42 L1 v=        0.000 R= 0.000091  0.000340 lock= 0 x=-11.248 P=94.742
3 sat= 39- 48 L1 v=       -0.001 R= 0.000091  0.000133 lock= 0 x=-45.766 P=93.639
3 sat= 39- 50 L1 v=       -0.000 R= 0.000091  0.000639 lock= 0 x=34.547 P=95.630
3 sat= 39- 40 L2 v=       -0.004 R= 0.000091  0.000393 lock= 0 x=27.203 P=131.712
3 sat= 39- 41 L2 v=        0.002 R= 0.000091  0.000092 lock= 0 x=-75.187 P=130.162
3 sat= 39- 48 L2 v=        0.003 R= 0.000091  0.000133 lock= 0 x=-54.225 P=130.008
3 sat= 39- 50 L2 v=        0.000 R= 0.000091  0.000639 lock= 0 x=-28.219 P=131.257
3 sat= 39- 38 P1 v=        1.652 R= 8.229237 10.927744 lock= 0 x=-61.271 P=94.531
3 sat= 39- 40 P1 v=       -0.923 R= 8.229237 35.401160 lock= 0 x=89.257 P=95.210
3 sat= 39- 41 P1 v=        2.122 R= 8.229237  8.266329 lock= 0 x=-49.470 P=93.115
3 sat= 39- 42 P1 v=        2.611 R= 8.229237 30.576121 lock= 0 x=-11.248 P=94.742
3 sat= 39- 48 P1 v=        1.771 R= 8.229237 11.928087 lock= 0 x=-45.766 P=93.639
3 sat= 39- 50 P1 v=        2.669 R= 8.229237 57.504093 lock= 0 x=34.547 P=95.630
3 sat= 39- 40 P2 v=       -0.749 R= 8.229237 35.401160 lock= 0 x=27.203 P=131.712
3 sat= 39- 41 P2 v=       -0.881 R= 8.229237  8.266329 lock= 0 x=-75.187 P=130.162
3 sat= 39- 48 P2 v=       -0.532 R= 8.229237 11.928087 lock= 0 x=-54.225 P=130.008
3 sat= 39- 50 P2 v=       -0.690 R= 8.229237 57.504093 lock= 0 x=-28.219 P=131.257
3 sat= 60- 63 L1 v=        0.002 R= 0.000036  0.000039 lock= 0 x=-60.467 P=85.036
3 sat= 60- 68 L1 v=        0.002 R= 0.000036  0.000168 lock= 0 x=-30.089 P=89.844
3 sat= 60- 73 L1 v=        0.002 R= 0.000036  0.000105 lock= 0 x=-8.185 P=87.394
3 sat= 60- 78 L1 v=        0.000 R= 0.000036  0.000060 lock= 0 x=-13.103 P=86.186
3 sat= 60- 80 L1 v=        0.002 R= 0.000036  0.000060 lock= 0 x=-72.250 P=86.783
3 sat= 60- 90 L1 v=        0.004 R= 0.000036  0.000095 lock= 0 x=-33.934 P=87.259
3 sat= 60- 63 P1 v=        0.889 R= 3.271900  3.470328 lock= 0 x=-60.467 P=85.036
3 sat= 60- 68 P1 v=        0.867 R= 3.271900 15.137823 lock= 0 x=-30.089 P=89.844
3 sat= 60- 73 P1 v=        1.341 R= 3.271900  9.481261 lock= 0 x=-8.185 P=87.394
3 sat= 60- 78 P1 v=       -1.274 R= 3.271900  5.391407 lock= 0 x=-13.103 P=86.186
3 sat= 60- 80 P1 v=       -0.401 R= 3.271900  5.414532 lock= 0 x=-72.250 P=86.783
3 sat= 60- 90 P1 v=        0.613 R= 3.271900  8.582718 lock= 0 x=-33.934 P=87.259
3 valpos  : nv=42 thres=4.0
3 posvar=0.208169
3 prevRatios = 0.000 0.000
3 Skip AR
3 sol_rr=    -1276971.720    -4717197.565     4087248.326           0.003           0.004          -0.002
1 
---------------------------------------------------------
1 relpos: dt=0.005 nu=24 nr=26
1 ---------------------------------------------------------
3 satposs  : teph= 2020/12/24 22:08:21.005 n=24 ephopt=0
3 satposs  : teph= 2020/12/24 22:08:21.000 n=26 ephopt=0
3 base station:
3 zdres: n=26 rr=-1283433.94 -4713073.29 4090105.09
3 sat= 4 rs=   -19717.591 -24828084.051   9367560.073 dts=-0.0001671608 az= 141.8 el= 59.7
3 unhealthy satellite: sat=7 svh=3f
3 sat= 8 rs=  5089956.272 -25893373.571   -877155.455 dts=-0.0000040917 az= 143.6 el= 29.4
3 sat= 9 rs= -9320832.680 -17106855.594  17978079.711 dts=-0.0003052094 az= 289.0 el= 76.4
3 sat=16 rs=  9897188.594 -11051635.188  21780472.425 dts=-0.0002551588 az=  47.3 el= 39.2
3 sat=27 rs= 12303925.367 -20697385.717  10651717.760 dts=-0.0000418403 az=  98.6 el= 37.2
3 sat=30 rs=-24336271.038  -1716405.778  10809184.082 dts=-0.0003578176 az= 277.7 el= 16.2
3 sat=38 rs= -8299554.629 -23982060.654   2415977.372 dts= 0.0001897532 az= 186.7 el= 45.0
3 sat=39 rs=-12391222.953 -13636462.202  17646098.812 dts=-0.0000419300 az= 289.3 el= 63.2
3 sat=40 rs=-10320218.958   3858201.573  23053203.824 dts=-0.0000564558 az= 329.1 el= 19.9
3 sat=41 rs=-11230363.102 -12563241.963  19190975.646 dts= 0.0000148842 az= 303.5 el= 62.7
3 sat=42 rs=-23307639.081  -8585596.210   5625072.215 dts=-0.0000649858 az= 256.2 el= 21.7
3 sat=48 rs=  7048065.978  -9573802.615  22560103.291 dts=-0.0000094939 az=  36.7 el= 41.5
3 sat=50 rs= 19310905.570 -11463579.383  12070636.188 dts= 0.0000607964 az=  76.0 el= 15.0
3 sat=60 rs= -8802695.870 -20460747.331  19492843.929 dts=-0.0010103686 az= 282.8 el= 82.1
3 sat=63 rs=-13414721.257 -18092855.771  19201990.809 dts=-0.0006747669 az= 278.2 el= 69.4
3 sat=68 rs=-16813580.217   4274392.133  23977824.695 dts= 0.0058217663 az= 316.3 el= 20.3
3 sat=73 rs=  6527600.270 -28202503.961  -2382431.452 dts=-0.0012706424 az= 143.1 el= 26.9
3 sat=78 rs=  -570186.930 -29564525.385   1273838.658 dts= 0.0001612758 az= 157.6 el= 40.9
3 sat=80 rs= 11097682.955 -12480168.553  24440857.565 dts=-0.0006390822 az=  47.5 el= 40.8
3 sat=90 rs=-24350591.732 -16593239.958   2774282.004 dts=-0.0004767740 az= 237.3 el= 28.9
3 y=
        0.000         8.824         0.000        13.794        14.517         9.620         0.000        13.176         8.527        17.058        14.741        12.851        19.884        10.538        15.231         0.000        13.688         0.000        10.789        10.534         4.772         0.000         9.931         2.334        15.024        12.152
        0.000         0.000         0.000         0.000         0.000         0.000         0.000         0.000         0.000         0.000        23.956        21.269        30.437         0.000        24.968         0.000        22.474         0.000         0.000         0.000         0.000         0.000         0.000         0.000         0.000         0.000
        0.000         2.119         0.000         6.770         2.775         0.683         0.000         4.930         5.137         8.622        10.383        11.527        10.259         4.625         8.557         0.000        10.161         0.000         1.037        -0.157         1.263         0.000         2.301         1.654         2.224         3.404
        0.000         0.000         0.000         0.000         0.000         0.000         0.000         0.000         0.000         0.000        13.624        14.791        12.387         0.000        10.175         0.000        14.979         0.000         0.000         0.000         0.000         0.000         0.000         0.000         0.000         0.000
3 selsat  : nu=24 nr=26
3 before udstate: x=-1276971.7199 -4717197.5653 4087248.3261 0.0027 0.0039 -0.0025 0.0017 0.0026 -0.0016
3 udstate : ns=20
3 udpos : tt=1.000
3 pos var too high for accel term: 0.2082
3 udbias  : tt=1.000 ns=20
3 after udstate x=-1276971.7172 -4717197.5613 4087248.3236 0.0044 0.0065 -0.0041 0.0017 0.0026 -0.0016
3 rover: dt=0.005
3 zdres: n=24 rr=-1276971.72 -4717197.56 4087248.32
3 unhealthy satellite: sat=7 svh=3f
3 y=
        0.000   1641813.417         0.000   1641822.018   1641811.065   1641809.242         0.000   1641815.066   1641790.919   1641819.742   1641827.027   1641843.692   1641824.786   1641822.595   1641820.834         0.000   1641834.330   1641807.194   1641805.179   1641805.201   1641814.526   1641805.997   1641807.429   1641811.842
        0.000   1641803.883         0.000   1641822.337   1641809.031         0.000         0.000   1641815.146   1641793.809         0.000   1641822.262   1641835.923   1641820.451         0.000   1641820.037         0.000   1641823.803         0.000         0.000         0.000         0.000         0.000         0.000         0.000
        0.000   1641810.617         0.000   1641816.244   1641811.941   1641809.802         0.000   1641814.080   1641815.069   1641822.625   1641825.790   1641828.021   1641823.506   1641817.436   1641822.162         0.000   1641822.995   1641807.793   1641805.904   1641807.201   1641807.692   1641809.762   1641809.578   1641809.325
        0.000   1641807.879         0.000   1641815.122   1641808.733         0.000         0.000   1641811.347   1641811.868         0.000   1641821.213   1641822.997   1641820.760         0.000   1641818.496         0.000   1641823.113         0.000         0.000         0.000         0.000         0.000         0.000         0.000
3 ddres   : dt=0.0050 ns=20
3 sat=  9-  4 L1 v=       -0.004 R= 0.000037  0.000042 lock= 0 x=-25.454 P=92.454
3 sat=  9-  8 L1 v=       -0.002 R= 0.000037  0.000092 lock= 0 x=-6.362 P=93.320
3 sat=  9- 16 L1 v=       -0.004 R= 0.000037  0.000063 lock= 0 x=-51.573 P=93.900
3 sat=  9- 27 L1 v=       -0.001 R= 0.000037  0.000067 lock= 0 x=-39.641 P=92.935
3 sat=  9- 30 L1 v=       -0.001 R= 0.000037  0.000251 lock= 0 x=-142.103 P=100.158
3 sat=  9-  4 P1 v=        0.668 R= 3.335798  3.789766 lock= 0 x=-25.454 P=92.454
3 sat=  9-  8 P1 v=       -0.308 R= 3.335798  8.293661 lock= 0 x=-6.362 P=93.320
3 sat=  9- 16 P1 v=        0.047 R= 3.335798  5.663237 lock= 0 x=-51.573 P=93.900
3 sat=  9- 27 P1 v=        0.016 R= 3.335798  6.033938 lock= 0 x=-39.641 P=92.935
3 sat=  9- 30 P1 v=       -0.766 R= 3.335798 22.620802 lock= 0 x=-142.103 P=100.158
3 sat= 39- 38 L1 v=       -0.002 R= 0.000091  0.000121 lock= 0 x=-61.428 P=94.531
3 sat= 39- 40 L1 v=       -0.009 R= 0.000091  0.000393 lock= 0 x=89.100 P=95.210
3 sat= 39- 41 L1 v=       -0.002 R= 0.000091  0.000092 lock= 0 x=-49.627 P=93.115
3 sat= 39- 42 L1 v=       -0.003 R= 0.000091  0.000340 lock= 0 x=-11.405 P=94.742
3 sat= 39- 48 L1 v=       -0.006 R= 0.000091  0.000133 lock= 0 x=-45.924 P=93.639
3 sat= 39- 50 L1 v=       -0.006 R= 0.000091  0.000639 lock= 0 x=34.390 P=95.630
3 sat= 39- 40 L2 v=       -0.003 R= 0.000091  0.000393 lock= 0 x=27.187 P=131.712
3 sat= 39- 41 L2 v=        0.002 R= 0.000091  0.000092 lock= 0 x=-75.203 P=130.162
3 sat= 39- 48 L2 v=       -0.002 R= 0.000091  0.000133 lock= 0 x=-54.242 P=130.008
3 sat= 39- 50 L2 v=       -0.008 R= 0.000091  0.000639 lock= 0 x=-28.235 P=131.257
3 sat= 39- 38 P1 v=        1.404 R= 8.228986 10.930219 lock= 0 x=-61.428 P=94.531
3 sat= 39- 40 P1 v=       -1.087 R= 8.228986 35.378582 lock= 0 x=89.100 P=95.210
3 sat= 39- 41 P1 v=        2.159 R= 8.228986  8.266179 lock= 0 x=-49.627 P=93.115
3 sat= 39- 42 P1 v=        2.596 R= 8.228986 30.562833 lock= 0 x=-11.405 P=94.742
3 sat= 39- 48 P1 v=        1.802 R= 8.228986 11.930289 lock= 0 x=-45.924 P=93.639
3 sat= 39- 50 P1 v=        2.573 R= 8.228986 57.475341 lock= 0 x=34.390 P=95.630
3 sat= 39- 40 P2 v=       -0.617 R= 8.228986 35.378582 lock= 0 x=27.187 P=131.712
3 sat= 39- 41 P2 v=       -0.785 R= 8.228986  8.266179 lock= 0 x=-75.203 P=130.162
3 sat= 39- 48 P2 v=       -0.732 R= 8.228986 11.930289 lock= 0 x=-54.242 P=130.008
3 sat= 39- 50 P2 v=       -0.545 R= 8.228986 57.475341 lock= 0 x=-28.235 P=131.257
3 sat= 60- 63 L1 v=       -0.002 R= 0.000036  0.000039 lock= 0 x=-60.624 P=85.036
3 sat= 60- 68 L1 v=       -0.005 R= 0.000036  0.000168 lock= 0 x=-30.247 P=89.844
3 sat= 60- 73 L1 v=       -0.002 R= 0.000036  0.000105 lock= 0 x=-8.342 P=87.394
3 sat= 60- 78 L1 v=       -0.006 R= 0.000036  0.000060 lock= 0 x=-13.261 P=86.186
3 sat= 60- 80 L1 v=       -0.004 R= 0.000036  0.000060 lock= 0 x=-72.407 P=86.783
3 sat= 60- 90 L1 v=        0.002 R= 0.000036  0.000095 lock= 0 x=-34.091 P=87.259
3 sat= 60- 63 P1 v=        0.694 R= 3.271885  3.470274 lock= 0 x=-60.624 P=85.036
3 sat= 60- 68 P1 v=        0.818 R= 3.271885 15.131332 lock= 0 x=-30.247 P=89.844
3 sat= 60- 73 P1 v=        1.365 R= 3.271885  9.478593 lock= 0 x=-8.342 P=87.394
3 sat= 60- 78 P1 v=       -1.353 R= 3.271885  5.392388 lock= 0 x=-13.261 P=86.186
3 sat= 60- 80 P1 v=       -0.598 R= 3.271885  5.415370 lock= 0 x=-72.407 P=86.783
3 sat= 60- 90 P1 v=        0.835 R= 3.271885  8.580560 lock= 0 x=-34.091 P=87.259
3 before filter x=-1276971.7172 -4717197.5613 4087248.3236 0.0044 0.0065 -0.0041 0.0017 0.0026 -0.0016
3 after filter x=-1276971.7335 -4717197.5830 4087248.3606 -0.0017 0.0020 -0.0013 -0.0014 0.0003 -0.0002
3 posvar=0.194577 
3 zdres: n=24 rr=-1276971.73 -4717197.58 4087248.36
3 unhealthy satellite: sat=7 svh=3f
3 y=
        0.000   1641813.446         0.000   1641822.025   1641811.110   1641809.270         0.000   1641815.083   1641790.942   1641819.765   1641827.072   1641843.721   1641824.831   1641822.617   1641820.865         0.000   1641834.334   1641807.239   1641805.224   1641805.231   1641814.531   1641806.014   1641807.458   1641811.865
        0.000   1641803.913         0.000   1641822.345   1641809.076         0.000         0.000   1641815.163   1641793.832         0.000   1641822.306   1641835.952   1641820.496         0.000   1641820.068         0.000   1641823.808         0.000         0.000         0.000         0.000         0.000         0.000         0.000
        0.000   1641810.646         0.000   1641816.252   1641811.986   1641809.830         0.000   1641814.097   1641815.093   1641822.648   1641825.834   1641828.050   1641823.551   1641817.458   1641822.193         0.000   1641823.000   1641807.837   1641805.949   1641807.231   1641807.697   1641809.779   1641809.607   1641809.347
        0.000   1641807.908         0.000   1641815.130   1641808.778         0.000         0.000   1641811.364   1641811.892         0.000   1641821.257   1641823.026   1641820.805         0.000   1641818.527         0.000   1641823.118         0.000         0.000         0.000         0.000         0.000         0.000         0.000
3 ddres   : dt=0.0050 ns=20
3 sat=  9-  4 L1 v=       -0.003 R= 0.000037  0.000042 lock= 0 x=-25.441 P=92.428
3 sat=  9-  8 L1 v=        0.000 R= 0.000037  0.000092 lock= 0 x=-6.457 P=93.232
3 sat=  9- 16 L1 v=       -0.001 R= 0.000037  0.000063 lock= 0 x=-51.557 P=93.780
3 sat=  9- 27 L1 v=        0.002 R= 0.000037  0.000067 lock= 0 x=-39.685 P=92.882
3 sat=  9- 30 L1 v=       -0.000 R= 0.000037  0.000251 lock= 0 x=-142.126 P=99.684
3 sat=  9-  4 P1 v=        0.684 R= 3.335798  3.789766 lock= 0 x=-25.441 P=92.428
3 sat=  9-  8 P1 v=       -0.271 R= 3.335798  8.293661 lock= 0 x=-6.457 P=93.232
3 sat=  9- 16 P1 v=        0.064 R= 3.335798  5.663237 lock= 0 x=-51.557 P=93.780
3 sat=  9- 27 P1 v=        0.044 R= 3.335798  6.033938 lock= 0 x=-39.685 P=92.882
3 sat=  9- 30 P1 v=       -0.744 R= 3.335798 22.620802 lock= 0 x=-142.126 P=99.684
3 sat= 39- 38 L1 v=       -0.001 R= 0.000091  0.000121 lock= 0 x=-61.464 P=94.362
3 sat= 39- 40 L1 v=       -0.006 R= 0.000091  0.000393 lock= 0 x=89.107 P=95.046
3 sat= 39- 41 L1 v=       -0.001 R= 0.000091  0.000092 lock= 0 x=-49.547 P=93.039
3 sat= 39- 42 L1 v=       -0.003 R= 0.000091  0.000340 lock= 0 x=-11.446 P=94.555
3 sat= 39- 48 L1 v=       -0.003 R= 0.000091  0.000133 lock= 0 x=-45.901 P=93.543
3 sat= 39- 50 L1 v=       -0.001 R= 0.000091  0.000639 lock= 0 x=34.280 P=95.405
3 sat= 39- 40 L2 v=       -0.001 R= 0.000091  0.000393 lock= 0 x=27.182 P=131.619
3 sat= 39- 41 L2 v=        0.002 R= 0.000091  0.000092 lock= 0 x=-75.151 P=130.113
3 sat= 39- 48 L2 v=        0.002 R= 0.000091  0.000133 lock= 0 x=-54.234 P=129.979
3 sat= 39- 50 L2 v=       -0.002 R= 0.000091  0.000639 lock= 0 x=-28.328 P=131.137
3 sat= 39- 38 P1 v=        1.426 R= 8.228986 10.930219 lock= 0 x=-61.464 P=94.362
3 sat= 39- 40 P1 v=       -1.072 R= 8.228986 35.378582 lock= 0 x=89.107 P=95.046
3 sat= 39- 41 P1 v=        2.159 R= 8.228986  8.266179 lock= 0 x=-49.547 P=93.039
3 sat= 39- 42 P1 v=        2.618 R= 8.228986 30.562833 lock= 0 x=-11.446 P=94.555
3 sat= 39- 48 P1 v=        1.815 R= 8.228986 11.930289 lock= 0 x=-45.901 P=93.543
3 sat= 39- 50 P1 v=        2.612 R= 8.228986 57.475341 lock= 0 x=34.280 P=95.405
3 sat= 39- 40 P2 v=       -0.602 R= 8.228986 35.378582 lock= 0 x=27.182 P=131.619
3 sat= 39- 41 P2 v=       -0.785 R= 8.228986  8.266179 lock= 0 x=-75.151 P=130.113
3 sat= 39- 48 P2 v=       -0.719 R= 8.228986 11.930289 lock= 0 x=-54.234 P=129.979
3 sat= 39- 50 P2 v=       -0.506 R= 8.228986 57.475341 lock= 0 x=-28.328 P=131.137
3 sat= 60- 63 L1 v=       -0.002 R= 0.000036  0.000039 lock= 0 x=-60.569 P=85.006
3 sat= 60- 68 L1 v=       -0.003 R= 0.000036  0.000168 lock= 0 x=-30.260 P=89.525
3 sat= 60- 73 L1 v=        0.001 R= 0.000036  0.000105 lock= 0 x=-8.477 P=87.212
3 sat= 60- 78 L1 v=       -0.004 R= 0.000036  0.000060 lock= 0 x=-13.340 P=86.086
3 sat= 60- 80 L1 v=       -0.001 R= 0.000036  0.000060 lock= 0 x=-72.417 P=86.648
3 sat= 60- 90 L1 v=        0.002 R= 0.000036  0.000095 lock= 0 x=-34.152 P=87.092
3 sat= 60- 63 P1 v=        0.694 R= 3.271885  3.470274 lock= 0 x=-60.569 P=85.006
3 sat= 60- 68 P1 v=        0.832 R= 3.271885 15.131332 lock= 0 x=-30.260 P=89.525
3 sat= 60- 73 P1 v=        1.404 R= 3.271885  9.478593 lock= 0 x=-8.477 P=87.212
3 sat= 60- 78 P1 v=       -1.325 R= 3.271885  5.392388 lock= 0 x=-13.340 P=86.086
3 sat= 60- 80 P1 v=       -0.582 R= 3.271885  5.415370 lock= 0 x=-72.417 P=86.648
3 sat= 60- 90 P1 v=        0.857 R= 3.271885  8.580560 lock= 0 x=-34.152 P=87.092
3 valpos  : nv=42 thres=4.0
3 posvar=0.194577
3 prevRatios = 0.000 0.000
3 Skip AR
3 sol_rr=    -1276971.733    -4717197.583     4087248.361          -0.002           0.002          -0.001
1 
---------------------------------------------------------
1 relpos: dt=0.005 nu=24 nr=26
1 ---------------------------------------------------------
3 satposs  : teph= 2020/12/24 22:08:22.005 n=24 ephopt=0
3 satposs  : teph= 2020/12/24 22:08:22.000 n=26 ephopt=0
3 base station:
3 zdres: n=26 rr=-1283433.94 -4713073.29 4090105.09
3 sat= 4 rs=   -19151.627 -24829163.889   9364693.430 dts=-0.0001671608 az= 141.8 el= 59.7
3 unhealthy satellite: sat=7 svh=3f
3 sat= 8 rs=  5090256.693 -25893423.395   -873947.037 dts=-0.0000040918 az= 143.6 el= 29.4
3 sat= 9 rs= -9320167.809 -17109063.427  17976327.685 dts=-0.0003052094 az= 289.0 el= 76.4
3 sat=16 rs=  9899083.463 -11049547.959  21780712.949 dts=-0.0002551588 az=  47.3 el= 39.2
3 sat=27 rs= 12303831.849 -20695984.455  10654543.384 dts=-0.0000418403 az=  98.6 el= 37.2
3 sat=30 rs=-24335028.854  -1717036.891  10811869.644 dts=-0.0003578176 az= 277.7 el= 16.2
3 sat=38 rs= -8299781.603 -23982340.824   2412435.224 dts= 0.0001897532 az= 186.7 el= 45.0
3 sat=39 rs=-12391951.526 -13638763.121  17643800.769 dts=-0.0000419300 az= 289.3 el= 63.2
3 sat=40 rs=-10321032.669   3855165.541  23053345.682 dts=-0.0000564558 az= 329.1 el= 19.9
3 sat=41 rs=-11227839.850 -12562533.530  19192911.169 dts= 0.0000148842 az= 303.5 el= 62.7
3 sat=42 rs=-23306925.413  -8585262.881   5628538.543 dts=-0.0000649858 az= 256.2 el= 21.7
3 sat=48 rs=  7051081.416  -9573118.789  22559464.119 dts=-0.0000094939 az=  36.7 el= 41.5
3 sat=50 rs= 19309587.982 -11462560.179  12073721.340 dts= 0.0000607964 az=  76.0 el= 15.0
3 sat=60 rs= -8801051.586 -20459685.060  19494702.436 dts=-0.0010103686 az= 282.9 el= 82.1
3 sat=63 rs=-13414721.382 -18094781.740  19200176.023 dts=-0.0006747669 az= 278.2 el= 69.4
3 sat=68 rs=-16813559.295   4271986.694  23978268.996 dts= 0.0058217663 az= 316.3 el= 20.3
3 sat=73 rs=  6527690.025 -28202116.162  -2379630.160 dts=-0.0012706424 az= 143.1 el= 26.9
3 sat=78 rs=  -570238.028 -29564653.919   1270836.942 dts= 0.0001612759 az= 157.6 el= 40.9
3 sat=80 rs= 11099799.341 -12478929.079  24440530.062 dts=-0.0006390822 az=  47.5 el= 40.8
3 sat=90 rs=-24350410.483 -16593001.196   2777310.566 dts=-0.0004767740 az= 237.3 el= 28.9
3 y=
        0.000         8.972         0.000        13.939        14.665         9.766         0.000        13.324         8.672        17.199        14.891        13.002        20.033        10.683        15.385         0.000        13.830         0.000        10.937        10.679         4.921         0.000        10.082         2.484        15.171        12.300
        0.000         0.000         0.000         0.000         0.000         0.000         0.000         0.000         0.000         0.000        24.106        21.418        30.585         0.000        25.123         0.000        22.620         0.000         0.000         0.000         0.000         0.000         0.000         0.000         0.000         0.000
        0.000         2.262         0.000         7.011         2.957         0.846         0.000         5.085         5.097         8.831        10.430        11.818        10.371         4.886         8.825         0.000        10.218         0.000         1.194        -0.036         1.519         0.000         2.445         1.830         2.373         3.483
        0.000         0.000         0.000         0.000         0.000         0.000         0.000         0.000         0.000         0.000        13.796        14.841        12.513         0.000        10.113         0.000        15.130         0.000         0.000         0.000         0.000         0.000         0.000         0.000         0.000         0.000
3 selsat  : nu=24 nr=26
3 before udstate: x=-1276971.7335 -4717197.5830 4087248.3606 -0.0017 0.0020 -0.0013 -0.0014 0.0003 -0.0002
3 udstate : ns=20
3 udpos : tt=1.000
3 pos var too high for accel term: 0.1946
3 udbias  : tt=1.000 ns=20
3 after udstate x=-1276971.7352 -4717197.5810 4087248.3593 -0.0031 0.0023 -0.0014 -0.0014 0.0003 -0.0002
3 rover: dt=0.005
3 zdres: n=24 rr=-1276971.74 -4717197.58 4087248.36
3 unhealthy satellite: sat=7 svh=3f
3 y=
        0.000   1641896.125         0.000   1641904.706   1641893.792   1641891.948         0.000   1641897.762   1641873.628   1641902.439   1641909.757   1641926.407   1641907.513   1641905.298   1641903.552         0.000   1641917.012   1641889.920   1641887.902   1641887.917   1641897.217   1641888.693   1641890.138   1641894.548
        0.000   1641886.591         0.000   1641905.027   1641891.758         0.000         0.000   1641897.842   1641876.516         0.000   1641904.989   1641918.639   1641903.179         0.000   1641902.758         0.000   1641906.485         0.000         0.000         0.000         0.000         0.000         0.000         0.000
        0.000   1641893.373         0.000   1641899.001   1641894.509   1641892.489         0.000   1641896.883   1641897.727   1641905.289   1641908.602   1641910.734   1641906.260   1641900.109   1641904.847         0.000   1641905.696   1641890.524   1641888.565   1641889.830   1641890.492   1641892.506   1641892.075   1641892.003
        0.000   1641890.614         0.000   1641897.781   1641891.455         0.000         0.000   1641894.016   1641894.583         0.000   1641903.872   1641905.800   1641903.388         0.000   1641901.167         0.000   1641905.775         0.000         0.000         0.000         0.000         0.000         0.000         0.000
3 ddres   : dt=0.0050 ns=20
3 sat=  9-  4 L1 v=       -0.000 R= 0.000037  0.000042 lock= 0 x=-25.316 P=92.428
3 sat=  9-  8 L1 v=       -0.002 R= 0.000037  0.000092 lock= 0 x=-6.333 P=93.232
3 sat=  9- 16 L1 v=        0.001 R= 0.000037  0.000063 lock= 0 x=-51.432 P=93.780
3 sat=  9- 27 L1 v=        0.005 R= 0.000037  0.000067 lock= 0 x=-39.560 P=92.882
3 sat=  9- 30 L1 v=       -0.007 R= 0.000037  0.000251 lock= 0 x=-142.001 P=99.684
3 sat=  9-  4 P1 v=        0.441 R= 3.335714  3.790119 lock= 0 x=-25.316 P=92.428
3 sat=  9-  8 P1 v=       -0.438 R= 3.335714  8.290883 lock= 0 x=-6.333 P=93.232
3 sat=  9- 16 P1 v=       -0.091 R= 3.335714  5.664475 lock= 0 x=-51.432 P=93.780
3 sat=  9- 27 P1 v=       -0.245 R= 3.335714  6.033312 lock= 0 x=-39.560 P=92.882
3 sat=  9- 30 P1 v=       -1.078 R= 3.335714 22.607746 lock= 0 x=-142.001 P=99.684
3 sat= 39- 38 L1 v=        0.002 R= 0.000091  0.000121 lock= 0 x=-61.339 P=94.362
3 sat= 39- 40 L1 v=       -0.005 R= 0.000091  0.000393 lock= 0 x=89.232 P=95.046
3 sat= 39- 41 L1 v=        0.001 R= 0.000091  0.000092 lock= 0 x=-49.422 P=93.039
3 sat= 39- 42 L1 v=       -0.003 R= 0.000091  0.000339 lock= 0 x=-11.321 P=94.555
3 sat= 39- 48 L1 v=       -0.000 R= 0.000091  0.000133 lock= 0 x=-45.776 P=93.543
3 sat= 39- 50 L1 v=       -0.001 R= 0.000091  0.000638 lock= 0 x=34.405 P=95.405
3 sat= 39- 40 L2 v=       -0.008 R= 0.000091  0.000393 lock= 0 x=27.047 P=131.619
3 sat= 39- 41 L2 v=       -0.001 R= 0.000091  0.000092 lock= 0 x=-75.285 P=130.113
3 sat= 39- 48 L2 v=       -0.002 R= 0.000091  0.000133 lock= 0 x=-54.369 P=129.979
3 sat= 39- 50 L2 v=       -0.000 R= 0.000091  0.000638 lock= 0 x=-28.462 P=131.137
3 sat= 39- 38 P1 v=        1.713 R= 8.228735 10.932696 lock= 0 x=-61.339 P=94.362
3 sat= 39- 40 P1 v=       -0.745 R= 8.228735 35.356029 lock= 0 x=89.232 P=95.046
3 sat= 39- 41 P1 v=        2.282 R= 8.228735  8.266029 lock= 0 x=-49.422 P=93.039
3 sat= 39- 42 P1 v=        2.949 R= 8.228735 30.549556 lock= 0 x=-11.321 P=94.555
3 sat= 39- 48 P1 v=        2.149 R= 8.228735 11.932492 lock= 0 x=-45.776 P=93.543
3 sat= 39- 50 P1 v=        2.693 R= 8.228735 57.446621 lock= 0 x=34.405 P=95.405
3 sat= 39- 40 P2 v=       -0.884 R= 8.228735 35.356029 lock= 0 x=27.047 P=131.619
3 sat= 39- 41 P2 v=       -0.800 R= 8.228735  8.266029 lock= 0 x=-75.285 P=130.113
3 sat= 39- 48 P2 v=       -0.979 R= 8.228735 11.932492 lock= 0 x=-54.369 P=129.979
3 sat= 39- 50 P2 v=       -0.570 R= 8.228735 57.446621 lock= 0 x=-28.462 P=131.137
3 sat= 60- 63 L1 v=       -0.001 R= 0.000036  0.000039 lock= 0 x=-60.444 P=85.006
3 sat= 60- 68 L1 v=       -0.006 R= 0.000036  0.000168 lock= 0 x=-30.135 P=89.525
3 sat= 60- 73 L1 v=       -0.000 R= 0.000036  0.000105 lock= 0 x=-8.352 P=87.212
3 sat= 60- 78 L1 v=        0.001 R= 0.000036  0.000060 lock= 0 x=-13.215 P=86.086
3 sat= 60- 80 L1 v=        0.000 R= 0.000036  0.000060 lock= 0 x=-72.292 P=86.648
3 sat= 60- 90 L1 v=        0.001 R= 0.000036  0.000095 lock= 0 x=-34.027 P=87.092
3 sat= 60- 63 P1 v=        0.729 R= 3.271870  3.470220 lock= 0 x=-60.444 P=85.006
3 sat= 60- 68 P1 v=        1.020 R= 3.271870 15.124846 lock= 0 x=-30.135 P=89.525
3 sat= 60- 73 P1 v=        1.283 R= 3.271870  9.475926 lock= 0 x=-8.352 P=87.212
3 sat= 60- 78 P1 v=       -1.346 R= 3.271870  5.393369 lock= 0 x=-13.215 P=86.086
3 sat= 60- 80 P1 v=       -0.372 R= 3.271870  5.416209 lock= 0 x=-72.292 P=86.648
3 sat= 60- 90 P1 v=        0.809 R= 3.271870  8.578404 lock= 0 x=-34.027 P=87.092
3 before filter x=-1276971.7352 -4717197.5810 4087248.3593 -0.0031 0.0023 -0.0014 -0.0014 0.0003 -0.0002
3 after filter x=-1276971.7484 -4717197.5768 4087248.3675 -0.0002 -0.0065 0.0019 0.0001 -0.0041 0.0015
3 posvar=0.182336 
3 zdres: n=24 rr=-1276971.75 -4717197.58 4087248.37
3 unhealthy satellite: sat=7 svh=3f
3 y=
        0.000   1641896.122         0.000   1641904.697   1641893.800   1641891.947         0.000   1641897.754   1641873.644   1641902.439   1641909.768   1641926.421   1641907.524   1641905.311   1641903.553         0.000   1641917.002   1641889.927   1641887.912   1641887.932   1641897.207   1641888.688   1641890.137   1641894.557
        0.000   1641886.588         0.000   1641905.018   1641891.767         0.000         0.000   1641897.833   1641876.532         0.000   1641905.000   1641918.653   1641903.190         0.000   1641902.759         0.000   1641906.475         0.000         0.000         0.000         0.000         0.000         0.000         0.000
        0.000   1641893.370         0.000   1641898.991   1641894.518   1641892.487         0.000   1641896.874   1641897.742   1641905.289   1641908.613   1641910.748   1641906.272   1641900.121   1641904.848         0.000   1641905.686   1641890.531   1641888.574   1641889.845   1641890.482   1641892.500   1641892.073   1641892.013
        0.000   1641890.611         0.000   1641897.771   1641891.464         0.000         0.000   1641894.007   1641894.598         0.000   1641903.883   1641905.814   1641903.400         0.000   1641901.168         0.000   1641905.765         0.000         0.000         0.000         0.000         0.000         0.000         0.000
3 ddres   : dt=0.0050 ns=20
3 sat=  9-  4 L1 v=       -0.002 R= 0.000037  0.000042 lock= 0 x=-25.330 P=92.404
3 sat=  9-  8 L1 v=       -0.002 R= 0.000037  0.000092 lock= 0 x=-6.378 P=93.153
3 sat=  9- 16 L1 v=        0.001 R= 0.000037  0.000063 lock= 0 x=-51.433 P=93.671
3 sat=  9- 27 L1 v=        0.003 R= 0.000037  0.000067 lock= 0 x=-39.607 P=92.834
3 sat=  9- 30 L1 v=       -0.003 R= 0.000037  0.000251 lock= 0 x=-141.887 P=99.255
3 sat=  9-  4 P1 v=        0.452 R= 3.335714  3.790119 lock= 0 x=-25.330 P=92.404
3 sat=  9-  8 P1 v=       -0.420 R= 3.335714  8.290883 lock= 0 x=-6.378 P=93.153
3 sat=  9- 16 P1 v=       -0.081 R= 3.335714  5.664475 lock= 0 x=-51.433 P=93.671
3 sat=  9- 27 P1 v=       -0.228 R= 3.335714  6.033312 lock= 0 x=-39.607 P=92.834
3 sat=  9- 30 P1 v=       -1.085 R= 3.335714 22.607746 lock= 0 x=-141.887 P=99.255
3 sat= 39- 38 L1 v=        0.001 R= 0.000091  0.000121 lock= 0 x=-61.380 P=94.210
3 sat= 39- 40 L1 v=       -0.002 R= 0.000091  0.000393 lock= 0 x=89.289 P=94.899
3 sat= 39- 41 L1 v=        0.001 R= 0.000091  0.000092 lock= 0 x=-49.395 P=92.971
3 sat= 39- 42 L1 v=       -0.000 R= 0.000091  0.000339 lock= 0 x=-11.271 P=94.387
3 sat= 39- 48 L1 v=       -0.001 R= 0.000091  0.000133 lock= 0 x=-45.808 P=93.456
3 sat= 39- 50 L1 v=       -0.001 R= 0.000091  0.000638 lock= 0 x=34.313 P=95.205
3 sat= 39- 40 L2 v=       -0.004 R= 0.000091  0.000393 lock= 0 x=27.094 P=131.535
3 sat= 39- 41 L2 v=       -0.001 R= 0.000091  0.000092 lock= 0 x=-75.263 P=130.070
3 sat= 39- 48 L2 v=       -0.002 R= 0.000091  0.000133 lock= 0 x=-54.392 P=129.952
3 sat= 39- 50 L2 v=       -0.001 R= 0.000091  0.000638 lock= 0 x=-28.532 P=131.031
3 sat= 39- 38 P1 v=        1.724 R= 8.228735 10.932696 lock= 0 x=-61.380 P=94.210
3 sat= 39- 40 P1 v=       -0.748 R= 8.228735 35.356029 lock= 0 x=89.289 P=94.899
3 sat= 39- 41 P1 v=        2.282 R= 8.228735  8.266029 lock= 0 x=-49.395 P=92.971
3 sat= 39- 42 P1 v=        2.947 R= 8.228735 30.549556 lock= 0 x=-11.271 P=94.387
3 sat= 39- 48 P1 v=        2.159 R= 8.228735 11.932492 lock= 0 x=-45.808 P=93.456
3 sat= 39- 50 P1 v=        2.714 R= 8.228735 57.446621 lock= 0 x=34.313 P=95.205
3 sat= 39- 40 P2 v=       -0.887 R= 8.228735 35.356029 lock= 0 x=27.094 P=131.535
3 sat= 39- 41 P2 v=       -0.800 R= 8.228735  8.266029 lock= 0 x=-75.263 P=130.070
3 sat= 39- 48 P2 v=       -0.969 R= 8.228735 11.932492 lock= 0 x=-54.392 P=129.952
3 sat= 39- 50 P2 v=       -0.549 R= 8.228735 57.446621 lock= 0 x=-28.532 P=131.031
3 sat= 60- 63 L1 v=       -0.000 R= 0.000036  0.000039 lock= 0 x=-60.419 P=84.979
3 sat= 60- 68 L1 v=       -0.001 R= 0.000036  0.000168 lock= 0 x=-30.060 P=89.237
3 sat= 60- 73 L1 v=       -0.001 R= 0.000036  0.000105 lock= 0 x=-8.437 P=87.049
3 sat= 60- 78 L1 v=        0.000 R= 0.000036  0.000060 lock= 0 x=-13.277 P=85.996
3 sat= 60- 80 L1 v=        0.000 R= 0.000036  0.000060 lock= 0 x=-72.327 P=86.526
3 sat= 60- 90 L1 v=        0.004 R= 0.000036  0.000095 lock= 0 x=-33.993 P=86.939
3 sat= 60- 63 P1 v=        0.726 R= 3.271870  3.470220 lock= 0 x=-60.419 P=84.979
3 sat= 60- 68 P1 v=        1.011 R= 3.271870 15.124846 lock= 0 x=-30.060 P=89.237
3 sat= 60- 73 P1 v=        1.300 R= 3.271870  9.475926 lock= 0 x=-8.437 P=87.049
3 sat= 60- 78 P1 v=       -1.334 R= 3.271870  5.393369 lock= 0 x=-13.277 P=85.996
3 sat= 60- 80 P1 v=       -0.364 R= 3.271870  5.416209 lock= 0 x=-72.327 P=86.526
3 sat= 60- 90 P1 v=        0.807 R= 3.271870  8.578404 lock= 0 x=-33.993 P=86.939
3 valpos  : nv=42 thres=4.0
3 posvar=0.182336
3 prevRatios = 0.000 0.000
3 Skip AR
3 sol_rr=    -1276971.748    -4717197.577     4087248.368          -0.000          -0.006           0.002
1 
---------------------------------------------------------
1 relpos: dt=0.005 nu=24 nr=26
1 ---------------------------------------------------------
3 satposs  : teph= 2020/12/24 22:08:23.005 n=24 ephopt=0
3 satposs  : teph= 2020/12/24 22:08:23.000 n=26 ephopt=0
3 base station:
3 zdres: n=26 rr=-1283433.94 -4713073.29 4090105.09
3 sat= 4 rs=   -18585.821 -24830243.413   9361826.588 dts=-0.0001671608 az= 141.8 el= 59.7
3 unhealthy satellite: sat=7 svh=3f
3 sat= 8 rs=  5090557.024 -25893472.841   -870738.601 dts=-0.0000040918 az= 143.6 el= 29.5
3 sat= 9 rs= -9319503.111 -17111271.082  17974575.274 dts=-0.0003052095 az= 289.0 el= 76.4
3 sat=16 rs=  9900978.474 -11047460.825  21780952.999 dts=-0.0002551588 az=  47.3 el= 39.2
3 sat=27 rs= 12303738.333 -20694582.836  10657368.774 dts=-0.0000418403 az=  98.6 el= 37.2
3 sat=30 rs=-24333786.381  -1717668.158  10814554.979 dts=-0.0003578176 az= 277.7 el= 16.2
3 sat=38 rs= -8300008.463 -23982620.511   2408893.019 dts= 0.0001897532 az= 186.7 el= 45.0
3 sat=39 rs=-12392680.204 -13641063.678  17641502.302 dts=-0.0000419300 az= 289.3 el= 63.2
3 sat=40 rs=-10321846.630   3852129.555  23053486.989 dts=-0.0000564558 az= 329.0 el= 19.9
3 sat=41 rs=-11225316.286 -12561825.231  19194846.232 dts= 0.0000148842 az= 303.5 el= 62.7
3 sat=42 rs=-23306211.258  -8584929.495   5632004.736 dts=-0.0000649858 az= 256.2 el= 21.7
3 sat=48 rs=  7054096.822  -9572435.224  22558824.405 dts=-0.0000094939 az=  36.7 el= 41.5
3 sat=50 rs= 19308270.181 -11461540.568  12076806.202 dts= 0.0000607964 az=  76.0 el= 15.0
3 sat=60 rs= -8799407.058 -20458622.823  19496560.643 dts=-0.0010103686 az= 282.9 el= 82.1
3 sat=63 rs=-13414721.653 -18096707.527  19198360.941 dts=-0.0006747669 az= 278.2 el= 69.4
3 sat=68 rs=-16813538.555   4269581.210  23978712.928 dts= 0.0058217663 az= 316.3 el= 20.3
3 sat=73 rs=  6527779.765 -28201728.066  -2376828.829 dts=-0.0012706424 az= 143.1 el= 26.9
3 sat=78 rs=  -570289.139 -29564782.148   1267835.207 dts= 0.0001612759 az= 157.6 el= 40.9
3 sat=80 rs= 11101915.795 -12477689.788  24440202.183 dts=-0.0006390822 az=  47.5 el= 40.8
3 sat=90 rs=-24350228.955 -16592762.293   2780339.085 dts=-0.0004767740 az= 237.3 el= 28.9
3 y=
        0.000         9.002         0.000        13.969        14.696         9.795         0.000        13.358         8.705        17.224        14.920        13.038        20.067        10.710        15.422         0.000        13.856         0.000        10.968        10.713         4.954         0.000        10.113         2.514        15.204        12.332
        0.000         0.000         0.000         0.000         0.000         0.000         0.000         0.000         0.000         0.000        24.135        21.454        30.619         0.000        25.160         0.000        22.644         0.000         0.000         0.000         0.000         0.000         0.000         0.000         0.000         0.000
        0.000         2.288         0.000         6.963         2.981         0.967         0.000         5.152         5.190         8.925        10.494        12.139        10.459         4.910         8.750         0.000        10.073         0.000         1.215         0.006         1.589         0.000         2.429         1.783         2.377         3.522
        0.000         0.000         0.000         0.000         0.000         0.000         0.000         0.000         0.000         0.000        13.807        14.894        12.551         0.000        10.310         0.000        15.281         0.000         0.000         0.000         0.000         0.000         0.000         0.000         0.000         0.000
3 selsat  : nu=24 nr=26
3 before udstate: x=-1276971.7484 -4717197.5768 4087248.3675 -0.0002 -0.0065 0.0019 0.0001 -0.0041 0.0015
3 udstate : ns=20
3 udpos : tt=1.000
3 pos var too high for accel term: 0.1823
3 udbias  : tt=1.000 ns=20
3 after udstate x=-1276971.7486 -4717197.5833 4087248.3694 -0.0001 -0.0106 0.0033 0.0001 -0.0041 0.0015
3 rover: dt=0.005
3 zdres: n=24 rr=-1276971.75 -4717197.58 4087248.37
3 unhealthy satellite: sat=7 svh=3f
3 y=
        0.000   1641978.806         0.000   1641987.380   1641976.482   1641974.625         0.000   1641980.438   1641956.321   1641985.116   1641992.447   1642009.100   1641990.208   1641987.986   1641986.239         0.000   1641999.674   1641972.608   1641970.596   1641970.609   1641979.888   1641971.371   1641972.818   1641977.239
        0.000   1641969.272         0.000   1641987.700   1641974.448         0.000         0.000   1641980.520   1641959.214         0.000   1641987.681   1642001.338   1641985.874         0.000   1641985.442         0.000   1641989.153         0.000         0.000         0.000         0.000         0.000         0.000         0.000
        0.000   1641976.199         0.000   1641981.684   1641977.238   1641975.265         0.000   1641979.468   1641980.388   1641988.082   1641991.257   1641993.469   1641988.960   1641982.930   1641987.593         0.000   1641988.438   1641973.279   1641971.490   1641972.568   1641973.292   1641975.209   1641974.737   1641974.427
        0.000   1641973.315         0.000   1641980.489   1641974.094         0.000         0.000   1641976.643   1641977.271         0.000   1641986.545   1641988.353   1641986.055         0.000   1641983.897         0.000   1641988.401         0.000         0.000         0.000         0.000         0.000         0.000         0.000
3 ddres   : dt=0.0050 ns=20
3 sat=  9-  4 L1 v=       -0.004 R= 0.000037  0.000042 lock= 0 x=-25.501 P=92.404
3 sat=  9-  8 L1 v=       -0.005 R= 0.000037  0.000092 lock= 0 x=-6.549 P=93.153
3 sat=  9- 16 L1 v=        0.003 R= 0.000037  0.000063 lock= 0 x=-51.603 P=93.671
3 sat=  9- 27 L1 v=        0.004 R= 0.000037  0.000067 lock= 0 x=-39.777 P=92.834
3 sat=  9- 30 L1 v=        0.004 R= 0.000037  0.000251 lock= 0 x=-142.058 P=99.255
3 sat=  9-  4 P1 v=        0.346 R= 3.335630  3.790473 lock= 0 x=-25.501 P=92.404
3 sat=  9-  8 P1 v=       -0.463 R= 3.335630  8.288107 lock= 0 x=-6.549 P=93.153
3 sat=  9- 16 P1 v=       -0.041 R= 3.335630  5.665714 lock= 0 x=-51.603 P=93.671
3 sat=  9- 27 P1 v=       -0.059 R= 3.335630  6.032686 lock= 0 x=-39.777 P=92.834
3 sat=  9- 30 P1 v=       -0.941 R= 3.335630 22.594703 lock= 0 x=-142.058 P=99.255
3 sat= 39- 38 L1 v=       -0.002 R= 0.000091  0.000122 lock= 0 x=-61.551 P=94.210
3 sat= 39- 40 L1 v=        0.005 R= 0.000091  0.000393 lock= 0 x=89.118 P=94.899
3 sat= 39- 41 L1 v=        0.001 R= 0.000091  0.000092 lock= 0 x=-49.566 P=92.971
3 sat= 39- 42 L1 v=        0.002 R= 0.000091  0.000339 lock= 0 x=-11.442 P=94.387
3 sat= 39- 48 L1 v=        0.000 R= 0.000091  0.000133 lock= 0 x=-45.979 P=93.456
3 sat= 39- 50 L1 v=        0.003 R= 0.000091  0.000638 lock= 0 x=34.142 P=95.205
3 sat= 39- 40 L2 v=       -0.001 R= 0.000091  0.000393 lock= 0 x=27.493 P=131.535
3 sat= 39- 41 L2 v=        0.002 R= 0.000091  0.000092 lock= 0 x=-74.863 P=130.070
3 sat= 39- 48 L2 v=        0.004 R= 0.000091  0.000133 lock= 0 x=-53.992 P=129.952
3 sat= 39- 50 L2 v=       -0.003 R= 0.000091  0.000638 lock= 0 x=-28.133 P=131.031
3 sat= 39- 38 P1 v=        1.606 R= 8.228485 10.935175 lock= 0 x=-61.551 P=94.210
3 sat= 39- 40 P1 v=       -0.567 R= 8.228485 35.333502 lock= 0 x=89.118 P=94.899
3 sat= 39- 41 P1 v=        2.263 R= 8.228485  8.265879 lock= 0 x=-49.566 P=92.971
3 sat= 39- 42 P1 v=        2.743 R= 8.228485 30.536289 lock= 0 x=-11.442 P=94.387
3 sat= 39- 48 P1 v=        1.920 R= 8.228485 11.934696 lock= 0 x=-45.979 P=93.456
3 sat= 39- 50 P1 v=        2.398 R= 8.228485 57.417931 lock= 0 x=34.142 P=95.205
3 sat= 39- 40 P2 v=       -0.721 R= 8.228485 35.333502 lock= 0 x=27.493 P=131.535
3 sat= 39- 41 P2 v=       -0.765 R= 8.228485  8.265879 lock= 0 x=-74.863 P=130.070
3 sat= 39- 48 P2 v=       -0.849 R= 8.228485 11.934696 lock= 0 x=-53.992 P=129.952
3 sat= 39- 50 P2 v=       -0.382 R= 8.228485 57.417931 lock= 0 x=-28.133 P=131.031
3 sat= 60- 63 L1 v=       -0.001 R= 0.000036  0.000039 lock= 0 x=-60.590 P=84.979
3 sat= 60- 68 L1 v=        0.005 R= 0.000036  0.000168 lock= 0 x=-30.231 P=89.237
3 sat= 60- 73 L1 v=       -0.001 R= 0.000036  0.000105 lock= 0 x=-8.608 P=87.049
3 sat= 60- 78 L1 v=       -0.004 R= 0.000036  0.000060 lock= 0 x=-13.448 P=85.996
3 sat= 60- 80 L1 v=        0.002 R= 0.000036  0.000060 lock= 0 x=-72.498 P=86.526
3 sat= 60- 90 L1 v=        0.003 R= 0.000036  0.000095 lock= 0 x=-34.164 P=86.939
3 sat= 60- 63 P1 v=        0.579 R= 3.271855  3.470167 lock= 0 x=-60.590 P=84.979
3 sat= 60- 68 P1 v=        1.085 R= 3.271855 15.118365 lock= 0 x=-30.231 P=89.237
3 sat= 60- 73 P1 v=        1.201 R= 3.271855  9.473261 lock= 0 x=-8.608 P=87.049
3 sat= 60- 78 P1 v=       -1.362 R= 3.271855  5.394351 lock= 0 x=-13.448 P=85.996
3 sat= 60- 80 P1 v=       -0.296 R= 3.271855  5.417047 lock= 0 x=-72.498 P=86.526
3 sat= 60- 90 P1 v=        1.159 R= 3.271855  8.576248 lock= 0 x=-34.164 P=86.939
3 before filter x=-1276971.7486 -4717197.5833 4087248.3694 -0.0001 -0.0106 0.0033 0.0001 -0.0041 0.0015
3 after filter x=-1276971.7589 -4717197.5633 4087248.3844 0.0011 0.0025 0.0033 0.0007 0.0025 0.0014
3 posvar=0.171251 
3 zdres: n=24 rr=-1276971.76 -4717197.56 4087248.38
3 unhealthy satellite: sat=7 svh=3f
3 y=
        0.000   1641978.790         0.000   1641987.356   1641976.484   1641974.626         0.000   1641980.421   1641956.337   1641985.099   1641992.454   1642009.124   1641990.217   1641987.994   1641986.243         0.000   1641999.664   1641972.608   1641970.600   1641970.632   1641979.863   1641971.349   1641972.819   1641977.239
        0.000   1641969.256         0.000   1641987.675   1641974.450         0.000         0.000   1641980.503   1641959.230         0.000   1641987.688   1642001.362   1641985.882         0.000   1641985.447         0.000   1641989.143         0.000         0.000         0.000         0.000         0.000         0.000         0.000
        0.000   1641976.183         0.000   1641981.659   1641977.240   1641975.266         0.000   1641979.452   1641980.405   1641988.065   1641991.265   1641993.493   1641988.968   1641982.937   1641987.598         0.000   1641988.428   1641973.279   1641971.494   1641972.592   1641973.266   1641975.187   1641974.738   1641974.426
        0.000   1641973.299         0.000   1641980.464   1641974.096         0.000         0.000   1641976.627   1641977.288         0.000   1641986.553   1641988.377   1641986.063         0.000   1641983.902         0.000   1641988.391         0.000         0.000         0.000         0.000         0.000         0.000         0.000
3 ddres   : dt=0.0050 ns=20
3 sat=  9-  4 L1 v=       -0.002 R= 0.000037  0.000042 lock= 0 x=-25.524 P=92.383
3 sat=  9-  8 L1 v=       -0.003 R= 0.000037  0.000092 lock= 0 x=-6.620 P=93.082
3 sat=  9- 16 L1 v=        0.000 R= 0.000037  0.000063 lock= 0 x=-51.561 P=93.573
3 sat=  9- 27 L1 v=        0.004 R= 0.000037  0.000067 lock= 0 x=-39.814 P=92.792
3 sat=  9- 30 L1 v=       -0.001 R= 0.000037  0.000251 lock= 0 x=-141.944 P=98.866
3 sat=  9-  4 P1 v=        0.365 R= 3.335630  3.790473 lock= 0 x=-25.524 P=92.383
3 sat=  9-  8 P1 v=       -0.436 R= 3.335630  8.288107 lock= 0 x=-6.620 P=93.082
3 sat=  9- 16 P1 v=       -0.040 R= 3.335630  5.665714 lock= 0 x=-51.561 P=93.573
3 sat=  9- 27 P1 v=       -0.040 R= 3.335630  6.032686 lock= 0 x=-39.814 P=92.792
3 sat=  9- 30 P1 v=       -0.956 R= 3.335630 22.594703 lock= 0 x=-141.944 P=98.866
3 sat= 39- 38 L1 v=        0.001 R= 0.000091  0.000122 lock= 0 x=-61.638 P=94.072
3 sat= 39- 40 L1 v=       -0.001 R= 0.000091  0.000393 lock= 0 x=89.203 P=94.766
3 sat= 39- 41 L1 v=        0.000 R= 0.000091  0.000092 lock= 0 x=-49.537 P=92.909
3 sat= 39- 42 L1 v=        0.000 R= 0.000091  0.000339 lock= 0 x=-11.425 P=94.233
3 sat= 39- 48 L1 v=       -0.002 R= 0.000091  0.000133 lock= 0 x=-45.981 P=93.377
3 sat= 39- 50 L1 v=        0.001 R= 0.000091  0.000638 lock= 0 x=34.063 P=95.025
3 sat= 39- 40 L2 v=       -0.007 R= 0.000091  0.000393 lock= 0 x=27.553 P=131.459
3 sat= 39- 41 L2 v=        0.001 R= 0.000091  0.000092 lock= 0 x=-74.848 P=130.030
3 sat= 39- 48 L2 v=        0.001 R= 0.000091  0.000133 lock= 0 x=-54.002 P=129.928
3 sat= 39- 50 L2 v=       -0.005 R= 0.000091  0.000638 lock= 0 x=-28.199 P=130.935
3 sat= 39- 38 P1 v=        1.630 R= 8.228485 10.935175 lock= 0 x=-61.638 P=94.072
3 sat= 39- 40 P1 v=       -0.584 R= 8.228485 35.333502 lock= 0 x=89.203 P=94.766
3 sat= 39- 41 P1 v=        2.261 R= 8.228485  8.265879 lock= 0 x=-49.537 P=92.909
3 sat= 39- 42 P1 v=        2.743 R= 8.228485 30.536289 lock= 0 x=-11.425 P=94.233
3 sat= 39- 48 P1 v=        1.923 R= 8.228485 11.934696 lock= 0 x=-45.981 P=93.377
3 sat= 39- 50 P1 v=        2.415 R= 8.228485 57.417931 lock= 0 x=34.063 P=95.025
3 sat= 39- 40 P2 v=       -0.738 R= 8.228485 35.333502 lock= 0 x=27.553 P=131.459
3 sat= 39- 41 P2 v=       -0.767 R= 8.228485  8.265879 lock= 0 x=-74.848 P=130.030
3 sat= 39- 48 P2 v=       -0.846 R= 8.228485 11.934696 lock= 0 x=-54.002 P=129.928
3 sat= 39- 50 P2 v=       -0.365 R= 8.228485 57.417931 lock= 0 x=-28.199 P=130.935
3 sat= 60- 63 L1 v=       -0.002 R= 0.000036  0.000039 lock= 0 x=-60.560 P=84.955
3 sat= 60- 68 L1 v=       -0.001 R= 0.000036  0.000168 lock= 0 x=-30.126 P=88.976
3 sat= 60- 73 L1 v=        0.000 R= 0.000036  0.000105 lock= 0 x=-8.721 P=86.902
3 sat= 60- 78 L1 v=       -0.002 R= 0.000036  0.000060 lock= 0 x=-13.539 P=85.915
3 sat= 60- 80 L1 v=       -0.001 R= 0.000036  0.000060 lock= 0 x=-72.495 P=86.415
3 sat= 60- 90 L1 v=        0.002 R= 0.000036  0.000095 lock= 0 x=-34.161 P=86.801
3 sat= 60- 63 P1 v=        0.575 R= 3.271855  3.470167 lock= 0 x=-60.560 P=84.955
3 sat= 60- 68 P1 v=        1.061 R= 3.271855 15.118365 lock= 0 x=-30.126 P=88.976
3 sat= 60- 73 P1 v=        1.226 R= 3.271855  9.473261 lock= 0 x=-8.721 P=86.902
3 sat= 60- 78 P1 v=       -1.340 R= 3.271855  5.394351 lock= 0 x=-13.539 P=85.915
3 sat= 60- 80 P1 v=       -0.298 R= 3.271855  5.417047 lock= 0 x=-72.495 P=86.415
3 sat= 60- 90 P1 v=        1.160 R= 3.271855  8.576248 lock= 0 x=-34.161 P=86.801
3 valpos  : nv=42 thres=4.0
3 posvar=0.171251
3 prevRatios = 0.000 0.000
3 Skip AR
3 sol_rr=    -1276971.759    -4717197.563     4087248.384           0.001           0.003           0.003
1 
---------------------------------------------------------
1 relpos: dt=0.005 nu=24 nr=26
1 ---------------------------------------------------------
3 satposs  : teph= 2020/12/24 22:08:24.005 n=24 ephopt=0
3 satposs  : teph= 2020/12/24 22:08:24.000 n=26 ephopt=0
3 base station:
3 zdres: n=26 rr=-1283433.94 -4713073.29 4090105.09
3 sat= 4 rs=   -18020.171 -24831322.622   9358959.546 dts=-0.0001671608 az= 141.8 el= 59.7
3 unhealthy satellite: sat=7 svh=3f
3 sat= 8 rs=  5090857.264 -25893521.907   -867530.146 dts=-0.0000040918 az= 143.6 el= 29.5
3 sat= 9 rs= -9318838.584 -17113478.558  17972822.479 dts=-0.0003052095 az= 288.9 el= 76.4
3 sat=16 rs=  9902873.626 -11045373.786  21781192.575 dts=-0.0002551588 az=  47.3 el= 39.2
3 sat=27 rs= 12303644.817 -20693180.862  10660193.932 dts=-0.0000418403 az=  98.6 el= 37.2
3 sat=30 rs=-24332543.620  -1718299.579  10817240.087 dts=-0.0003578176 az= 277.7 el= 16.2
3 sat=38 rs= -8300235.208 -23982899.716   2405350.756 dts= 0.0001897532 az= 186.7 el= 45.0
3 sat=39 rs=-12393408.985 -13643363.875  17639203.412 dts=-0.0000419300 az= 289.3 el= 63.2
3 sat=40 rs=-10322660.843   3849093.617  23053627.745 dts=-0.0000564558 az= 329.0 el= 19.9
3 sat=41 rs=-11222792.410 -12561117.066  19196780.835 dts= 0.0000148842 az= 303.5 el= 62.7
3 sat=42 rs=-23305496.615  -8584596.052   5635470.792 dts=-0.0000649858 az= 256.2 el= 21.7
3 sat=48 rs=  7057112.196  -9571751.920  22558184.149 dts=-0.0000094939 az=  36.7 el= 41.5
3 sat=50 rs= 19306952.167 -11460520.551  12079890.774 dts= 0.0000607964 az=  76.0 el= 15.0
3 sat=60 rs= -8797762.287 -20457560.621  19498418.550 dts=-0.0010103686 az= 283.0 el= 82.1
3 sat=63 rs=-13414722.070 -18098633.132  19196545.564 dts=-0.0006747670 az= 278.1 el= 69.4
3 sat=68 rs=-16813517.997   4267175.680  23979156.491 dts= 0.0058217663 az= 316.3 el= 20.3
3 sat=73 rs=  6527869.490 -28201339.675  -2374027.460 dts=-0.0012706424 az= 143.1 el= 26.9
3 sat=78 rs=  -570340.263 -29564910.072   1264833.453 dts= 0.0001612759 az= 157.6 el= 40.9
3 sat=80 rs= 11104032.319 -12476450.680  24439873.929 dts=-0.0006390822 az=  47.5 el= 40.7
3 sat=90 rs=-24350047.147 -16592523.250   2783367.562 dts=-0.0004767740 az= 237.3 el= 28.9
3 y=
        0.000         8.916         0.000        13.882        14.610         9.707         0.000        13.272         8.619        17.131        14.828        12.950        19.986        10.622        15.338         0.000        13.768         0.000        10.882        10.627         4.866         0.000        10.027         2.427        15.117        12.248
        0.000         0.000         0.000         0.000         0.000         0.000         0.000         0.000         0.000         0.000        24.043        21.371        30.539         0.000        25.076         0.000        22.557         0.000         0.000         0.000         0.000         0.000         0.000         0.000         0.000         0.000
        0.000         2.231         0.000         6.844         2.887         0.936         0.000         5.053         5.091         8.793        10.356        11.951        10.385         4.667         8.726         0.000        10.109         0.000         1.128        -0.058         1.501         0.000         2.365         1.713         2.335         3.357
        0.000         0.000         0.000         0.000         0.000         0.000         0.000         0.000         0.000         0.000        13.790        14.536        12.468         0.000        10.300         0.000        15.276         0.000         0.000         0.000         0.000         0.000         0.000         0.000         0.000         0.000
3 selsat  : nu=24 nr=26
3 before udstate: x=-1276971.7589 -4717197.5633 4087248.3844 0.0011 0.0025 0.0033 0.0007 0.0025 0.0014
3 udstate : ns=20
3 udpos : tt=1.000
3 pos var too high for accel term: 0.1713
3 udbias  : tt=1.000 ns=20
3 after udstate x=-1276971.7578 -4717197.5608 4087248.3877 0.0017 0.0050 0.0047 0.0007 0.0025 0.0014
3 rover: dt=0.005
3 zdres: n=24 rr=-1276971.76 -4717197.56 4087248.39
3 unhealthy satellite: sat=7 svh=3f
3 y=
        0.000   1642061.445         0.000   1642070.006   1642059.140   1642057.283         0.000   1642063.077   1642038.995   1642067.746   1642075.107   1642091.786   1642072.879   1642070.650   1642068.907         0.000   1642082.319   1642055.266   1642053.259   1642053.293   1642062.518   1642054.004   1642055.479   1642059.891
        0.000   1642051.913         0.000   1642070.329   1642057.107         0.000         0.000   1642063.159   1642041.883         0.000   1642070.340   1642084.017   1642068.546         0.000   1642068.109         0.000   1642071.798         0.000         0.000         0.000         0.000         0.000         0.000         0.000
        0.000   1642058.859         0.000   1642064.348   1642059.861   1642057.980         0.000   1642062.104   1642063.111   1642070.647   1642073.829   1642076.149   1642071.673   1642065.653   1642070.260         0.000   1642071.232   1642055.925   1642054.225   1642055.247   1642055.719   1642057.905   1642057.363   1642057.121
        0.000   1642055.979         0.000   1642063.166   1642056.771         0.000         0.000   1642059.196   1642059.895         0.000   1642069.253   1642071.092   1642068.657         0.000   1642066.595         0.000   1642071.056         0.000         0.000         0.000         0.000         0.000         0.000         0.000
3 ddres   : dt=0.0050 ns=20
3 sat=  9-  4 L1 v=        0.001 R= 0.000037  0.000042 lock= 0 x=-25.590 P=92.383
3 sat=  9-  8 L1 v=        0.003 R= 0.000037  0.000092 lock= 0 x=-6.686 P=93.082
3 sat=  9- 16 L1 v=       -0.002 R= 0.000037  0.000063 lock= 0 x=-51.628 P=93.573
3 sat=  9- 27 L1 v=        0.005 R= 0.000037  0.000067 lock= 0 x=-39.880 P=92.792
3 sat=  9- 30 L1 v=       -0.001 R= 0.000037  0.000251 lock= 0 x=-142.011 P=98.866
3 sat=  9-  4 P1 v=        0.346 R= 3.335547  3.790826 lock= 0 x=-25.590 P=92.383
3 sat=  9-  8 P1 v=       -0.530 R= 3.335547  8.285332 lock= 0 x=-6.686 P=93.082
3 sat=  9- 16 P1 v=       -0.070 R= 3.335547  5.666954 lock= 0 x=-51.628 P=93.573
3 sat=  9- 27 P1 v=       -0.076 R= 3.335547  6.032060 lock= 0 x=-39.880 P=92.792
3 sat=  9- 30 P1 v=       -1.046 R= 3.335547 22.581671 lock= 0 x=-142.011 P=98.866
3 sat= 39- 38 L1 v=        0.006 R= 0.000091  0.000122 lock= 0 x=-61.705 P=94.072
3 sat= 39- 40 L1 v=       -0.005 R= 0.000091  0.000392 lock= 0 x=89.137 P=94.766
3 sat= 39- 41 L1 v=        0.002 R= 0.000091  0.000092 lock= 0 x=-49.604 P=92.909
3 sat= 39- 42 L1 v=        0.002 R= 0.000091  0.000339 lock= 0 x=-11.492 P=94.233
3 sat= 39- 48 L1 v=       -0.004 R= 0.000091  0.000133 lock= 0 x=-46.047 P=93.377
3 sat= 39- 50 L1 v=        0.002 R= 0.000091  0.000638 lock= 0 x=33.997 P=95.025
3 sat= 39- 40 L2 v=       -0.001 R= 0.000091  0.000392 lock= 0 x=27.445 P=131.459
3 sat= 39- 41 L2 v=        0.001 R= 0.000091  0.000092 lock= 0 x=-74.956 P=130.030
3 sat= 39- 48 L2 v=       -0.001 R= 0.000091  0.000133 lock= 0 x=-54.110 P=129.928
3 sat= 39- 50 L2 v=       -0.003 R= 0.000091  0.000638 lock= 0 x=-28.307 P=130.935
3 sat= 39- 38 P1 v=        1.619 R= 8.228235 10.937655 lock= 0 x=-61.705 P=94.072
3 sat= 39- 40 P1 v=       -0.725 R= 8.228235 35.311000 lock= 0 x=89.137 P=94.766
3 sat= 39- 41 P1 v=        2.185 R= 8.228235  8.265730 lock= 0 x=-49.604 P=92.909
3 sat= 39- 42 P1 v=        2.487 R= 8.228235 30.523033 lock= 0 x=-11.492 P=94.233
3 sat= 39- 48 P1 v=        1.940 R= 8.228235 11.936901 lock= 0 x=-46.047 P=93.377
3 sat= 39- 50 P1 v=        2.350 R= 8.228235 57.389271 lock= 0 x=33.997 P=95.025
3 sat= 39- 40 P2 v=       -1.093 R= 8.228235 35.311000 lock= 0 x=27.445 P=131.459
3 sat= 39- 41 P2 v=       -0.726 R= 8.228235  8.265730 lock= 0 x=-74.956 P=130.030
3 sat= 39- 48 P2 v=       -0.831 R= 8.228235 11.936901 lock= 0 x=-54.110 P=129.928
3 sat= 39- 50 P2 v=       -0.317 R= 8.228235 57.389271 lock= 0 x=-28.307 P=130.935
3 sat= 60- 63 L1 v=       -0.001 R= 0.000036  0.000039 lock= 0 x=-60.627 P=84.955
3 sat= 60- 68 L1 v=       -0.005 R= 0.000036  0.000168 lock= 0 x=-30.192 P=88.976
3 sat= 60- 73 L1 v=        0.004 R= 0.000036  0.000105 lock= 0 x=-8.788 P=86.902
3 sat= 60- 78 L1 v=        0.001 R= 0.000036  0.000060 lock= 0 x=-13.606 P=85.915
3 sat= 60- 80 L1 v=       -0.003 R= 0.000036  0.000060 lock= 0 x=-72.561 P=86.415
3 sat= 60- 90 L1 v=        0.010 R= 0.000036  0.000095 lock= 0 x=-34.228 P=86.801
3 sat= 60- 63 P1 v=        0.514 R= 3.271841  3.470113 lock= 0 x=-60.627 P=84.955
3 sat= 60- 68 P1 v=        1.051 R= 3.271841 15.111888 lock= 0 x=-30.192 P=88.976
3 sat= 60- 73 P1 v=        1.443 R= 3.271841  9.470598 lock= 0 x=-8.788 P=86.902
3 sat= 60- 78 P1 v=       -1.395 R= 3.271841  5.395334 lock= 0 x=-13.606 P=85.915
3 sat= 60- 80 P1 v=       -0.231 R= 3.271841  5.417886 lock= 0 x=-72.561 P=86.415
3 sat= 60- 90 P1 v=        1.034 R= 3.271841  8.574094 lock= 0 x=-34.228 P=86.801
3 before filter x=-1276971.7578 -4717197.5608 4087248.3877 0.0017 0.0050 0.0047 0.0007 0.0025 0.0014
3 after filter x=-1276971.7653 -4717197.5555 4087248.4065 -0.0010 0.0024 -0.0062 -0.0007 0.0012 -0.0040
3 posvar=0.161166 
3 zdres: n=24 rr=-1276971.77 -4717197.56 4087248.41
3 unhealthy satellite: sat=7 svh=3f
3 y=
        0.000   1642061.444         0.000   1642069.995   1642059.153   1642057.293         0.000   1642063.074   1642039.008   1642067.742   1642075.122   1642091.806   1642072.895   1642070.657   1642068.919         0.000   1642082.317   1642055.278   1642053.271   1642053.313   1642062.506   1642053.996   1642055.489   1642059.895
        0.000   1642051.912         0.000   1642070.318   1642057.119         0.000         0.000   1642063.156   1642041.896         0.000   1642070.355   1642084.038   1642068.562         0.000   1642068.121         0.000   1642071.797         0.000         0.000         0.000         0.000         0.000         0.000         0.000
        0.000   1642058.859         0.000   1642064.336   1642059.874   1642057.990         0.000   1642062.101   1642063.124   1642070.643   1642073.844   1642076.170   1642071.689   1642065.661   1642070.272         0.000   1642071.231   1642055.936   1642054.238   1642055.267   1642055.707   1642057.898   1642057.373   1642057.124
        0.000   1642055.979         0.000   1642063.154   1642056.784         0.000         0.000   1642059.193   1642059.908         0.000   1642069.268   1642071.113   1642068.673         0.000   1642066.607         0.000   1642071.055         0.000         0.000         0.000         0.000         0.000         0.000         0.000
3 ddres   : dt=0.0050 ns=20
3 sat=  9-  4 L1 v=       -0.002 R= 0.000037  0.000042 lock= 0 x=-25.607 P=92.363
3 sat=  9-  8 L1 v=       -0.002 R= 0.000037  0.000092 lock= 0 x=-6.769 P=93.017
3 sat=  9- 16 L1 v=        0.000 R= 0.000037  0.000063 lock= 0 x=-51.565 P=93.484
3 sat=  9- 27 L1 v=        0.004 R= 0.000037  0.000067 lock= 0 x=-39.902 P=92.753
3 sat=  9- 30 L1 v=       -0.003 R= 0.000037  0.000251 lock= 0 x=-141.954 P=98.511
3 sat=  9-  4 P1 v=        0.360 R= 3.335547  3.790826 lock= 0 x=-25.607 P=92.363
3 sat=  9-  8 P1 v=       -0.506 R= 3.335547  8.285332 lock= 0 x=-6.769 P=93.017
3 sat=  9- 16 P1 v=       -0.067 R= 3.335547  5.666954 lock= 0 x=-51.565 P=93.484
3 sat=  9- 27 P1 v=       -0.061 R= 3.335547  6.032060 lock= 0 x=-39.902 P=92.753
3 sat=  9- 30 P1 v=       -1.047 R= 3.335547 22.581671 lock= 0 x=-141.954 P=98.511
3 sat= 39- 38 L1 v=        0.001 R= 0.000091  0.000122 lock= 0 x=-61.801 P=93.946
3 sat= 39- 40 L1 v=       -0.003 R= 0.000091  0.000392 lock= 0 x=89.208 P=94.645
3 sat= 39- 41 L1 v=        0.002 R= 0.000091  0.000092 lock= 0 x=-49.567 P=92.853
3 sat= 39- 42 L1 v=       -0.002 R= 0.000091  0.000339 lock= 0 x=-11.520 P=94.093
3 sat= 39- 48 L1 v=       -0.001 R= 0.000091  0.000133 lock= 0 x=-46.017 P=93.304
3 sat= 39- 50 L1 v=        0.002 R= 0.000091  0.000638 lock= 0 x=33.937 P=94.863
3 sat= 39- 40 L2 v=        0.001 R= 0.000091  0.000392 lock= 0 x=27.486 P=131.390
3 sat= 39- 41 L2 v=        0.001 R= 0.000091  0.000092 lock= 0 x=-74.941 P=129.995
3 sat= 39- 48 L2 v=        0.002 R= 0.000091  0.000133 lock= 0 x=-54.101 P=129.906
3 sat= 39- 50 L2 v=       -0.002 R= 0.000091  0.000638 lock= 0 x=-28.365 P=130.849
3 sat= 39- 38 P1 v=        1.638 R= 8.228235 10.937655 lock= 0 x=-61.801 P=93.946
3 sat= 39- 40 P1 v=       -0.731 R= 8.228235 35.311000 lock= 0 x=89.208 P=94.645
3 sat= 39- 41 P1 v=        2.184 R= 8.228235  8.265730 lock= 0 x=-49.567 P=92.853
3 sat= 39- 42 P1 v=        2.494 R= 8.228235 30.523033 lock= 0 x=-11.520 P=94.093
3 sat= 39- 48 P1 v=        1.942 R= 8.228235 11.936901 lock= 0 x=-46.017 P=93.304
3 sat= 39- 50 P1 v=        2.367 R= 8.228235 57.389271 lock= 0 x=33.937 P=94.863
3 sat= 39- 40 P2 v=       -1.099 R= 8.228235 35.311000 lock= 0 x=27.486 P=131.390
3 sat= 39- 41 P2 v=       -0.727 R= 8.228235  8.265730 lock= 0 x=-74.941 P=129.995
3 sat= 39- 48 P2 v=       -0.829 R= 8.228235 11.936901 lock= 0 x=-54.101 P=129.906
3 sat= 39- 50 P2 v=       -0.300 R= 8.228235 57.389271 lock= 0 x=-28.365 P=130.849
3 sat= 60- 63 L1 v=       -0.002 R= 0.000036  0.000039 lock= 0 x=-60.593 P=84.934
3 sat= 60- 68 L1 v=       -0.004 R= 0.000036  0.000168 lock= 0 x=-30.112 P=88.738
3 sat= 60- 73 L1 v=       -0.001 R= 0.000036  0.000105 lock= 0 x=-8.907 P=86.769
3 sat= 60- 78 L1 v=       -0.003 R= 0.000036  0.000060 lock= 0 x=-13.700 P=85.841
3 sat= 60- 80 L1 v=       -0.001 R= 0.000036  0.000060 lock= 0 x=-72.530 P=86.315
3 sat= 60- 90 L1 v=        0.005 R= 0.000036  0.000095 lock= 0 x=-34.269 P=86.675
3 sat= 60- 63 P1 v=        0.512 R= 3.271841  3.470113 lock= 0 x=-60.593 P=84.934
3 sat= 60- 68 P1 v=        1.042 R= 3.271841 15.111888 lock= 0 x=-30.112 P=88.738
3 sat= 60- 73 P1 v=        1.467 R= 3.271841  9.470598 lock= 0 x=-8.907 P=86.769
3 sat= 60- 78 P1 v=       -1.376 R= 3.271841  5.395334 lock= 0 x=-13.700 P=85.841
3 sat= 60- 80 P1 v=       -0.230 R= 3.271841  5.417886 lock= 0 x=-72.530 P=86.315
3 sat= 60- 90 P1 v=        1.042 R= 3.271841  8.574094 lock= 0 x=-34.269 P=86.675
3 valpos  : nv=42 thres=4.0
3 posvar=0.161166
3 prevRatios = 0.000 0.000
3 Skip AR
3 sol_rr=    -1276971.765    -4717197.556     4087248.406          -0.001           0.002          -0.006
1 
---------------------------------------------------------
1 relpos: dt=0.005 nu=24 nr=26
1 ---------------------------------------------------------
3 satposs  : teph= 2020/12/24 22:08:25.005 n=24 ephopt=0
3 satposs  : teph= 2020/12/24 22:08:25.000 n=26 ephopt=0
3 base station:
3 zdres: n=26 rr=-1283433.94 -4713073.29 4090105.09
3 sat= 4 rs=   -17454.679 -24832401.515   9356092.305 dts=-0.0001671608 az= 141.8 el= 59.7
3 unhealthy satellite: sat=7 svh=3f
3 sat= 8 rs=  5091157.414 -25893570.594   -864321.672 dts=-0.0000040918 az= 143.6 el= 29.5
3 sat= 9 rs= -9318174.229 -17115685.857  17971069.299 dts=-0.0003052095 az= 288.9 el= 76.5
3 sat=16 rs=  9904768.920 -11043286.841  21781431.676 dts=-0.0002551588 az=  47.3 el= 39.2
3 sat=27 rs= 12303551.303 -20691778.533  10663018.857 dts=-0.0000418403 az=  98.6 el= 37.2
3 sat=30 rs=-24331300.569  -1718931.154  10819924.968 dts=-0.0003578176 az= 277.7 el= 16.2
3 sat=38 rs= -8300461.839 -23983178.438   2401808.434 dts= 0.0001897532 az= 186.7 el= 44.9
3 sat=39 rs=-12394137.870 -13645663.710  17636904.098 dts=-0.0000419300 az= 289.2 el= 63.2
3 sat=40 rs=-10323475.307   3846057.726  23053767.950 dts=-0.0000564558 az= 329.0 el= 19.9
3 sat=41 rs=-11220268.221 -12560409.036  19198714.980 dts= 0.0000148842 az= 303.5 el= 62.7
3 sat=42 rs=-23304781.486  -8584262.551   5638936.713 dts=-0.0000649858 az= 256.2 el= 21.7
3 sat=48 rs=  7060127.537  -9571068.876  22557543.350 dts=-0.0000094939 az=  36.7 el= 41.5
3 sat=50 rs= 19305633.941 -11459500.127  12082975.054 dts= 0.0000607964 az=  76.0 el= 15.0
3 sat=60 rs= -8796117.273 -20456498.453  19500276.158 dts=-0.0010103686 az= 283.0 el= 82.1
3 sat=63 rs=-13414722.633 -18100558.554  19194729.892 dts=-0.0006747670 az= 278.1 el= 69.4
3 sat=68 rs=-16813497.621   4264770.104  23979599.685 dts= 0.0058217663 az= 316.3 el= 20.4
3 sat=73 rs=  6527959.200 -28200950.989  -2371226.051 dts=-0.0012706424 az= 143.0 el= 26.9
3 sat=78 rs=  -570391.401 -29565037.691   1261831.679 dts= 0.0001612759 az= 157.6 el= 40.9
3 sat=80 rs= 11106148.912 -12475211.755  24439545.299 dts=-0.0006390822 az=  47.5 el= 40.7
3 sat=90 rs=-24349865.060 -16592284.066   2786395.996 dts=-0.0004767740 az= 237.3 el= 28.9
3 y=
        0.000         8.850         0.000        13.816        14.543         9.639         0.000        13.205         8.552        17.060        14.756        12.887        19.923        10.558        15.268         0.000        13.702         0.000        10.816        10.559         4.801         0.000         9.963         2.362        15.050        12.181
        0.000         0.000         0.000         0.000         0.000         0.000         0.000         0.000         0.000         0.000        23.971        21.306        30.477         0.000        25.006         0.000        22.491         0.000         0.000         0.000         0.000         0.000         0.000         0.000         0.000         0.000
        0.000         2.211         0.000         6.839         2.780         0.826         0.000         4.966         4.791         8.605        10.259        11.634        10.341         4.572         8.674         0.000        10.044         0.000         1.087        -0.151         1.502         0.000         2.372         1.709         2.297         3.262
        0.000         0.000         0.000         0.000         0.000         0.000         0.000         0.000         0.000         0.000        13.612        14.509        12.402         0.000        10.203         0.000        15.078         0.000         0.000         0.000         0.000         0.000         0.000         0.000         0.000         0.000
3 selsat  : nu=24 nr=26
3 before udstate: x=-1276971.7653 -4717197.5555 4087248.4065 -0.0010 0.0024 -0.0062 -0.0007 0.0012 -0.0040
3 udstate : ns=20
3 udpos : tt=1.000
3 pos var too high for accel term: 0.1612
3 udbias  : tt=1.000 ns=20
3 after udstate x=-1276971.7663 -4717197.5531 4087248.4002 -0.0017 0.0036 -0.0103 -0.0007 0.0012 -0.0040
3 rover: dt=0.005
3 zdres: n=24 rr=-1276971.77 -4717197.55 4087248.40
3 unhealthy satellite: sat=7 svh=3f
3 y=
        0.000   1642144.087         0.000   1642152.642   1642141.795   1642139.932         0.000   1642145.717   1642121.653   1642150.382   1642157.757   1642174.450   1642155.540   1642153.303   1642151.554         0.000   1642164.957   1642137.917   1642135.911   1642135.956   1642145.153   1642136.639   1642138.129   1642142.547
        0.000   1642134.552         0.000   1642152.963   1642139.760         0.000         0.000   1642145.797   1642124.542         0.000   1642152.988   1642166.685   1642151.209         0.000   1642150.757         0.000   1642154.443         0.000         0.000         0.000         0.000         0.000         0.000         0.000
        0.000   1642141.524         0.000   1642146.948   1642142.451   1642140.644         0.000   1642144.656   1642145.749   1642153.349   1642156.514   1642158.916   1642154.333   1642148.318   1642152.931         0.000   1642153.998   1642138.638   1642137.008   1642138.141   1642138.480   1642140.512   1642140.034   1642139.633
        0.000   1642138.548         0.000   1642145.726   1642139.394         0.000         0.000   1642141.729   1642142.509         0.000   1642151.970   1642153.672   1642151.303         0.000   1642149.218         0.000   1642153.745         0.000         0.000         0.000         0.000         0.000         0.000         0.000
3 ddres   : dt=0.0050 ns=20
3 sat=  9-  4 L1 v=       -0.003 R= 0.000037  0.000042 lock= 0 x=-25.874 P=92.363
3 sat=  9-  8 L1 v=       -0.007 R= 0.000037  0.000092 lock= 0 x=-7.036 P=93.017
3 sat=  9- 16 L1 v=        0.002 R= 0.000037  0.000063 lock= 0 x=-51.832 P=93.484
3 sat=  9- 27 L1 v=        0.003 R= 0.000037  0.000067 lock= 0 x=-40.169 P=92.753
3 sat=  9- 30 L1 v=       -0.007 R= 0.000037  0.000251 lock= 0 x=-142.220 P=98.511
3 sat=  9-  4 P1 v=        0.358 R= 3.335464  3.791180 lock= 0 x=-25.874 P=92.363
3 sat=  9-  8 P1 v=       -0.438 R= 3.335464  8.282560 lock= 0 x=-7.036 P=93.017
3 sat=  9- 16 P1 v=       -0.147 R= 3.335464  5.668194 lock= 0 x=-51.832 P=93.484
3 sat=  9- 27 P1 v=       -0.019 R= 3.335464  6.031435 lock= 0 x=-40.169 P=92.753
3 sat=  9- 30 P1 v=       -1.288 R= 3.335464 22.568652 lock= 0 x=-142.220 P=98.511
3 sat= 39- 38 L1 v=       -0.002 R= 0.000091  0.000122 lock= 0 x=-62.068 P=93.946
3 sat= 39- 40 L1 v=       -0.002 R= 0.000091  0.000392 lock= 0 x=88.942 P=94.645
3 sat= 39- 41 L1 v=        0.003 R= 0.000091  0.000092 lock= 0 x=-49.834 P=92.853
3 sat= 39- 42 L1 v=       -0.005 R= 0.000091  0.000339 lock= 0 x=-11.787 P=94.093
3 sat= 39- 48 L1 v=        0.000 R= 0.000091  0.000133 lock= 0 x=-46.284 P=93.304
3 sat= 39- 50 L1 v=        0.003 R= 0.000091  0.000637 lock= 0 x=33.670 P=94.863
3 sat= 39- 40 L2 v=       -0.006 R= 0.000091  0.000392 lock= 0 x=27.304 P=131.390
3 sat= 39- 41 L2 v=       -0.001 R= 0.000091  0.000092 lock= 0 x=-75.123 P=129.995
3 sat= 39- 48 L2 v=        0.002 R= 0.000091  0.000133 lock= 0 x=-54.283 P=129.906
3 sat= 39- 50 L2 v=       -0.009 R= 0.000091  0.000637 lock= 0 x=-28.546 P=130.849
3 sat= 39- 38 P1 v=        1.511 R= 8.227986 10.940137 lock= 0 x=-62.068 P=93.946
3 sat= 39- 40 P1 v=       -1.027 R= 8.227986 35.288524 lock= 0 x=88.942 P=94.645
3 sat= 39- 41 P1 v=        2.263 R= 8.227986  8.265581 lock= 0 x=-49.834 P=92.853
3 sat= 39- 42 P1 v=        2.509 R= 8.227986 30.509788 lock= 0 x=-11.787 P=94.093
3 sat= 39- 48 P1 v=        1.997 R= 8.227986 11.939107 lock= 0 x=-46.284 P=93.304
3 sat= 39- 50 P1 v=        2.301 R= 8.227986 57.360641 lock= 0 x=33.670 P=94.863
3 sat= 39- 40 P2 v=       -0.805 R= 8.227986 35.288524 lock= 0 x=27.304 P=131.390
3 sat= 39- 41 P2 v=       -0.543 R= 8.227986  8.265581 lock= 0 x=-75.123 P=129.995
3 sat= 39- 48 P2 v=       -0.658 R= 8.227986 11.939107 lock= 0 x=-54.283 P=129.906
3 sat= 39- 50 P2 v=       -0.309 R= 8.227986 57.360641 lock= 0 x=-28.546 P=130.849
3 sat= 60- 63 L1 v=       -0.004 R= 0.000036  0.000039 lock= 0 x=-60.860 P=84.934
3 sat= 60- 68 L1 v=       -0.006 R= 0.000036  0.000168 lock= 0 x=-30.379 P=88.738
3 sat= 60- 73 L1 v=       -0.007 R= 0.000036  0.000105 lock= 0 x=-9.173 P=86.769
3 sat= 60- 78 L1 v=       -0.005 R= 0.000036  0.000060 lock= 0 x=-13.967 P=85.841
3 sat= 60- 80 L1 v=       -0.002 R= 0.000036  0.000060 lock= 0 x=-72.796 P=86.315
3 sat= 60- 90 L1 v=       -0.008 R= 0.000036  0.000095 lock= 0 x=-34.536 P=86.675
3 sat= 60- 63 P1 v=        0.392 R= 3.271826  3.470060 lock= 0 x=-60.860 P=84.934
3 sat= 60- 68 P1 v=        0.913 R= 3.271826 15.105417 lock= 0 x=-30.379 P=88.738
3 sat= 60- 73 P1 v=        1.443 R= 3.271826  9.467936 lock= 0 x=-9.173 P=86.769
3 sat= 60- 78 P1 v=       -1.252 R= 3.271826  5.396317 lock= 0 x=-13.967 P=85.841
3 sat= 60- 80 P1 v=       -0.186 R= 3.271826  5.418726 lock= 0 x=-72.796 P=86.315
3 sat= 60- 90 P1 v=        1.181 R= 3.271826  8.571941 lock= 0 x=-34.536 P=86.675
3 before filter x=-1276971.7663 -4717197.5531 4087248.4002 -0.0017 0.0036 -0.0103 -0.0007 0.0012 -0.0040
3 after filter x=-1276971.7701 -4717197.5473 4087248.4157 0.0016 -0.0052 0.0053 0.0009 -0.0032 0.0037
3 posvar=0.151952 
3 zdres: n=24 rr=-1276971.77 -4717197.55 4087248.42
3 unhealthy satellite: sat=7 svh=3f
3 y=
        0.000   1642144.086         0.000   1642152.632   1642141.803   1642139.941         0.000   1642145.715   1642121.662   1642150.377   1642157.768   1642174.467   1642155.551   1642153.307   1642151.565         0.000   1642164.958   1642137.925   1642135.920   1642135.971   1642145.143   1642136.631   1642138.138   1642142.547
        0.000   1642134.550         0.000   1642152.953   1642139.768         0.000         0.000   1642145.795   1642124.551         0.000   1642152.998   1642166.701   1642151.220         0.000   1642150.768         0.000   1642154.443         0.000         0.000         0.000         0.000         0.000         0.000         0.000
        0.000   1642141.522         0.000   1642146.938   1642142.460   1642140.653         0.000   1642144.654   1642145.758   1642153.343   1642156.524   1642158.933   1642154.345   1642148.321   1642152.942         0.000   1642153.998   1642138.646   1642137.017   1642138.156   1642138.470   1642140.505   1642140.043   1642139.633
        0.000   1642138.546         0.000   1642145.716   1642139.403         0.000         0.000   1642141.727   1642142.518         0.000   1642151.980   1642153.689   1642151.315         0.000   1642149.229         0.000   1642153.745         0.000         0.000         0.000         0.000         0.000         0.000         0.000
3 ddres   : dt=0.0050 ns=20
3 sat=  9-  4 L1 v=       -0.002 R= 0.000037  0.000042 lock= 0 x=-25.889 P=92.345
3 sat=  9-  8 L1 v=       -0.002 R= 0.000037  0.000092 lock= 0 x=-7.076 P=92.958
3 sat=  9- 16 L1 v=        0.001 R= 0.000037  0.000063 lock= 0 x=-51.803 P=93.402
3 sat=  9- 27 L1 v=        0.003 R= 0.000037  0.000067 lock= 0 x=-40.188 P=92.718
3 sat=  9- 30 L1 v=        0.000 R= 0.000037  0.000251 lock= 0 x=-142.148 P=98.186
3 sat=  9-  4 P1 v=        0.368 R= 3.335464  3.791180 lock= 0 x=-25.889 P=92.345
3 sat=  9-  8 P1 v=       -0.420 R= 3.335464  8.282560 lock= 0 x=-7.076 P=92.958
3 sat=  9- 16 P1 v=       -0.147 R= 3.335464  5.668194 lock= 0 x=-51.803 P=93.402
3 sat=  9- 27 P1 v=       -0.008 R= 3.335464  6.031435 lock= 0 x=-40.188 P=92.718
3 sat=  9- 30 P1 v=       -1.288 R= 3.335464 22.568652 lock= 0 x=-142.148 P=98.186
3 sat= 39- 38 L1 v=        0.001 R= 0.000091  0.000122 lock= 0 x=-62.124 P=93.830
3 sat= 39- 40 L1 v=       -0.000 R= 0.000091  0.000392 lock= 0 x=88.997 P=94.533
3 sat= 39- 41 L1 v=        0.002 R= 0.000091  0.000092 lock= 0 x=-49.821 P=92.803
3 sat= 39- 42 L1 v=        0.002 R= 0.000091  0.000339 lock= 0 x=-11.777 P=93.964
3 sat= 39- 48 L1 v=       -0.002 R= 0.000091  0.000133 lock= 0 x=-46.283 P=93.238
3 sat= 39- 50 L1 v=        0.004 R= 0.000091  0.000637 lock= 0 x=33.629 P=94.715
3 sat= 39- 40 L2 v=       -0.003 R= 0.000091  0.000392 lock= 0 x=27.342 P=131.326
3 sat= 39- 41 L2 v=       -0.002 R= 0.000091  0.000092 lock= 0 x=-75.118 P=129.963
3 sat= 39- 48 L2 v=       -0.001 R= 0.000091  0.000133 lock= 0 x=-54.288 P=129.886
3 sat= 39- 50 L2 v=       -0.007 R= 0.000091  0.000637 lock= 0 x=-28.579 P=130.770
3 sat= 39- 38 P1 v=        1.526 R= 8.227986 10.940137 lock= 0 x=-62.124 P=93.830
3 sat= 39- 40 P1 v=       -1.034 R= 8.227986 35.288524 lock= 0 x=88.997 P=94.533
3 sat= 39- 41 P1 v=        2.261 R= 8.227986  8.265581 lock= 0 x=-49.821 P=92.803
3 sat= 39- 42 P1 v=        2.515 R= 8.227986 30.509788 lock= 0 x=-11.777 P=93.964
3 sat= 39- 48 P1 v=        1.997 R= 8.227986 11.939107 lock= 0 x=-46.283 P=93.238
3 sat= 39- 50 P1 v=        2.311 R= 8.227986 57.360641 lock= 0 x=33.629 P=94.715
3 sat= 39- 40 P2 v=       -0.812 R= 8.227986 35.288524 lock= 0 x=27.342 P=131.326
3 sat= 39- 41 P2 v=       -0.545 R= 8.227986  8.265581 lock= 0 x=-75.118 P=129.963
3 sat= 39- 48 P2 v=       -0.658 R= 8.227986 11.939107 lock= 0 x=-54.288 P=129.886
3 sat= 39- 50 P2 v=       -0.299 R= 8.227986 57.360641 lock= 0 x=-28.579 P=130.770
3 sat= 60- 63 L1 v=       -0.003 R= 0.000036  0.000039 lock= 0 x=-60.845 P=84.914
3 sat= 60- 68 L1 v=       -0.001 R= 0.000036  0.000168 lock= 0 x=-30.309 P=88.521
3 sat= 60- 73 L1 v=       -0.002 R= 0.000036  0.000105 lock= 0 x=-9.237 P=86.648
3 sat= 60- 78 L1 v=       -0.001 R= 0.000036  0.000060 lock= 0 x=-14.021 P=85.774
3 sat= 60- 80 L1 v=       -0.002 R= 0.000036  0.000060 lock= 0 x=-72.790 P=86.223
3 sat= 60- 90 L1 v=       -0.001 R= 0.000036  0.000095 lock= 0 x=-34.532 P=86.559
3 sat= 60- 63 P1 v=        0.391 R= 3.271826  3.470060 lock= 0 x=-60.845 P=84.914
3 sat= 60- 68 P1 v=        0.905 R= 3.271826 15.105417 lock= 0 x=-30.309 P=88.521
3 sat= 60- 73 P1 v=        1.461 R= 3.271826  9.467936 lock= 0 x=-9.237 P=86.648
3 sat= 60- 78 P1 v=       -1.236 R= 3.271826  5.396317 lock= 0 x=-14.021 P=85.774
3 sat= 60- 80 P1 v=       -0.187 R= 3.271826  5.418726 lock= 0 x=-72.790 P=86.223
3 sat= 60- 90 P1 v=        1.188 R= 3.271826  8.571941 lock= 0 x=-34.532 P=86.559
3 valpos  : nv=42 thres=4.0
3 posvar=0.151952
3 prevRatios = 0.000 0.000
3 Skip AR
3 sol_rr=    -1276971.770    -4717197.547     4087248.416           0.002          -0.005           0.005
1 
---------------------------------------------------------
1 relpos: dt=0.005 nu=24 nr=26
1 ---------------------------------------------------------
3 satposs  : teph= 2020/12/24 22:08:26.005 n=24 ephopt=0
3 satposs  : teph= 2020/12/24 22:08:26.000 n=26 ephopt=0
3 base station:
3 zdres: n=26 rr=-1283433.94 -4713073.29 4090105.09
3 sat= 4 rs=   -16889.344 -24833480.094   9353224.863 dts=-0.0001671608 az= 141.8 el= 59.7
3 unhealthy satellite: sat=7 svh=3f
3 sat= 8 rs=  5091457.474 -25893618.902   -861113.179 dts=-0.0000040918 az= 143.6 el= 29.5
3 sat= 9 rs= -9317510.047 -17117892.977  17969315.734 dts=-0.0003052095 az= 288.9 el= 76.5
3 sat=16 rs=  9906664.355 -11041199.991  21781670.303 dts=-0.0002551588 az=  47.3 el= 39.2
3 sat=27 rs= 12303457.790 -20690375.848  10665843.549 dts=-0.0000418403 az=  98.6 el= 37.2
3 sat=30 rs=-24330057.230  -1719562.884  10822609.622 dts=-0.0003578176 az= 277.7 el= 16.2
3 sat=38 rs= -8300688.354 -23983456.678   2398266.055 dts= 0.0001897532 az= 186.7 el= 44.9
3 sat=39 rs=-12394866.860 -13647963.184  17634604.361 dts=-0.0000419300 az= 289.2 el= 63.2
3 sat=40 rs=-10324290.022   3843021.882  23053907.604 dts=-0.0000564558 az= 329.0 el= 19.9
3 sat=41 rs=-11217743.721 -12559701.140  19200648.665 dts= 0.0000148842 az= 303.6 el= 62.7
3 sat=42 rs=-23304065.869  -8583928.993   5642402.497 dts=-0.0000649858 az= 256.3 el= 21.7
3 sat=48 rs=  7063142.845  -9570386.093  22556902.010 dts=-0.0000094939 az=  36.7 el= 41.5
3 sat=50 rs= 19304315.501 -11458479.295  12086059.044 dts= 0.0000607964 az=  76.0 el= 15.0
3 sat=60 rs= -8794472.015 -20455436.319  19502133.466 dts=-0.0010103686 az= 283.1 el= 82.1
3 sat=63 rs=-13414723.342 -18102483.795  19192913.925 dts=-0.0006747670 az= 278.1 el= 69.4
3 sat=68 rs=-16813477.426   4262364.481  23980042.511 dts= 0.0058217662 az= 316.3 el= 20.4
3 sat=73 rs=  6528048.895 -28200562.006  -2368424.604 dts=-0.0012706424 az= 143.0 el= 27.0
3 sat=78 rs=  -570442.550 -29565165.006   1258829.885 dts= 0.0001612759 az= 157.6 el= 40.8
3 sat=80 rs= 11108265.573 -12473973.014  24439216.294 dts=-0.0006390822 az=  47.5 el= 40.7
3 sat=90 rs=-24349682.693 -16592044.743   2789424.387 dts=-0.0004767740 az= 237.3 el= 28.9
3 y=
        0.000         8.858         0.000        13.824        14.552         9.646         0.000        13.213         8.561        17.064        14.763        12.898        19.936        10.568        15.267         0.000        13.707         0.000        10.823        10.567         4.808         0.000         9.973         2.370        15.058        12.189
        0.000         0.000         0.000         0.000         0.000         0.000         0.000         0.000         0.000         0.000        23.978        21.315        30.488         0.000        25.004         0.000        22.497         0.000         0.000         0.000         0.000         0.000         0.000         0.000         0.000         0.000
        0.000         2.221         0.000         6.786         2.770         0.859         0.000         5.038         4.830         8.437        10.285        11.868        10.315         4.772         8.596         0.000        10.087         0.000         1.077        -0.127         1.411         0.000         2.496         1.691         2.321         3.205
        0.000         0.000         0.000         0.000         0.000         0.000         0.000         0.000         0.000         0.000        13.611        14.686        12.367         0.000        10.277         0.000        14.896         0.000         0.000         0.000         0.000         0.000         0.000         0.000         0.000         0.000
3 selsat  : nu=24 nr=26
3 before udstate: x=-1276971.7701 -4717197.5473 4087248.4157 0.0016 -0.0052 0.0053 0.0009 -0.0032 0.0037
3 udstate : ns=20
3 udpos : tt=1.000
3 pos var too high for accel term: 0.1520
3 udbias  : tt=1.000 ns=20
3 after udstate x=-1276971.7685 -4717197.5525 4087248.4209 0.0025 -0.0085 0.0090 0.0009 -0.0032 0.0037
3 rover: dt=0.005
3 zdres: n=24 rr=-1276971.77 -4717197.55 4087248.42
3 unhealthy satellite: sat=7 svh=3f
3 y=
        0.000   1642226.740         0.000   1642235.285   1642224.456   1642222.593         0.000   1642228.368   1642204.308   1642233.022   1642240.419   1642257.117   1642238.209   1642235.954   1642234.211         0.000   1642247.610   1642220.578   1642218.574   1642218.619   1642227.794   1642219.284   1642220.791   1642225.192
        0.000   1642217.204         0.000   1642235.604   1642222.422         0.000         0.000   1642228.449   1642207.195         0.000   1642235.651   1642249.356   1642233.875         0.000   1642233.413         0.000   1642237.090         0.000         0.000         0.000         0.000         0.000         0.000         0.000
        0.000   1642224.378         0.000   1642229.726   1642225.064   1642223.280         0.000   1642227.236   1642228.544   1642236.065   1642239.082   1642241.598   1642236.970   1642230.985   1642235.620         0.000   1642236.782   1642221.385   1642219.709   1642220.913   1642221.156   1642223.207   1642222.882   1642222.307
        0.000   1642221.139         0.000   1642228.357   1642222.022         0.000         0.000   1642224.242   1642225.202         0.000   1642234.719   1642236.322   1642233.919         0.000   1642231.858         0.000   1642236.398         0.000         0.000         0.000         0.000         0.000         0.000         0.000
3 ddres   : dt=0.0050 ns=20
3 sat=  9-  4 L1 v=       -0.005 R= 0.000037  0.000042 lock= 0 x=-26.113 P=92.345
3 sat=  9-  8 L1 v=       -0.004 R= 0.000037  0.000092 lock= 0 x=-7.299 P=92.958
3 sat=  9- 16 L1 v=       -0.001 R= 0.000037  0.000063 lock= 0 x=-52.026 P=93.402
3 sat=  9- 27 L1 v=        0.001 R= 0.000037  0.000067 lock= 0 x=-40.411 P=92.718
3 sat=  9- 30 L1 v=        0.007 R= 0.000037  0.000251 lock= 0 x=-142.372 P=98.186
3 sat=  9-  4 P1 v=        0.137 R= 3.335380  3.791534 lock= 0 x=-26.113 P=92.345
3 sat=  9-  8 P1 v=       -0.646 R= 3.335380  8.279790 lock= 0 x=-7.299 P=92.958
3 sat=  9- 16 P1 v=       -0.127 R= 3.335380  5.669435 lock= 0 x=-52.026 P=93.402
3 sat=  9- 27 P1 v=        0.096 R= 3.335380  6.030810 lock= 0 x=-40.411 P=92.718
3 sat=  9- 30 P1 v=       -1.420 R= 3.335380 22.555645 lock= 0 x=-142.372 P=98.186
3 sat= 39- 38 L1 v=        0.004 R= 0.000091  0.000122 lock= 0 x=-62.347 P=93.830
3 sat= 39- 40 L1 v=        0.006 R= 0.000091  0.000392 lock= 0 x=88.773 P=94.533
3 sat= 39- 41 L1 v=        0.002 R= 0.000091  0.000092 lock= 0 x=-50.045 P=92.803
3 sat= 39- 42 L1 v=        0.009 R= 0.000091  0.000339 lock= 0 x=-12.001 P=93.964
3 sat= 39- 48 L1 v=       -0.003 R= 0.000091  0.000133 lock= 0 x=-46.507 P=93.238
3 sat= 39- 50 L1 v=        0.002 R= 0.000091  0.000637 lock= 0 x=33.406 P=94.715
3 sat= 39- 40 L2 v=       -0.002 R= 0.000091  0.000392 lock= 0 x=27.340 P=131.326
3 sat= 39- 41 L2 v=        0.001 R= 0.000091  0.000092 lock= 0 x=-75.120 P=129.963
3 sat= 39- 48 L2 v=       -0.003 R= 0.000091  0.000133 lock= 0 x=-54.290 P=129.886
3 sat= 39- 50 L2 v=       -0.003 R= 0.000091  0.000637 lock= 0 x=-28.581 P=130.770
3 sat= 39- 38 P1 v=        1.168 R= 8.227737 10.942620 lock= 0 x=-62.347 P=93.830
3 sat= 39- 40 P1 v=       -0.934 R= 8.227737 35.266074 lock= 0 x=88.773 P=94.533
3 sat= 39- 41 P1 v=        2.141 R= 8.227737  8.265432 lock= 0 x=-50.045 P=92.803
3 sat= 39- 42 P1 v=        2.583 R= 8.227737 30.496554 lock= 0 x=-12.001 P=93.964
3 sat= 39- 48 P1 v=        1.772 R= 8.227737 11.941314 lock= 0 x=-46.507 P=93.238
3 sat= 39- 50 P1 v=        2.101 R= 8.227737 57.332042 lock= 0 x=33.406 P=94.715
3 sat= 39- 40 P2 v=       -0.529 R= 8.227737 35.266074 lock= 0 x=27.340 P=131.326
3 sat= 39- 41 P2 v=       -0.445 R= 8.227737  8.265432 lock= 0 x=-75.120 P=129.963
3 sat= 39- 48 P2 v=       -0.474 R= 8.227737 11.941314 lock= 0 x=-54.290 P=129.886
3 sat= 39- 50 P2 v=       -0.395 R= 8.227737 57.332042 lock= 0 x=-28.581 P=130.770
3 sat= 60- 63 L1 v=       -0.002 R= 0.000036  0.000039 lock= 0 x=-61.068 P=84.914
3 sat= 60- 68 L1 v=        0.005 R= 0.000036  0.000168 lock= 0 x=-30.533 P=88.521
3 sat= 60- 73 L1 v=        0.004 R= 0.000036  0.000105 lock= 0 x=-9.461 P=86.648
3 sat= 60- 78 L1 v=        0.002 R= 0.000036  0.000060 lock= 0 x=-14.244 P=85.774
3 sat= 60- 80 L1 v=       -0.002 R= 0.000036  0.000060 lock= 0 x=-73.013 P=86.223
3 sat= 60- 90 L1 v=        0.008 R= 0.000036  0.000095 lock= 0 x=-34.756 P=86.559
3 sat= 60- 63 P1 v=        0.472 R= 3.271811  3.470007 lock= 0 x=-61.068 P=84.914
3 sat= 60- 68 P1 v=        0.806 R= 3.271811 15.098950 lock= 0 x=-30.533 P=88.521
3 sat= 60- 73 P1 v=        1.649 R= 3.271811  9.465275 lock= 0 x=-9.461 P=86.648
3 sat= 60- 78 P1 v=       -1.208 R= 3.271811  5.397300 lock= 0 x=-14.244 P=85.774
3 sat= 60- 80 P1 v=       -0.253 R= 3.271811  5.419565 lock= 0 x=-73.013 P=86.223
3 sat= 60- 90 P1 v=        1.206 R= 3.271811  8.569790 lock= 0 x=-34.756 P=86.559
3 before filter x=-1276971.7685 -4717197.5525 4087248.4209 0.0025 -0.0085 0.0090 0.0009 -0.0032 0.0037
3 after filter x=-1276971.7733 -4717197.5295 4087248.4211 -0.0021 0.0043 -0.0035 -0.0014 0.0032 -0.0025
3 posvar=0.143502 
3 zdres: n=24 rr=-1276971.77 -4717197.53 4087248.42
3 unhealthy satellite: sat=7 svh=3f
3 y=
        0.000   1642226.717         0.000   1642235.262   1642224.444   1642222.584         0.000   1642228.349   1642204.316   1642233.002   1642240.411   1642257.127   1642238.202   1642235.955   1642234.204         0.000   1642247.599   1642220.564   1642218.563   1642218.629   1642227.771   1642219.261   1642220.782   1642225.186
        0.000   1642217.182         0.000   1642235.581   1642222.410         0.000         0.000   1642228.429   1642207.203         0.000   1642235.643   1642249.367   1642233.868         0.000   1642233.406         0.000   1642237.080         0.000         0.000         0.000         0.000         0.000         0.000         0.000
        0.000   1642224.355         0.000   1642229.703   1642225.052   1642223.271         0.000   1642227.216   1642228.552   1642236.045   1642239.074   1642241.609   1642236.963   1642230.986   1642235.613         0.000   1642236.771   1642221.371   1642219.699   1642220.923   1642221.133   1642223.184   1642222.873   1642222.301
        0.000   1642221.116         0.000   1642228.334   1642222.010         0.000         0.000   1642224.222   1642225.210         0.000   1642234.711   1642236.333   1642233.912         0.000   1642231.851         0.000   1642236.387         0.000         0.000         0.000         0.000         0.000         0.000         0.000
3 ddres   : dt=0.0050 ns=20
3 sat=  9-  4 L1 v=       -0.004 R= 0.000037  0.000042 lock= 0 x=-26.137 P=92.329
3 sat=  9-  8 L1 v=       -0.006 R= 0.000037  0.000092 lock= 0 x=-7.339 P=92.904
3 sat=  9- 16 L1 v=       -0.000 R= 0.000037  0.000063 lock= 0 x=-51.979 P=93.327
3 sat=  9- 27 L1 v=        0.001 R= 0.000037  0.000067 lock= 0 x=-40.421 P=92.685
3 sat=  9- 30 L1 v=       -0.002 R= 0.000037  0.000251 lock= 0 x=-142.287 P=97.887
3 sat=  9-  4 P1 v=        0.147 R= 3.335380  3.791534 lock= 0 x=-26.137 P=92.329
3 sat=  9-  8 P1 v=       -0.635 R= 3.335380  8.279790 lock= 0 x=-7.339 P=92.904
3 sat=  9- 16 P1 v=       -0.130 R= 3.335380  5.669435 lock= 0 x=-51.979 P=93.327
3 sat=  9- 27 P1 v=        0.104 R= 3.335380  6.030810 lock= 0 x=-40.421 P=92.685
3 sat=  9- 30 P1 v=       -1.440 R= 3.335380 22.555645 lock= 0 x=-142.287 P=97.887
3 sat= 39- 38 L1 v=        0.003 R= 0.000091  0.000122 lock= 0 x=-62.425 P=93.725
3 sat= 39- 40 L1 v=        0.002 R= 0.000091  0.000392 lock= 0 x=88.845 P=94.431
3 sat= 39- 41 L1 v=        0.002 R= 0.000091  0.000092 lock= 0 x=-50.043 P=92.756
3 sat= 39- 42 L1 v=        0.002 R= 0.000091  0.000339 lock= 0 x=-11.996 P=93.846
3 sat= 39- 48 L1 v=       -0.001 R= 0.000091  0.000133 lock= 0 x=-46.497 P=93.177
3 sat= 39- 50 L1 v=        0.002 R= 0.000091  0.000637 lock= 0 x=33.384 P=94.581
3 sat= 39- 40 L2 v=       -0.006 R= 0.000091  0.000392 lock= 0 x=27.390 P=131.268
3 sat= 39- 41 L2 v=        0.001 R= 0.000091  0.000092 lock= 0 x=-75.127 P=129.933
3 sat= 39- 48 L2 v=       -0.000 R= 0.000091  0.000133 lock= 0 x=-54.291 P=129.867
3 sat= 39- 50 L2 v=       -0.003 R= 0.000091  0.000637 lock= 0 x=-28.604 P=130.699
3 sat= 39- 38 P1 v=        1.180 R= 8.227737 10.942620 lock= 0 x=-62.425 P=93.725
3 sat= 39- 40 P1 v=       -0.952 R= 8.227737 35.266074 lock= 0 x=88.845 P=94.431
3 sat= 39- 41 P1 v=        2.140 R= 8.227737  8.265432 lock= 0 x=-50.043 P=92.756
3 sat= 39- 42 P1 v=        2.575 R= 8.227737 30.496554 lock= 0 x=-11.996 P=93.846
3 sat= 39- 48 P1 v=        1.772 R= 8.227737 11.941314 lock= 0 x=-46.497 P=93.177
3 sat= 39- 50 P1 v=        2.105 R= 8.227737 57.332042 lock= 0 x=33.384 P=94.581
3 sat= 39- 40 P2 v=       -0.547 R= 8.227737 35.266074 lock= 0 x=27.390 P=131.268
3 sat= 39- 41 P2 v=       -0.446 R= 8.227737  8.265432 lock= 0 x=-75.127 P=129.933
3 sat= 39- 48 P2 v=       -0.474 R= 8.227737 11.941314 lock= 0 x=-54.291 P=129.867
3 sat= 39- 50 P2 v=       -0.391 R= 8.227737 57.332042 lock= 0 x=-28.604 P=130.699
3 sat= 60- 63 L1 v=       -0.003 R= 0.000036  0.000039 lock= 0 x=-61.058 P=84.896
3 sat= 60- 68 L1 v=       -0.002 R= 0.000036  0.000168 lock= 0 x=-30.440 P=88.321
3 sat= 60- 73 L1 v=        0.001 R= 0.000036  0.000105 lock= 0 x=-9.523 P=86.538
3 sat= 60- 78 L1 v=       -0.000 R= 0.000036  0.000060 lock= 0 x=-14.305 P=85.712
3 sat= 60- 80 L1 v=       -0.001 R= 0.000036  0.000060 lock= 0 x=-72.988 P=86.139
3 sat= 60- 90 L1 v=        0.001 R= 0.000036  0.000095 lock= 0 x=-34.755 P=86.452
3 sat= 60- 63 P1 v=        0.469 R= 3.271811  3.470007 lock= 0 x=-61.058 P=84.896
3 sat= 60- 68 P1 v=        0.782 R= 3.271811 15.098950 lock= 0 x=-30.440 P=88.321
3 sat= 60- 73 P1 v=        1.657 R= 3.271811  9.465275 lock= 0 x=-9.523 P=86.538
3 sat= 60- 78 P1 v=       -1.199 R= 3.271811  5.397300 lock= 0 x=-14.305 P=85.712
3 sat= 60- 80 P1 v=       -0.258 R= 3.271811  5.419565 lock= 0 x=-72.988 P=86.139
3 sat= 60- 90 P1 v=        1.198 R= 3.271811  8.569790 lock= 0 x=-34.755 P=86.452
3 valpos  : nv=42 thres=4.0
3 posvar=0.143502
3 prevRatios = 0.000 0.000
3 Skip AR
3 sol_rr=    -1276971.773    -4717197.529     4087248.421          -0.002           0.004          -0.003
1 
---------------------------------------------------------
1 relpos: dt=0.005 nu=24 nr=26
1 ---------------------------------------------------------
3 satposs  : teph= 2020/12/24 22:08:27.005 n=24 ephopt=0
3 satposs  : teph= 2020/12/24 22:08:27.000 n=26 ephopt=0
3 base station:
3 zdres: n=26 rr=-1283433.94 -4713073.29 4090105.09
3 sat= 4 rs=   -16324.166 -24834558.357   9350357.222 dts=-0.0001671608 az= 141.8 el= 59.6
3 unhealthy satellite: sat=7 svh=3f
3 sat= 8 rs=  5091757.444 -25893666.830   -857904.668 dts=-0.0000040918 az= 143.6 el= 29.5
3 sat= 9 rs= -9316846.037 -17120099.919  17967561.785 dts=-0.0003052095 az= 288.9 el= 76.5
3 sat=16 rs=  9908559.931 -11039113.236  21781908.456 dts=-0.0002551588 az=  47.3 el= 39.2
3 sat=27 rs= 12303364.278 -20688972.807  10668668.008 dts=-0.0000418403 az=  98.6 el= 37.2
3 sat=30 rs=-24328813.601  -1720194.768  10825294.049 dts=-0.0003578176 az= 277.7 el= 16.2
3 sat=38 rs= -8300914.754 -23983734.435   2394723.619 dts= 0.0001897532 az= 186.7 el= 44.9
3 sat=39 rs=-12395595.953 -13650262.297  17632304.201 dts=-0.0000419300 az= 289.2 el= 63.2
3 sat=40 rs=-10325104.988   3839986.086  23054046.707 dts=-0.0000564558 az= 329.0 el= 19.9
3 sat=41 rs=-11215218.909 -12558993.379  19202581.891 dts= 0.0000148842 az= 303.6 el= 62.7
3 sat=42 rs=-23303349.765  -8583595.378   5645868.145 dts=-0.0000649858 az= 256.3 el= 21.7
3 sat=48 rs=  7066158.121  -9569703.570  22556260.127 dts=-0.0000094939 az=  36.7 el= 41.5
3 sat=50 rs= 19302996.849 -11457458.057  12089142.744 dts= 0.0000607964 az=  76.0 el= 15.0
3 sat=60 rs= -8792826.514 -20454374.219  19503990.474 dts=-0.0010103686 az= 283.1 el= 82.1
3 sat=63 rs=-13414724.197 -18104408.854  19191097.663 dts=-0.0006747670 az= 278.1 el= 69.4
3 sat=68 rs=-16813457.413   4259958.814  23980484.968 dts= 0.0058217662 az= 316.3 el= 20.4
3 sat=73 rs=  6528138.575 -28200172.727  -2365623.119 dts=-0.0012706424 az= 143.0 el= 27.0
3 sat=78 rs=  -570493.713 -29565292.016   1255828.073 dts= 0.0001612759 az= 157.6 el= 40.8
3 sat=80 rs= 11110382.304 -12472734.456  24438886.913 dts=-0.0006390822 az=  47.5 el= 40.7
3 sat=90 rs=-24349500.045 -16591805.278   2792452.735 dts=-0.0004767740 az= 237.3 el= 28.9
3 y=
        0.000         8.893         0.000        13.861        14.587         9.682         0.000        13.249         8.601        17.096        14.799        12.932        19.974        10.605        15.296         0.000        13.741         0.000        10.859        10.604         4.845         0.000        10.008         2.405        15.094        12.226
        0.000         0.000         0.000         0.000         0.000         0.000         0.000         0.000         0.000         0.000        24.014        21.348        30.526         0.000        25.034         0.000        22.531         0.000         0.000         0.000         0.000         0.000         0.000         0.000         0.000         0.000
        0.000         2.222         0.000         6.740         2.796         0.839         0.000         5.065         4.930         8.370        10.323        11.741        10.374         4.828         8.329         0.000        10.102         0.000         1.116        -0.090         1.341         0.000         2.518         1.735         2.363         3.263
        0.000         0.000         0.000         0.000         0.000         0.000         0.000         0.000         0.000         0.000        13.658        14.822        12.412         0.000        10.507         0.000        14.871         0.000         0.000         0.000         0.000         0.000         0.000         0.000         0.000         0.000
3 selsat  : nu=24 nr=26
3 before udstate: x=-1276971.7733 -4717197.5295 4087248.4211 -0.0021 0.0043 -0.0035 -0.0014 0.0032 -0.0025
3 udstate : ns=20
3 udpos : tt=1.000
3 pos var too high for accel term: 0.1435
3 udbias  : tt=1.000 ns=20
3 after udstate x=-1276971.7754 -4717197.5252 4087248.4176 -0.0034 0.0075 -0.0060 -0.0014 0.0032 -0.0025
3 rover: dt=0.005
3 zdres: n=24 rr=-1276971.78 -4717197.53 4087248.42
3 unhealthy satellite: sat=7 svh=3f
3 y=
        0.000   1642309.314         0.000   1642317.862   1642307.044   1642305.184         0.000   1642310.946   1642286.923   1642315.599   1642323.012   1642339.732   1642320.805   1642318.561   1642316.797         0.000   1642330.197   1642303.163   1642301.164   1642301.234   1642310.373   1642301.862   1642303.379   1642307.790
        0.000   1642299.780         0.000   1642318.184   1642305.010         0.000         0.000   1642311.030   1642289.811         0.000   1642318.244   1642331.965   1642316.471         0.000   1642316.000         0.000   1642319.682         0.000         0.000         0.000         0.000         0.000         0.000         0.000
        0.000   1642307.034         0.000   1642312.333   1642307.655   1642305.841         0.000   1642309.779   1642311.129   1642318.696   1642321.533   1642324.319   1642319.594   1642313.575   1642318.215         0.000   1642319.361   1642303.903   1642302.335   1642303.718   1642303.646   1642305.764   1642305.573   1642304.939
        0.000   1642303.757         0.000   1642310.863   1642304.621         0.000         0.000   1642306.693   1642307.729         0.000   1642317.365   1642318.941   1642316.607         0.000   1642314.470         0.000   1642318.964         0.000         0.000         0.000         0.000         0.000         0.000         0.000
3 ddres   : dt=0.0050 ns=20
3 sat=  9-  4 L1 v=       -0.001 R= 0.000037  0.000042 lock= 0 x=-26.401 P=92.329
3 sat=  9-  8 L1 v=       -0.003 R= 0.000037  0.000092 lock= 0 x=-7.603 P=92.904
3 sat=  9- 16 L1 v=        0.001 R= 0.000037  0.000063 lock= 0 x=-52.244 P=93.327
3 sat=  9- 27 L1 v=        0.005 R= 0.000037  0.000067 lock= 0 x=-40.686 P=92.685
3 sat=  9- 30 L1 v=       -0.004 R= 0.000037  0.000250 lock= 0 x=-142.551 P=97.887
3 sat=  9-  4 P1 v=        0.046 R= 3.335297  3.791888 lock= 0 x=-26.401 P=92.329
3 sat=  9-  8 P1 v=       -0.734 R= 3.335297  8.277021 lock= 0 x=-7.603 P=92.904
3 sat=  9- 16 P1 v=       -0.143 R= 3.335297  5.670676 lock= 0 x=-52.244 P=93.327
3 sat=  9- 27 P1 v=        0.145 R= 3.335297  6.030186 lock= 0 x=-40.686 P=92.685
3 sat=  9- 30 P1 v=       -1.341 R= 3.335297 22.542650 lock= 0 x=-142.551 P=97.887
3 sat= 39- 38 L1 v=        0.003 R= 0.000091  0.000122 lock= 0 x=-62.689 P=93.725
3 sat= 39- 40 L1 v=       -0.004 R= 0.000091  0.000392 lock= 0 x=88.581 P=94.431
3 sat= 39- 41 L1 v=        0.001 R= 0.000091  0.000092 lock= 0 x=-50.308 P=92.756
3 sat= 39- 42 L1 v=       -0.002 R= 0.000091  0.000339 lock= 0 x=-12.261 P=93.846
3 sat= 39- 48 L1 v=       -0.001 R= 0.000091  0.000133 lock= 0 x=-46.762 P=93.177
3 sat= 39- 50 L1 v=        0.003 R= 0.000091  0.000637 lock= 0 x=33.119 P=94.581
3 sat= 39- 40 L2 v=       -0.007 R= 0.000091  0.000392 lock= 0 x=27.478 P=131.268
3 sat= 39- 41 L2 v=        0.001 R= 0.000091  0.000092 lock= 0 x=-75.038 P=129.933
3 sat= 39- 48 L2 v=        0.000 R= 0.000091  0.000133 lock= 0 x=-54.203 P=129.867
3 sat= 39- 50 L2 v=       -0.008 R= 0.000091  0.000637 lock= 0 x=-28.516 P=130.699
3 sat= 39- 38 P1 v=        0.885 R= 8.227488 10.945106 lock= 0 x=-62.689 P=93.725
3 sat= 39- 40 P1 v=       -1.367 R= 8.227488 35.243648 lock= 0 x=88.581 P=94.431
3 sat= 39- 41 P1 v=        1.990 R= 8.227488  8.265283 lock= 0 x=-50.308 P=92.756
3 sat= 39- 42 P1 v=        2.463 R= 8.227488 30.483331 lock= 0 x=-12.261 P=93.846
3 sat= 39- 48 P1 v=        1.325 R= 8.227488 11.943522 lock= 0 x=-46.762 P=93.177
3 sat= 39- 50 P1 v=        1.952 R= 8.227488 57.303473 lock= 0 x=33.119 P=94.581
3 sat= 39- 40 P2 v=       -0.411 R= 8.227488 35.243648 lock= 0 x=27.478 P=131.268
3 sat= 39- 41 P2 v=       -0.488 R= 8.227488  8.265283 lock= 0 x=-75.038 P=129.933
3 sat= 39- 48 P2 v=       -0.255 R= 8.227488 11.943522 lock= 0 x=-54.203 P=129.867
3 sat= 39- 50 P2 v=       -0.385 R= 8.227488 57.303473 lock= 0 x=-28.516 P=130.699
3 sat= 60- 63 L1 v=       -0.004 R= 0.000036  0.000039 lock= 0 x=-61.323 P=84.896
3 sat= 60- 68 L1 v=       -0.007 R= 0.000036  0.000168 lock= 0 x=-30.704 P=88.321
3 sat= 60- 73 L1 v=       -0.002 R= 0.000036  0.000105 lock= 0 x=-9.787 P=86.538
3 sat= 60- 78 L1 v=       -0.003 R= 0.000036  0.000060 lock= 0 x=-14.569 P=85.712
3 sat= 60- 80 L1 v=        0.001 R= 0.000036  0.000060 lock= 0 x=-73.253 P=86.139
3 sat= 60- 90 L1 v=       -0.003 R= 0.000036  0.000095 lock= 0 x=-35.020 P=86.452
3 sat= 60- 63 P1 v=        0.362 R= 3.271797  3.469953 lock= 0 x=-61.323 P=84.896
3 sat= 60- 68 P1 v=        0.409 R= 3.271797 15.092489 lock= 0 x=-30.704 P=88.321
3 sat= 60- 73 P1 v=        1.658 R= 3.271797  9.462615 lock= 0 x=-9.787 P=86.538
3 sat= 60- 78 P1 v=       -1.243 R= 3.271797  5.398284 lock= 0 x=-14.569 P=85.712
3 sat= 60- 80 P1 v=       -0.424 R= 3.271797  5.420405 lock= 0 x=-73.253 P=86.139
3 sat= 60- 90 P1 v=        1.110 R= 3.271797  8.567639 lock= 0 x=-35.020 P=86.452
3 before filter x=-1276971.7754 -4717197.5252 4087248.4176 -0.0034 0.0075 -0.0060 -0.0014 0.0032 -0.0025
3 after filter x=-1276971.7775 -4717197.5167 4087248.4335 0.0002 -0.0003 0.0011 0.0005 -0.0007 0.0010
3 posvar=0.135727 
3 zdres: n=24 rr=-1276971.78 -4717197.52 4087248.43
3 unhealthy satellite: sat=7 svh=3f
3 y=
        0.000   1642309.310         0.000   1642317.850   1642307.050   1642305.193         0.000   1642310.943   1642286.930   1642315.591   1642323.020   1642339.749   1642320.815   1642318.563   1642316.808         0.000   1642330.198   1642303.169   1642301.170   1642301.250   1642310.361   1642301.851   1642303.388   1642307.787
        0.000   1642299.775         0.000   1642318.172   1642305.016         0.000         0.000   1642311.027   1642289.819         0.000   1642318.253   1642331.983   1642316.480         0.000   1642316.012         0.000   1642319.684         0.000         0.000         0.000         0.000         0.000         0.000         0.000
        0.000   1642307.030         0.000   1642312.321   1642307.661   1642305.850         0.000   1642309.776   1642311.136   1642318.688   1642321.542   1642324.336   1642319.604   1642313.577   1642318.226         0.000   1642319.362   1642303.908   1642302.342   1642303.734   1642303.634   1642305.754   1642305.583   1642304.936
        0.000   1642303.753         0.000   1642310.851   1642304.627         0.000         0.000   1642306.690   1642307.736         0.000   1642317.374   1642318.958   1642316.617         0.000   1642314.481         0.000   1642318.965         0.000         0.000         0.000         0.000         0.000         0.000         0.000
3 ddres   : dt=0.0050 ns=20
3 sat=  9-  4 L1 v=       -0.001 R= 0.000037  0.000042 lock= 0 x=-26.421 P=92.314
3 sat=  9-  8 L1 v=       -0.002 R= 0.000037  0.000092 lock= 0 x=-7.656 P=92.855
3 sat=  9- 16 L1 v=        0.001 R= 0.000037  0.000063 lock= 0 x=-52.194 P=93.257
3 sat=  9- 27 L1 v=        0.004 R= 0.000037  0.000067 lock= 0 x=-40.700 P=92.656
3 sat=  9- 30 L1 v=        0.001 R= 0.000037  0.000250 lock= 0 x=-142.479 P=97.611
3 sat=  9-  4 P1 v=        0.057 R= 3.335297  3.791888 lock= 0 x=-26.421 P=92.314
3 sat=  9-  8 P1 v=       -0.716 R= 3.335297  8.277021 lock= 0 x=-7.656 P=92.855
3 sat=  9- 16 P1 v=       -0.146 R= 3.335297  5.670676 lock= 0 x=-52.194 P=93.257
3 sat=  9- 27 P1 v=        0.154 R= 3.335297  6.030186 lock= 0 x=-40.700 P=92.656
3 sat=  9- 30 P1 v=       -1.342 R= 3.335297 22.542650 lock= 0 x=-142.479 P=97.611
3 sat= 39- 38 L1 v=        0.003 R= 0.000091  0.000122 lock= 0 x=-62.770 P=93.627
3 sat= 39- 40 L1 v=       -0.001 R= 0.000091  0.000392 lock= 0 x=88.650 P=94.337
3 sat= 39- 41 L1 v=        0.001 R= 0.000091  0.000092 lock= 0 x=-50.293 P=92.714
3 sat= 39- 42 L1 v=        0.002 R= 0.000091  0.000339 lock= 0 x=-12.268 P=93.737
3 sat= 39- 48 L1 v=       -0.002 R= 0.000091  0.000133 lock= 0 x=-46.746 P=93.121
3 sat= 39- 50 L1 v=        0.002 R= 0.000091  0.000637 lock= 0 x=33.084 P=94.458
3 sat= 39- 40 L2 v=       -0.004 R= 0.000091  0.000392 lock= 0 x=27.522 P=131.214
3 sat= 39- 41 L2 v=        0.001 R= 0.000091  0.000092 lock= 0 x=-75.037 P=129.906
3 sat= 39- 48 L2 v=       -0.001 R= 0.000091  0.000133 lock= 0 x=-54.201 P=129.850
3 sat= 39- 50 L2 v=       -0.008 R= 0.000091  0.000637 lock= 0 x=-28.551 P=130.634
3 sat= 39- 38 P1 v=        0.901 R= 8.227488 10.945106 lock= 0 x=-62.770 P=93.627
3 sat= 39- 40 P1 v=       -1.376 R= 8.227488 35.243648 lock= 0 x=88.650 P=94.337
3 sat= 39- 41 P1 v=        1.989 R= 8.227488  8.265283 lock= 0 x=-50.293 P=92.714
3 sat= 39- 42 P1 v=        2.470 R= 8.227488 30.483331 lock= 0 x=-12.268 P=93.737
3 sat= 39- 48 P1 v=        1.322 R= 8.227488 11.943522 lock= 0 x=-46.746 P=93.121
3 sat= 39- 50 P1 v=        1.959 R= 8.227488 57.303473 lock= 0 x=33.084 P=94.458
3 sat= 39- 40 P2 v=       -0.420 R= 8.227488 35.243648 lock= 0 x=27.522 P=131.214
3 sat= 39- 41 P2 v=       -0.489 R= 8.227488  8.265283 lock= 0 x=-75.037 P=129.906
3 sat= 39- 48 P2 v=       -0.258 R= 8.227488 11.943522 lock= 0 x=-54.201 P=129.850
3 sat= 39- 50 P2 v=       -0.378 R= 8.227488 57.303473 lock= 0 x=-28.551 P=130.634
3 sat= 60- 63 L1 v=       -0.003 R= 0.000036  0.000039 lock= 0 x=-61.304 P=84.879
3 sat= 60- 68 L1 v=       -0.003 R= 0.000036  0.000168 lock= 0 x=-30.620 P=88.136
3 sat= 60- 73 L1 v=       -0.001 R= 0.000036  0.000105 lock= 0 x=-9.867 P=86.437
3 sat= 60- 78 L1 v=       -0.002 R= 0.000036  0.000060 lock= 0 x=-14.639 P=85.656
3 sat= 60- 80 L1 v=        0.000 R= 0.000036  0.000060 lock= 0 x=-73.228 P=86.062
3 sat= 60- 90 L1 v=        0.001 R= 0.000036  0.000095 lock= 0 x=-35.033 P=86.354
3 sat= 60- 63 P1 v=        0.361 R= 3.271797  3.469953 lock= 0 x=-61.304 P=84.879
3 sat= 60- 68 P1 v=        0.399 R= 3.271797 15.092489 lock= 0 x=-30.620 P=88.136
3 sat= 60- 73 P1 v=        1.676 R= 3.271797  9.462615 lock= 0 x=-9.867 P=86.437
3 sat= 60- 78 P1 v=       -1.227 R= 3.271797  5.398284 lock= 0 x=-14.639 P=85.656
3 sat= 60- 80 P1 v=       -0.428 R= 3.271797  5.420405 lock= 0 x=-73.228 P=86.062
3 sat= 60- 90 P1 v=        1.119 R= 3.271797  8.567639 lock= 0 x=-35.033 P=86.354
3 valpos  : nv=42 thres=4.0
3 posvar=0.135727
3 prevRatios = 0.000 0.000
3 Skip AR
3 sol_rr=    -1276971.778    -4717197.517     4087248.434           0.000          -0.000           0.001
1 
---------------------------------------------------------
1 relpos: dt=0.005 nu=24 nr=26
1 ---------------------------------------------------------
3 satposs  : teph= 2020/12/24 22:08:28.005 n=24 ephopt=0
3 satposs  : teph= 2020/12/24 22:08:28.000 n=26 ephopt=0
3 base station:
3 zdres: n=26 rr=-1283433.94 -4713073.29 4090105.09
3 sat= 4 rs=   -15759.145 -24835636.305   9347489.382 dts=-0.0001671608 az= 141.8 el= 59.6
3 unhealthy satellite: sat=7 svh=3f
3 sat= 8 rs=  5092057.323 -25893714.380   -854696.138 dts=-0.0000040918 az= 143.6 el= 29.5
3 sat= 9 rs= -9316182.198 -17122306.682  17965807.451 dts=-0.0003052095 az= 288.8 el= 76.5
3 sat=16 rs=  9910455.649 -11037026.575  21782146.134 dts=-0.0002551588 az=  47.3 el= 39.2
3 sat=27 rs= 12303270.768 -20687569.411  10671492.234 dts=-0.0000418403 az=  98.5 el= 37.2
3 sat=30 rs=-24327569.684  -1720826.807  10827978.249 dts=-0.0003578176 az= 277.7 el= 16.2
3 sat=38 rs= -8301141.039 -23984011.710   2391181.124 dts= 0.0001897532 az= 186.7 el= 44.9
3 sat=39 rs=-12396325.149 -13652561.048  17630003.617 dts=-0.0000419300 az= 289.2 el= 63.2
3 sat=40 rs=-10325920.204   3836950.338  23054185.260 dts=-0.0000564558 az= 329.0 el= 19.9
3 sat=41 rs=-11212693.784 -12558285.752  19204514.657 dts= 0.0000148842 az= 303.6 el= 62.7
3 sat=42 rs=-23302633.174  -8583261.706   5649333.657 dts=-0.0000649858 az= 256.3 el= 21.7
3 sat=48 rs=  7069173.364  -9569021.308  22555617.702 dts=-0.0000094939 az=  36.7 el= 41.5
3 sat=50 rs= 19301677.984 -11456436.412  12092226.152 dts= 0.0000607964 az=  76.0 el= 15.1
3 sat=60 rs= -8791180.770 -20453312.154  19505847.183 dts=-0.0010103686 az= 283.2 el= 82.1
3 sat=63 rs=-13414725.198 -18106333.730  19189281.106 dts=-0.0006747670 az= 278.1 el= 69.4
3 sat=68 rs=-16813437.582   4257553.100  23980927.056 dts= 0.0058217662 az= 316.3 el= 20.4
3 sat=73 rs=  6528228.241 -28199783.153  -2362821.595 dts=-0.0012706424 az= 143.0 el= 27.0
3 sat=78 rs=  -570544.889 -29565418.721   1252826.241 dts= 0.0001612759 az= 157.6 el= 40.8
3 sat=80 rs= 11112499.104 -12471496.081  24438557.156 dts=-0.0006390822 az=  47.5 el= 40.7
3 sat=90 rs=-24349317.118 -16591565.674   2795481.040 dts=-0.0004767740 az= 237.3 el= 28.9
3 y=
        0.000         8.961         0.000        13.931        14.657         9.750         0.000        13.317         8.667        17.161        14.867        12.992        20.041        10.672        15.364         0.000        13.806         0.000        10.928        10.671         4.915         0.000        10.080         2.473        15.162        12.295
        0.000         0.000         0.000         0.000         0.000         0.000         0.000         0.000         0.000         0.000        24.083        21.416        30.595         0.000        25.102         0.000        22.595         0.000         0.000         0.000         0.000         0.000         0.000         0.000         0.000         0.000
        0.000         2.263         0.000         6.904         2.885         0.846         0.000         5.063         5.023         8.347        10.407        11.887        10.345         4.772         8.423         0.000        10.202         0.000         1.232         0.011         1.420         0.000         2.582         1.832         2.466         3.348
        0.000         0.000         0.000         0.000         0.000         0.000         0.000         0.000         0.000         0.000        13.738        15.031        12.509         0.000        10.533         0.000        14.851         0.000         0.000         0.000         0.000         0.000         0.000         0.000         0.000         0.000
3 selsat  : nu=24 nr=26
3 before udstate: x=-1276971.7775 -4717197.5167 4087248.4335 0.0002 -0.0003 0.0011 0.0005 -0.0007 0.0010
3 udstate : ns=20
3 udpos : tt=1.000
3 pos var too high for accel term: 0.1357
3 udbias  : tt=1.000 ns=20
3 after udstate x=-1276971.7773 -4717197.5171 4087248.4346 0.0007 -0.0011 0.0021 0.0005 -0.0007 0.0010
3 rover: dt=0.005
3 zdres: n=24 rr=-1276971.78 -4717197.52 4087248.43
3 unhealthy satellite: sat=7 svh=3f
3 y=
        0.000   1642391.874         0.000   1642400.415   1642389.616   1642387.757         0.000   1642393.508   1642369.494   1642398.150   1642405.586   1642422.309   1642403.378   1642401.128   1642399.371         0.000   1642412.758   1642385.733   1642383.735   1642383.815   1642392.927   1642384.413   1642385.953   1642390.351
        0.000   1642382.342         0.000   1642400.739   1642387.582         0.000         0.000   1642393.589   1642372.384         0.000   1642400.818   1642414.542   1642399.045         0.000   1642398.572         0.000   1642402.246         0.000         0.000         0.000         0.000         0.000         0.000         0.000
        0.000   1642389.636         0.000   1642394.913   1642390.223   1642388.441         0.000   1642392.344   1642393.757   1642401.250   1642404.110   1642406.930   1642402.092   1642396.190   1642400.752         0.000   1642402.083   1642386.361   1642384.993   1642386.186   1642386.301   1642388.301   1642387.934   1642387.489
        0.000   1642386.408         0.000   1642393.376   1642387.158         0.000         0.000   1642389.180   1642390.171         0.000   1642399.873   1642401.446   1642399.125         0.000   1642397.074         0.000   1642401.465         0.000         0.000         0.000         0.000         0.000         0.000         0.000
3 ddres   : dt=0.0050 ns=20
3 sat=  9-  4 L1 v=       -0.002 R= 0.000037  0.000042 lock= 0 x=-26.427 P=92.314
3 sat=  9-  8 L1 v=       -0.002 R= 0.000037  0.000092 lock= 0 x=-7.662 P=92.855
3 sat=  9- 16 L1 v=        0.001 R= 0.000037  0.000063 lock= 0 x=-52.199 P=93.257
3 sat=  9- 27 L1 v=        0.004 R= 0.000037  0.000067 lock= 0 x=-40.706 P=92.656
3 sat=  9- 30 L1 v=       -0.000 R= 0.000037  0.000250 lock= 0 x=-142.484 P=97.611
3 sat=  9-  4 P1 v=       -0.035 R= 3.335214  3.792242 lock= 0 x=-26.427 P=92.314
3 sat=  9-  8 P1 v=       -0.671 R= 3.335214  8.274254 lock= 0 x=-7.662 P=92.855
3 sat=  9- 16 P1 v=       -0.257 R= 3.335214  5.671918 lock= 0 x=-52.199 P=93.257
3 sat=  9- 27 P1 v=        0.058 R= 3.335214  6.029562 lock= 0 x=-40.706 P=92.656
3 sat=  9- 30 P1 v=       -1.395 R= 3.335214 22.529667 lock= 0 x=-142.484 P=97.611
3 sat= 39- 38 L1 v=        0.006 R= 0.000091  0.000122 lock= 0 x=-62.775 P=93.627
3 sat= 39- 40 L1 v=       -0.005 R= 0.000091  0.000391 lock= 0 x=88.644 P=94.337
3 sat= 39- 41 L1 v=        0.003 R= 0.000091  0.000092 lock= 0 x=-50.298 P=92.714
3 sat= 39- 42 L1 v=        0.001 R= 0.000091  0.000339 lock= 0 x=-12.273 P=93.737
3 sat= 39- 48 L1 v=        0.000 R= 0.000091  0.000133 lock= 0 x=-46.752 P=93.121
3 sat= 39- 50 L1 v=        0.004 R= 0.000091  0.000636 lock= 0 x=33.078 P=94.458
3 sat= 39- 40 L2 v=        0.001 R= 0.000091  0.000391 lock= 0 x=27.753 P=131.214
3 sat= 39- 41 L2 v=        0.001 R= 0.000091  0.000092 lock= 0 x=-74.807 P=129.906
3 sat= 39- 48 L2 v=        0.003 R= 0.000091  0.000133 lock= 0 x=-53.970 P=129.850
3 sat= 39- 50 L2 v=       -0.009 R= 0.000091  0.000636 lock= 0 x=-28.320 P=130.634
3 sat= 39- 38 P1 v=        0.800 R= 8.227240 10.947592 lock= 0 x=-62.775 P=93.627
3 sat= 39- 40 P1 v=       -1.340 R= 8.227240 35.221249 lock= 0 x=88.644 P=94.337
3 sat= 39- 41 P1 v=        1.957 R= 8.227240  8.265134 lock= 0 x=-50.298 P=92.714
3 sat= 39- 42 P1 v=        2.285 R= 8.227240 30.470118 lock= 0 x=-12.273 P=93.737
3 sat= 39- 48 P1 v=        1.373 R= 8.227240 11.945731 lock= 0 x=-46.752 P=93.121
3 sat= 39- 50 P1 v=        1.822 R= 8.227240 57.274933 lock= 0 x=33.078 P=94.458
3 sat= 39- 40 P2 v=       -0.280 R= 8.227240 35.221249 lock= 0 x=27.753 P=131.214
3 sat= 39- 41 P2 v=       -0.480 R= 8.227240  8.265134 lock= 0 x=-74.807 P=129.906
3 sat= 39- 48 P2 v=       -0.407 R= 8.227240 11.945731 lock= 0 x=-53.970 P=129.850
3 sat= 39- 50 P2 v=       -0.479 R= 8.227240 57.274933 lock= 0 x=-28.320 P=130.634
3 sat= 60- 63 L1 v=       -0.005 R= 0.000036  0.000039 lock= 0 x=-61.310 P=84.879
3 sat= 60- 68 L1 v=       -0.002 R= 0.000036  0.000168 lock= 0 x=-30.625 P=88.136
3 sat= 60- 73 L1 v=        0.000 R= 0.000036  0.000105 lock= 0 x=-9.873 P=86.437
3 sat= 60- 78 L1 v=       -0.000 R= 0.000036  0.000060 lock= 0 x=-14.644 P=85.656
3 sat= 60- 80 L1 v=       -0.001 R= 0.000036  0.000060 lock= 0 x=-73.234 P=86.062
3 sat= 60- 90 L1 v=        0.002 R= 0.000036  0.000095 lock= 0 x=-35.038 P=86.354
3 sat= 60- 63 P1 v=        0.148 R= 3.271782  3.469900 lock= 0 x=-61.310 P=84.879
3 sat= 60- 68 P1 v=        0.364 R= 3.271782 15.086032 lock= 0 x=-30.625 P=88.136
3 sat= 60- 73 P1 v=        1.411 R= 3.271782  9.459957 lock= 0 x=-9.873 P=86.437
3 sat= 60- 78 P1 v=       -1.340 R= 3.271782  5.399268 lock= 0 x=-14.644 P=85.656
3 sat= 60- 80 P1 v=       -0.338 R= 3.271782  5.421245 lock= 0 x=-73.234 P=86.062
3 sat= 60- 90 P1 v=        0.989 R= 3.271782  8.565490 lock= 0 x=-35.038 P=86.354
3 before filter x=-1276971.7773 -4717197.5171 4087248.4346 0.0007 -0.0011 0.0021 0.0005 -0.0007 0.0010
3 after filter x=-1276971.7757 -4717197.4943 4087248.4420 0.0023 -0.0008 -0.0009 0.0013 -0.0006 -0.0005
3 posvar=0.128552 
3 zdres: n=24 rr=-1276971.78 -4717197.49 4087248.44
3 unhealthy satellite: sat=7 svh=3f
3 y=
        0.000   1642391.854         0.000   1642400.393   1642389.607   1642387.757         0.000   1642393.494   1642369.498   1642398.127   1642405.580   1642422.323   1642403.374   1642401.123   1642399.373         0.000   1642412.755   1642385.722   1642383.726   1642383.827   1642392.905   1642384.389   1642385.953   1642390.339
        0.000   1642382.322         0.000   1642400.717   1642387.573         0.000         0.000   1642393.576   1642372.388         0.000   1642400.812   1642414.556   1642399.041         0.000   1642398.574         0.000   1642402.244         0.000         0.000         0.000         0.000         0.000         0.000         0.000
        0.000   1642389.615         0.000   1642394.891   1642390.214   1642388.441         0.000   1642392.331   1642393.761   1642401.228   1642404.104   1642406.944   1642402.087   1642396.185   1642400.754         0.000   1642402.080   1642386.350   1642384.984   1642386.198   1642386.278   1642388.278   1642387.934   1642387.477
        0.000   1642386.387         0.000   1642393.354   1642387.149         0.000         0.000   1642389.167   1642390.175         0.000   1642399.867   1642401.460   1642399.120         0.000   1642397.076         0.000   1642401.462         0.000         0.000         0.000         0.000         0.000         0.000         0.000
3 ddres   : dt=0.0050 ns=20
3 sat=  9-  4 L1 v=       -0.003 R= 0.000037  0.000042 lock= 0 x=-26.459 P=92.300
3 sat=  9-  8 L1 v=       -0.004 R= 0.000037  0.000092 lock= 0 x=-7.711 P=92.809
3 sat=  9- 16 L1 v=        0.000 R= 0.000037  0.000063 lock= 0 x=-52.123 P=93.193
3 sat=  9- 27 L1 v=        0.003 R= 0.000037  0.000067 lock= 0 x=-40.706 P=92.629
3 sat=  9- 30 L1 v=       -0.001 R= 0.000037  0.000250 lock= 0 x=-142.390 P=97.356
3 sat=  9-  4 P1 v=       -0.024 R= 3.335214  3.792242 lock= 0 x=-26.459 P=92.300
3 sat=  9-  8 P1 v=       -0.658 R= 3.335214  8.274254 lock= 0 x=-7.711 P=92.809
3 sat=  9- 16 P1 v=       -0.267 R= 3.335214  5.671918 lock= 0 x=-52.123 P=93.193
3 sat=  9- 27 P1 v=        0.062 R= 3.335214  6.029562 lock= 0 x=-40.706 P=92.629
3 sat=  9- 30 P1 v=       -1.408 R= 3.335214 22.529667 lock= 0 x=-142.390 P=97.356
3 sat= 39- 38 L1 v=        0.004 R= 0.000091  0.000122 lock= 0 x=-62.885 P=93.537
3 sat= 39- 40 L1 v=       -0.004 R= 0.000091  0.000391 lock= 0 x=88.740 P=94.250
3 sat= 39- 41 L1 v=        0.003 R= 0.000091  0.000092 lock= 0 x=-50.303 P=92.675
3 sat= 39- 42 L1 v=       -0.000 R= 0.000091  0.000339 lock= 0 x=-12.285 P=93.636
3 sat= 39- 48 L1 v=       -0.000 R= 0.000091  0.000133 lock= 0 x=-46.725 P=93.070
3 sat= 39- 50 L1 v=        0.002 R= 0.000091  0.000636 lock= 0 x=33.073 P=94.345
3 sat= 39- 40 L2 v=        0.001 R= 0.000091  0.000391 lock= 0 x=27.813 P=131.164
3 sat= 39- 41 L2 v=        0.001 R= 0.000091  0.000092 lock= 0 x=-74.823 P=129.881
3 sat= 39- 48 L2 v=        0.002 R= 0.000091  0.000133 lock= 0 x=-53.964 P=129.834
3 sat= 39- 50 L2 v=       -0.010 R= 0.000091  0.000636 lock= 0 x=-28.334 P=130.574
3 sat= 39- 38 P1 v=        0.816 R= 8.227240 10.947592 lock= 0 x=-62.885 P=93.537
3 sat= 39- 40 P1 v=       -1.360 R= 8.227240 35.221249 lock= 0 x=88.740 P=94.250
3 sat= 39- 41 P1 v=        1.955 R= 8.227240  8.265134 lock= 0 x=-50.303 P=92.675
3 sat= 39- 42 P1 v=        2.284 R= 8.227240 30.470118 lock= 0 x=-12.285 P=93.636
3 sat= 39- 48 P1 v=        1.365 R= 8.227240 11.945731 lock= 0 x=-46.725 P=93.070
3 sat= 39- 50 P1 v=        1.819 R= 8.227240 57.274933 lock= 0 x=33.073 P=94.345
3 sat= 39- 40 P2 v=       -0.300 R= 8.227240 35.221249 lock= 0 x=27.813 P=131.164
3 sat= 39- 41 P2 v=       -0.482 R= 8.227240  8.265134 lock= 0 x=-74.823 P=129.881
3 sat= 39- 48 P2 v=       -0.415 R= 8.227240 11.945731 lock= 0 x=-53.964 P=129.834
3 sat= 39- 50 P2 v=       -0.482 R= 8.227240 57.274933 lock= 0 x=-28.334 P=130.574
3 sat= 60- 63 L1 v=       -0.005 R= 0.000036  0.000039 lock= 0 x=-61.301 P=84.864
3 sat= 60- 68 L1 v=       -0.002 R= 0.000036  0.000168 lock= 0 x=-30.505 P=87.966
3 sat= 60- 73 L1 v=       -0.002 R= 0.000036  0.000105 lock= 0 x=-9.945 P=86.345
3 sat= 60- 78 L1 v=       -0.002 R= 0.000036  0.000060 lock= 0 x=-14.720 P=85.604
3 sat= 60- 80 L1 v=       -0.002 R= 0.000036  0.000060 lock= 0 x=-73.183 P=85.990
3 sat= 60- 90 L1 v=        0.001 R= 0.000036  0.000095 lock= 0 x=-35.052 P=86.263
3 sat= 60- 63 P1 v=        0.146 R= 3.271782  3.469900 lock= 0 x=-61.301 P=84.864
3 sat= 60- 68 P1 v=        0.341 R= 3.271782 15.086032 lock= 0 x=-30.505 P=87.966
3 sat= 60- 73 P1 v=        1.422 R= 3.271782  9.459957 lock= 0 x=-9.945 P=86.345
3 sat= 60- 78 P1 v=       -1.327 R= 3.271782  5.399268 lock= 0 x=-14.720 P=85.604
3 sat= 60- 80 P1 v=       -0.349 R= 3.271782  5.421245 lock= 0 x=-73.183 P=85.990
3 sat= 60- 90 P1 v=        0.990 R= 3.271782  8.565490 lock= 0 x=-35.052 P=86.263
3 valpos  : nv=42 thres=4.0
3 posvar=0.128552
3 prevRatios = 0.000 0.000
3 Skip AR
3 sol_rr=    -1276971.776    -4717197.494     4087248.442           0.002          -0.001          -0.001
1 
---------------------------------------------------------
1 relpos: dt=0.005 nu=24 nr=26
1 ---------------------------------------------------------
3 satposs  : teph= 2020/12/24 22:08:29.005 n=24 ephopt=0
3 satposs  : teph= 2020/12/24 22:08:29.000 n=26 ephopt=0
3 base station:
3 zdres: n=26 rr=-1283433.94 -4713073.29 4090105.09
3 sat= 4 rs=   -15194.280 -24836713.937   9344621.342 dts=-0.0001671608 az= 141.8 el= 59.6
3 unhealthy satellite: sat=7 svh=3f
3 sat= 8 rs=  5092357.113 -25893761.549   -851487.590 dts=-0.0000040918 az= 143.6 el= 29.5
3 sat= 9 rs= -9315518.532 -17124513.267  17964052.733 dts=-0.0003052095 az= 288.8 el= 76.5
3 sat=16 rs=  9912351.508 -11034940.010  21782383.338 dts=-0.0002551588 az=  47.3 el= 39.2
3 sat=27 rs= 12303177.259 -20686165.660  10674316.227 dts=-0.0000418403 az=  98.5 el= 37.2
3 sat=30 rs=-24326325.477  -1721459.000  10830662.221 dts=-0.0003578176 az= 277.7 el= 16.2
3 sat=38 rs= -8301367.209 -23984288.501   2387638.573 dts= 0.0001897532 az= 186.7 el= 44.9
3 sat=39 rs=-12397054.450 -13654859.438  17627702.610 dts=-0.0000419300 az= 289.2 el= 63.2
3 sat=40 rs=-10326735.672   3833914.637  23054323.262 dts=-0.0000564558 az= 329.0 el= 19.9
3 sat=41 rs=-11210168.348 -12557578.260  19206446.963 dts= 0.0000148842 az= 303.6 el= 62.7
3 sat=42 rs=-23301916.096  -8582927.977   5652799.033 dts=-0.0000649858 az= 256.3 el= 21.7
3 sat=48 rs=  7072188.575  -9568339.307  22554974.735 dts=-0.0000094939 az=  36.7 el= 41.5
3 sat=50 rs= 19300358.907 -11455414.359  12095309.270 dts= 0.0000607964 az=  76.0 el= 15.1
3 sat=60 rs= -8789534.783 -20452250.124  19507703.591 dts=-0.0010103687 az= 283.2 el= 82.1
3 sat=63 rs=-13414726.344 -18108258.424  19187464.254 dts=-0.0006747670 az= 278.1 el= 69.4
3 sat=68 rs=-16813417.932   4255147.341  23981368.776 dts= 0.0058217662 az= 316.3 el= 20.4
3 sat=73 rs=  6528317.892 -28199393.283  -2360020.033 dts=-0.0012706424 az= 143.0 el= 27.0
3 sat=78 rs=  -570596.077 -29565545.121   1249824.389 dts= 0.0001612759 az= 157.6 el= 40.8
3 sat=80 rs= 11114615.973 -12470257.890  24438227.024 dts=-0.0006390823 az=  47.5 el= 40.7
3 sat=90 rs=-24349133.912 -16591325.930   2798509.303 dts=-0.0004767740 az= 237.3 el= 28.9
3 y=
        0.000         9.035         0.000        14.004        14.731         9.824         0.000        13.391         8.741        17.232        14.941        13.065        20.121        10.745        15.443         0.000        13.877         0.000        11.002        10.745         4.990         0.000        10.155         2.547        15.236        12.369
        0.000         0.000         0.000         0.000         0.000         0.000         0.000         0.000         0.000         0.000        24.156        21.487        30.673         0.000        25.181         0.000        22.671         0.000         0.000         0.000         0.000         0.000         0.000         0.000         0.000         0.000
        0.000         2.273         0.000         6.971         3.019         0.927         0.000         5.123         5.326         8.349        10.533        12.044        10.431         4.826         8.595         0.000        10.230         0.000         1.286         0.057         1.546         0.000         2.569         2.004         2.513         3.488
        0.000         0.000         0.000         0.000         0.000         0.000         0.000         0.000         0.000         0.000        13.814        15.040        12.640         0.000        10.477         0.000        14.722         0.000         0.000         0.000         0.000         0.000         0.000         0.000         0.000         0.000
3 selsat  : nu=24 nr=26
3 before udstate: x=-1276971.7757 -4717197.4943 4087248.4420 0.0023 -0.0008 -0.0009 0.0013 -0.0006 -0.0005
3 udstate : ns=20
3 udpos : tt=1.000
3 pos var too high for accel term: 0.1286
3 udbias  : tt=1.000 ns=20
3 after udstate x=-1276971.7734 -4717197.4951 4087248.4411 0.0036 -0.0015 -0.0014 0.0013 -0.0006 -0.0005
3 rover: dt=0.005
3 zdres: n=24 rr=-1276971.77 -4717197.50 4087248.44
3 unhealthy satellite: sat=7 svh=3f
3 y=
        0.000   1642474.397         0.000   1642482.934   1642472.148   1642470.300         0.000   1642476.038   1642452.041   1642480.668   1642488.120   1642504.859   1642485.919   1642483.662   1642481.921         0.000   1642495.299   1642468.264   1642466.266   1642466.368   1642475.448   1642466.933   1642468.495   1642472.881
        0.000   1642464.864         0.000   1642483.258   1642470.115         0.000         0.000   1642476.116   1642454.926         0.000   1642483.354   1642497.095   1642481.586         0.000   1642481.127         0.000   1642484.788         0.000         0.000         0.000         0.000         0.000         0.000         0.000
        0.000   1642472.167         0.000   1642477.441   1642472.878   1642470.977         0.000   1642474.806   1642476.321   1642483.768   1642486.666   1642489.472   1642484.610   1642478.821   1642483.346         0.000   1642484.866   1642469.188   1642467.593   1642468.729   1642468.992   1642470.799   1642470.616   1642469.956
        0.000   1642468.938         0.000   1642475.885   1642469.705         0.000         0.000   1642471.626   1642472.607         0.000   1642482.410   1642483.874   1642481.545         0.000   1642479.676         0.000   1642484.104         0.000         0.000         0.000         0.000         0.000         0.000         0.000
3 ddres   : dt=0.0050 ns=20
3 sat=  9-  4 L1 v=       -0.005 R= 0.000037  0.000042 lock= 0 x=-26.641 P=92.300
3 sat=  9-  8 L1 v=       -0.004 R= 0.000037  0.000092 lock= 0 x=-7.894 P=92.809
3 sat=  9- 16 L1 v=       -0.002 R= 0.000037  0.000063 lock= 0 x=-52.305 P=93.193
3 sat=  9- 27 L1 v=        0.001 R= 0.000037  0.000067 lock= 0 x=-40.888 P=92.629
3 sat=  9- 30 L1 v=       -0.003 R= 0.000037  0.000250 lock= 0 x=-142.573 P=97.356
3 sat=  9-  4 P1 v=       -0.036 R= 3.335131  3.792597 lock= 0 x=-26.641 P=92.300
3 sat=  9-  8 P1 v=       -0.611 R= 3.335131  8.271490 lock= 0 x=-7.894 P=92.809
3 sat=  9- 16 P1 v=       -0.191 R= 3.335131  5.673161 lock= 0 x=-52.305 P=93.193
3 sat=  9- 27 P1 v=        0.177 R= 3.335131  6.028939 lock= 0 x=-40.888 P=92.629
3 sat=  9- 30 P1 v=       -1.136 R= 3.335131 22.516696 lock= 0 x=-142.573 P=97.356
3 sat= 39- 38 L1 v=        0.002 R= 0.000091  0.000122 lock= 0 x=-63.067 P=93.537
3 sat= 39- 40 L1 v=        0.000 R= 0.000091  0.000391 lock= 0 x=88.558 P=94.250
3 sat= 39- 41 L1 v=        0.003 R= 0.000091  0.000092 lock= 0 x=-50.485 P=92.675
3 sat= 39- 42 L1 v=        0.000 R= 0.000091  0.000338 lock= 0 x=-12.467 P=93.636
3 sat= 39- 48 L1 v=       -0.003 R= 0.000091  0.000133 lock= 0 x=-46.908 P=93.070
3 sat= 39- 50 L1 v=       -0.004 R= 0.000091  0.000636 lock= 0 x=32.891 P=94.345
3 sat= 39- 40 L2 v=        0.002 R= 0.000091  0.000391 lock= 0 x=27.607 P=131.164
3 sat= 39- 41 L2 v=        0.004 R= 0.000091  0.000092 lock= 0 x=-75.029 P=129.881
3 sat= 39- 48 L2 v=       -0.003 R= 0.000091  0.000133 lock= 0 x=-54.169 P=129.834
3 sat= 39- 50 L2 v=       -0.010 R= 0.000091  0.000636 lock= 0 x=-28.539 P=130.574
3 sat= 39- 38 P1 v=        0.714 R= 8.226992 10.950081 lock= 0 x=-63.067 P=93.537
3 sat= 39- 40 P1 v=       -1.295 R= 8.226992 35.198874 lock= 0 x=88.558 P=94.250
3 sat= 39- 41 P1 v=        1.954 R= 8.226992  8.264985 lock= 0 x=-50.485 P=92.675
3 sat= 39- 42 P1 v=        2.138 R= 8.226992 30.456916 lock= 0 x=-12.467 P=93.636
3 sat= 39- 48 P1 v=        1.382 R= 8.226992 11.947941 lock= 0 x=-46.908 P=93.070
3 sat= 39- 50 P1 v=        1.497 R= 8.226992 57.246424 lock= 0 x=32.891 P=94.345
3 sat= 39- 40 P2 v=       -0.238 R= 8.226992 35.198874 lock= 0 x=27.607 P=131.164
3 sat= 39- 41 P2 v=       -0.309 R= 8.226992  8.264985 lock= 0 x=-75.029 P=129.881
3 sat= 39- 48 P2 v=       -0.603 R= 8.226992 11.947941 lock= 0 x=-54.169 P=129.834
3 sat= 39- 50 P2 v=       -0.786 R= 8.226992 57.246424 lock= 0 x=-28.539 P=130.574
3 sat= 60- 63 L1 v=       -0.003 R= 0.000036  0.000039 lock= 0 x=-61.484 P=84.864
3 sat= 60- 68 L1 v=        0.001 R= 0.000036  0.000168 lock= 0 x=-30.687 P=87.966
3 sat= 60- 73 L1 v=       -0.002 R= 0.000036  0.000105 lock= 0 x=-10.128 P=86.345
3 sat= 60- 78 L1 v=       -0.004 R= 0.000036  0.000060 lock= 0 x=-14.902 P=85.604
3 sat= 60- 80 L1 v=       -0.002 R= 0.000036  0.000060 lock= 0 x=-73.365 P=85.990
3 sat= 60- 90 L1 v=        0.001 R= 0.000036  0.000095 lock= 0 x=-35.235 P=86.263
3 sat= 60- 63 P1 v=        0.366 R= 3.271767  3.469847 lock= 0 x=-61.484 P=84.864
3 sat= 60- 68 P1 v=        0.719 R= 3.271767 15.079580 lock= 0 x=-30.687 P=87.966
3 sat= 60- 73 P1 v=        1.479 R= 3.271767  9.457300 lock= 0 x=-10.128 P=86.345
3 sat= 60- 78 P1 v=       -0.893 R= 3.271767  5.400253 lock= 0 x=-14.902 P=85.604
3 sat= 60- 80 P1 v=       -0.201 R= 3.271767  5.422086 lock= 0 x=-73.365 P=85.990
3 sat= 60- 90 P1 v=        1.434 R= 3.271767  8.563341 lock= 0 x=-35.235 P=86.263
3 before filter x=-1276971.7734 -4717197.4951 4087248.4411 0.0036 -0.0015 -0.0014 0.0013 -0.0006 -0.0005
3 after filter x=-1276971.7799 -4717197.4899 4087248.4653 -0.0007 -0.0008 0.0005 -0.0009 -0.0003 0.0005
3 posvar=0.121912 
3 zdres: n=24 rr=-1276971.78 -4717197.49 4087248.47
3 unhealthy satellite: sat=7 svh=3f
3 y=
        0.000   1642474.398         0.000   1642482.922   1642472.164   1642470.315         0.000   1642476.037   1642452.054   1642480.663   1642488.138   1642504.884   1642485.939   1642483.669   1642481.939         0.000   1642495.300   1642468.278   1642466.282   1642466.391   1642475.435   1642466.925   1642468.510   1642472.883
        0.000   1642464.864         0.000   1642483.246   1642470.131         0.000         0.000   1642476.116   1642454.939         0.000   1642483.372   1642497.120   1642481.605         0.000   1642481.145         0.000   1642484.789         0.000         0.000         0.000         0.000         0.000         0.000         0.000
        0.000   1642472.168         0.000   1642477.429   1642472.894   1642470.992         0.000   1642474.806   1642476.335   1642483.763   1642486.684   1642489.497   1642484.630   1642478.828   1642483.364         0.000   1642484.867   1642469.202   1642467.609   1642468.752   1642468.979   1642470.791   1642470.631   1642469.958
        0.000   1642468.939         0.000   1642475.873   1642469.721         0.000         0.000   1642471.626   1642472.621         0.000   1642482.428   1642483.899   1642481.565         0.000   1642479.694         0.000   1642484.105         0.000         0.000         0.000         0.000         0.000         0.000         0.000
3 ddres   : dt=0.0050 ns=20
3 sat=  9-  4 L1 v=       -0.003 R= 0.000037  0.000042 lock= 0 x=-26.655 P=92.287
3 sat=  9-  8 L1 v=       -0.001 R= 0.000037  0.000092 lock= 0 x=-7.970 P=92.767
3 sat=  9- 16 L1 v=        0.000 R= 0.000037  0.000063 lock= 0 x=-52.245 P=93.134
3 sat=  9- 27 L1 v=        0.003 R= 0.000037  0.000067 lock= 0 x=-40.905 P=92.604
3 sat=  9- 30 L1 v=       -0.004 R= 0.000037  0.000250 lock= 0 x=-142.532 P=97.119
3 sat=  9-  4 P1 v=       -0.020 R= 3.335131  3.792597 lock= 0 x=-26.655 P=92.287
3 sat=  9-  8 P1 v=       -0.583 R= 3.335131  8.271490 lock= 0 x=-7.970 P=92.767
3 sat=  9- 16 P1 v=       -0.190 R= 3.335131  5.673161 lock= 0 x=-52.245 P=93.134
3 sat=  9- 27 P1 v=        0.193 R= 3.335131  6.028939 lock= 0 x=-40.905 P=92.604
3 sat=  9- 30 P1 v=       -1.134 R= 3.335131 22.516696 lock= 0 x=-142.532 P=97.119
3 sat= 39- 38 L1 v=        0.003 R= 0.000091  0.000122 lock= 0 x=-63.156 P=93.454
3 sat= 39- 40 L1 v=        0.000 R= 0.000091  0.000391 lock= 0 x=88.619 P=94.169
3 sat= 39- 41 L1 v=        0.003 R= 0.000091  0.000092 lock= 0 x=-50.451 P=92.639
3 sat= 39- 42 L1 v=       -0.000 R= 0.000091  0.000338 lock= 0 x=-12.502 P=93.542
3 sat= 39- 48 L1 v=       -0.001 R= 0.000091  0.000133 lock= 0 x=-46.874 P=93.022
3 sat= 39- 50 L1 v=       -0.001 R= 0.000091  0.000636 lock= 0 x=32.844 P=94.240
3 sat= 39- 40 L2 v=        0.001 R= 0.000091  0.000391 lock= 0 x=27.640 P=131.118
3 sat= 39- 41 L2 v=        0.004 R= 0.000091  0.000092 lock= 0 x=-75.017 P=129.858
3 sat= 39- 48 L2 v=       -0.002 R= 0.000091  0.000133 lock= 0 x=-54.158 P=129.820
3 sat= 39- 50 L2 v=       -0.006 R= 0.000091  0.000636 lock= 0 x=-28.588 P=130.518
3 sat= 39- 38 P1 v=        0.737 R= 8.226992 10.950081 lock= 0 x=-63.156 P=93.454
3 sat= 39- 40 P1 v=       -1.302 R= 8.226992 35.198874 lock= 0 x=88.619 P=94.169
3 sat= 39- 41 P1 v=        1.952 R= 8.226992  8.264985 lock= 0 x=-50.451 P=92.639
3 sat= 39- 42 P1 v=        2.149 R= 8.226992 30.456916 lock= 0 x=-12.502 P=93.542
3 sat= 39- 48 P1 v=        1.382 R= 8.226992 11.947941 lock= 0 x=-46.874 P=93.022
3 sat= 39- 50 P1 v=        1.514 R= 8.226992 57.246424 lock= 0 x=32.844 P=94.240
3 sat= 39- 40 P2 v=       -0.245 R= 8.226992 35.198874 lock= 0 x=27.640 P=131.118
3 sat= 39- 41 P2 v=       -0.311 R= 8.226992  8.264985 lock= 0 x=-75.017 P=129.858
3 sat= 39- 48 P2 v=       -0.603 R= 8.226992 11.947941 lock= 0 x=-54.158 P=129.820
3 sat= 39- 50 P2 v=       -0.769 R= 8.226992 57.246424 lock= 0 x=-28.588 P=130.518
3 sat= 60- 63 L1 v=       -0.003 R= 0.000036  0.000039 lock= 0 x=-61.453 P=84.850
3 sat= 60- 68 L1 v=       -0.000 R= 0.000036  0.000168 lock= 0 x=-30.620 P=87.807
3 sat= 60- 73 L1 v=        0.000 R= 0.000036  0.000105 lock= 0 x=-10.235 P=86.259
3 sat= 60- 78 L1 v=       -0.002 R= 0.000036  0.000060 lock= 0 x=-14.988 P=85.556
3 sat= 60- 80 L1 v=       -0.001 R= 0.000036  0.000060 lock= 0 x=-73.331 P=85.924
3 sat= 60- 90 L1 v=        0.000 R= 0.000036  0.000095 lock= 0 x=-35.278 P=86.179
3 sat= 60- 63 P1 v=        0.365 R= 3.271767  3.469847 lock= 0 x=-61.453 P=84.850
3 sat= 60- 68 P1 v=        0.711 R= 3.271767 15.079580 lock= 0 x=-30.620 P=87.807
3 sat= 60- 73 P1 v=        1.507 R= 3.271767  9.457300 lock= 0 x=-10.235 P=86.259
3 sat= 60- 78 P1 v=       -0.871 R= 3.271767  5.400253 lock= 0 x=-14.988 P=85.556
3 sat= 60- 80 P1 v=       -0.201 R= 3.271767  5.422086 lock= 0 x=-73.331 P=85.924
3 sat= 60- 90 P1 v=        1.446 R= 3.271767  8.563341 lock= 0 x=-35.278 P=86.179
3 valpos  : nv=42 thres=4.0
3 posvar=0.121912
3 prevRatios = 0.000 0.000
3 Skip AR
3 sol_rr=    -1276971.780    -4717197.490     4087248.465          -0.001          -0.001           0.001
1 
---------------------------------------------------------
1 relpos: dt=0.005 nu=24 nr=26
1 ---------------------------------------------------------
3 satposs  : teph= 2020/12/24 22:08:30.005 n=24 ephopt=0
3 satposs  : teph= 2020/12/24 22:08:30.000 n=26 ephopt=0
3 base station:
3 zdres: n=26 rr=-1283433.94 -4713073.29 4090105.09
3 sat= 4 rs=   -14629.573 -24837791.254   9341753.103 dts=-0.0001671608 az= 141.8 el= 59.6
3 unhealthy satellite: sat=7 svh=3f
3 sat= 8 rs=  5092656.812 -25893808.339   -848279.023 dts=-0.0000040918 az= 143.6 el= 29.5
3 sat= 9 rs= -9314855.038 -17126719.674  17962297.631 dts=-0.0003052095 az= 288.8 el= 76.5
3 sat=16 rs=  9914247.508 -11032853.539  21782620.067 dts=-0.0002551589 az=  47.3 el= 39.2
3 sat=27 rs= 12303083.751 -20684761.553  10677139.986 dts=-0.0000418403 az=  98.5 el= 37.2
3 sat=30 rs=-24325080.982  -1722091.348  10833345.966 dts=-0.0003578176 az= 277.7 el= 16.2
3 sat=38 rs= -8301593.263 -23984564.811   2384095.963 dts= 0.0001897532 az= 186.7 el= 44.9
3 sat=39 rs=-12397783.853 -13657157.466  17625401.180 dts=-0.0000419300 az= 289.1 el= 63.2
3 sat=40 rs=-10327551.391   3830878.984  23054460.712 dts=-0.0000564558 az= 329.0 el= 19.9
3 sat=41 rs=-11207642.601 -12556870.903  19208378.810 dts= 0.0000148842 az= 303.6 el= 62.7
3 sat=42 rs=-23301198.531  -8582594.191   5656264.272 dts=-0.0000649858 az= 256.3 el= 21.7
3 sat=48 rs=  7075203.753  -9567657.567  22554331.226 dts=-0.0000094939 az=  36.7 el= 41.5
3 sat=50 rs= 19299039.617 -11454391.900  12098392.096 dts= 0.0000607964 az=  75.9 el= 15.1
3 sat=60 rs= -8787888.552 -20451188.127  19509559.700 dts=-0.0010103687 az= 283.3 el= 82.1
3 sat=63 rs=-13414727.637 -18110182.936  19185647.106 dts=-0.0006747670 az= 278.0 el= 69.4
3 sat=68 rs=-16813398.465   4252741.536  23981810.127 dts= 0.0058217662 az= 316.3 el= 20.4
3 sat=73 rs=  6528407.529 -28199003.117  -2357218.432 dts=-0.0012706424 az= 143.0 el= 27.0
3 sat=78 rs=  -570647.278 -29565671.216   1246822.519 dts= 0.0001612759 az= 157.6 el= 40.8
3 sat=80 rs= 11116732.911 -12469019.882  24437896.517 dts=-0.0006390823 az=  47.5 el= 40.7
3 sat=90 rs=-24348950.425 -16591086.045   2801537.522 dts=-0.0004767740 az= 237.3 el= 28.9
3 y=
        0.000         9.062         0.000        14.032        14.758         9.851         0.000        13.419         8.769        17.258        14.969        13.093        20.147        10.774        15.479         0.000        13.905         0.000        11.029        10.773         5.015         0.000        10.183         2.575        15.262        12.397
        0.000         0.000         0.000         0.000         0.000         0.000         0.000         0.000         0.000         0.000        24.184        21.511        30.700         0.000        25.216         0.000        22.697         0.000         0.000         0.000         0.000         0.000         0.000         0.000         0.000         0.000
        0.000         2.314         0.000         6.937         3.099         0.959         0.000         5.237         5.261         8.363        10.659        12.084        10.453         4.670         8.608         0.000        10.468         0.000         1.305         0.084         1.642         0.000         2.563         2.009         2.550         3.481
        0.000         0.000         0.000         0.000         0.000         0.000         0.000         0.000         0.000         0.000        13.900        15.076        12.692         0.000        10.526         0.000        14.719         0.000         0.000         0.000         0.000         0.000         0.000         0.000         0.000         0.000
3 selsat  : nu=24 nr=26
3 before udstate: x=-1276971.7799 -4717197.4899 4087248.4653 -0.0007 -0.0008 0.0005 -0.0009 -0.0003 0.0005
3 udstate : ns=20
3 udpos : tt=1.000
3 pos var too high for accel term: 0.1219
3 udbias  : tt=1.000 ns=20
3 after udstate x=-1276971.7806 -4717197.4906 4087248.4658 -0.0015 -0.0010 0.0010 -0.0009 -0.0003 0.0005
3 rover: dt=0.005
3 zdres: n=24 rr=-1276971.78 -4717197.49 4087248.47
3 unhealthy satellite: sat=7 svh=3f
3 y=
        0.000   1642556.920         0.000   1642565.445   1642554.686   1642552.838         0.000   1642558.560   1642534.573   1642563.184   1642570.662   1642587.405   1642568.461   1642566.192   1642564.469         0.000   1642577.819   1642550.802   1642548.804   1642548.914   1642557.960   1642549.446   1642551.032   1642555.405
        0.000   1642547.382         0.000   1642565.771   1642552.652         0.000         0.000   1642558.640   1642537.464         0.000   1642565.893   1642579.639   1642564.126         0.000   1642563.670         0.000   1642567.309         0.000         0.000         0.000         0.000         0.000         0.000         0.000
        0.000   1642554.813         0.000   1642559.924   1642555.316   1642553.536         0.000   1642557.349   1642558.884   1642566.265   1642569.294   1642572.067   1642567.123   1642561.473   1642565.933         0.000   1642567.398   1642551.647   1642550.169   1642551.129   1642551.609   1642553.103   1642553.149   1642552.379
        0.000   1642551.394         0.000   1642558.329   1642552.226         0.000         0.000   1642554.062   1642555.115         0.000   1642565.030   1642566.356   1642564.044         0.000   1642562.377         0.000   1642566.647         0.000         0.000         0.000         0.000         0.000         0.000         0.000
3 ddres   : dt=0.0050 ns=20
3 sat=  9-  4 L1 v=       -0.003 R= 0.000037  0.000042 lock= 0 x=-26.615 P=92.287
3 sat=  9-  8 L1 v=       -0.002 R= 0.000037  0.000092 lock= 0 x=-7.930 P=92.767
3 sat=  9- 16 L1 v=       -0.001 R= 0.000037  0.000063 lock= 0 x=-52.205 P=93.134
3 sat=  9- 27 L1 v=        0.003 R= 0.000037  0.000067 lock= 0 x=-40.865 P=92.604
3 sat=  9- 30 L1 v=        0.000 R= 0.000037  0.000250 lock= 0 x=-142.492 P=97.119
3 sat=  9-  4 P1 v=       -0.282 R= 3.335048  3.792951 lock= 0 x=-26.615 P=92.287
3 sat=  9-  8 P1 v=       -0.769 R= 3.335048  8.268727 lock= 0 x=-7.930 P=92.767
3 sat=  9- 16 P1 v=       -0.359 R= 3.335048  5.674405 lock= 0 x=-52.205 P=93.134
3 sat=  9- 27 P1 v=        0.106 R= 3.335048  6.028316 lock= 0 x=-40.865 P=92.604
3 sat=  9- 30 P1 v=       -1.405 R= 3.335048 22.503738 lock= 0 x=-142.492 P=97.119
3 sat= 39- 38 L1 v=        0.005 R= 0.000091  0.000122 lock= 0 x=-63.116 P=93.454
3 sat= 39- 40 L1 v=        0.003 R= 0.000091  0.000391 lock= 0 x=88.659 P=94.169
3 sat= 39- 41 L1 v=        0.003 R= 0.000091  0.000092 lock= 0 x=-50.411 P=92.639
3 sat= 39- 42 L1 v=        0.002 R= 0.000091  0.000338 lock= 0 x=-12.461 P=93.542
3 sat= 39- 48 L1 v=        0.001 R= 0.000091  0.000133 lock= 0 x=-46.834 P=93.022
3 sat= 39- 50 L1 v=        0.004 R= 0.000091  0.000636 lock= 0 x=32.884 P=94.240
3 sat= 39- 40 L2 v=       -0.001 R= 0.000091  0.000391 lock= 0 x=27.571 P=131.118
3 sat= 39- 41 L2 v=        0.002 R= 0.000091  0.000092 lock= 0 x=-75.086 P=129.858
3 sat= 39- 48 L2 v=        0.001 R= 0.000091  0.000133 lock= 0 x=-54.227 P=129.820
3 sat= 39- 50 L2 v=       -0.007 R= 0.000091  0.000636 lock= 0 x=-28.657 P=130.518
3 sat= 39- 38 P1 v=        0.733 R= 8.226744 10.952571 lock= 0 x=-63.116 P=93.454
3 sat= 39- 40 P1 v=       -1.348 R= 8.226744 35.176525 lock= 0 x=88.659 P=94.169
3 sat= 39- 41 P1 v=        1.965 R= 8.226744  8.264837 lock= 0 x=-50.411 P=92.639
3 sat= 39- 42 P1 v=        1.832 R= 8.226744 30.443725 lock= 0 x=-12.461 P=93.542
3 sat= 39- 48 P1 v=        1.310 R= 8.226744 11.950151 lock= 0 x=-46.834 P=93.022
3 sat= 39- 50 P1 v=        1.705 R= 8.226744 57.217946 lock= 0 x=32.884 P=94.240
3 sat= 39- 40 P2 v=       -0.150 R= 8.226744 35.176525 lock= 0 x=27.571 P=131.118
3 sat= 39- 41 P2 v=       -0.222 R= 8.226744  8.264837 lock= 0 x=-75.086 P=129.858
3 sat= 39- 48 P2 v=       -0.721 R= 8.226744 11.950151 lock= 0 x=-54.227 P=129.820
3 sat= 39- 50 P2 v=       -0.798 R= 8.226744 57.217946 lock= 0 x=-28.657 P=130.518
3 sat= 60- 63 L1 v=       -0.000 R= 0.000036  0.000039 lock= 0 x=-61.413 P=84.850
3 sat= 60- 68 L1 v=       -0.001 R= 0.000036  0.000167 lock= 0 x=-30.580 P=87.807
3 sat= 60- 73 L1 v=        0.000 R= 0.000036  0.000105 lock= 0 x=-10.195 P=86.259
3 sat= 60- 78 L1 v=        0.002 R= 0.000036  0.000060 lock= 0 x=-14.948 P=85.556
3 sat= 60- 80 L1 v=        0.000 R= 0.000036  0.000060 lock= 0 x=-73.291 P=85.924
3 sat= 60- 90 L1 v=        0.004 R= 0.000036  0.000095 lock= 0 x=-35.238 P=86.179
3 sat= 60- 63 P1 v=        0.257 R= 3.271753  3.469794 lock= 0 x=-61.413 P=84.850
3 sat= 60- 68 P1 v=        0.856 R= 3.271753 15.073133 lock= 0 x=-30.580 P=87.807
3 sat= 60- 73 P1 v=        1.297 R= 3.271753  9.454645 lock= 0 x=-10.195 P=86.259
3 sat= 60- 78 P1 v=       -0.751 R= 3.271753  5.401239 lock= 0 x=-14.948 P=85.556
3 sat= 60- 80 P1 v=       -0.257 R= 3.271753  5.422927 lock= 0 x=-73.291 P=85.924
3 sat= 60- 90 P1 v=        1.444 R= 3.271753  8.561194 lock= 0 x=-35.238 P=86.179
3 before filter x=-1276971.7806 -4717197.4906 4087248.4658 -0.0015 -0.0010 0.0010 -0.0009 -0.0003 0.0005
3 after filter x=-1276971.7853 -4717197.4717 4087248.4662 -0.0021 0.0007 -0.0026 -0.0011 0.0006 -0.0013
3 posvar=0.115752 
3 zdres: n=24 rr=-1276971.79 -4717197.47 4087248.47
3 unhealthy satellite: sat=7 svh=3f
3 y=
        0.000   1642556.902         0.000   1642565.426   1642554.677   1642552.830         0.000   1642558.543   1642534.580   1642563.168   1642570.657   1642587.414   1642568.457   1642566.193   1642564.463         0.000   1642577.810   1642550.791   1642548.796   1642548.924   1642557.941   1642549.427   1642551.024   1642555.400
        0.000   1642547.364         0.000   1642565.752   1642552.643         0.000         0.000   1642558.623   1642537.471         0.000   1642565.887   1642579.649   1642564.122         0.000   1642563.664         0.000   1642567.300         0.000         0.000         0.000         0.000         0.000         0.000         0.000
        0.000   1642554.795         0.000   1642559.905   1642555.307   1642553.528         0.000   1642557.333   1642558.891   1642566.249   1642569.288   1642572.077   1642567.119   1642561.475   1642565.927         0.000   1642567.388   1642551.636   1642550.161   1642551.139   1642551.590   1642553.084   1642553.141   1642552.375
        0.000   1642551.376         0.000   1642558.310   1642552.217         0.000         0.000   1642554.046   1642555.122         0.000   1642565.024   1642566.366   1642564.040         0.000   1642562.371         0.000   1642566.637         0.000         0.000         0.000         0.000         0.000         0.000         0.000
3 ddres   : dt=0.0050 ns=20
3 sat=  9-  4 L1 v=       -0.003 R= 0.000037  0.000042 lock= 0 x=-26.639 P=92.275
3 sat=  9-  8 L1 v=       -0.003 R= 0.000037  0.000092 lock= 0 x=-7.962 P=92.729
3 sat=  9- 16 L1 v=       -0.001 R= 0.000037  0.000063 lock= 0 x=-52.170 P=93.079
3 sat=  9- 27 L1 v=        0.003 R= 0.000037  0.000067 lock= 0 x=-40.880 P=92.580
3 sat=  9- 30 L1 v=       -0.001 R= 0.000037  0.000250 lock= 0 x=-142.389 P=96.899
3 sat=  9-  4 P1 v=       -0.273 R= 3.335048  3.792951 lock= 0 x=-26.639 P=92.275
3 sat=  9-  8 P1 v=       -0.760 R= 3.335048  8.268727 lock= 0 x=-7.962 P=92.729
3 sat=  9- 16 P1 v=       -0.361 R= 3.335048  5.674405 lock= 0 x=-52.170 P=93.079
3 sat=  9- 27 P1 v=        0.113 R= 3.335048  6.028316 lock= 0 x=-40.880 P=92.580
3 sat=  9- 30 P1 v=       -1.422 R= 3.335048 22.503738 lock= 0 x=-142.389 P=96.899
3 sat= 39- 38 L1 v=        0.004 R= 0.000091  0.000122 lock= 0 x=-63.183 P=93.376
3 sat= 39- 40 L1 v=        0.002 R= 0.000091  0.000391 lock= 0 x=88.731 P=94.094
3 sat= 39- 41 L1 v=        0.003 R= 0.000091  0.000092 lock= 0 x=-50.412 P=92.606
3 sat= 39- 42 L1 v=        0.001 R= 0.000091  0.000338 lock= 0 x=-12.437 P=93.456
3 sat= 39- 48 L1 v=        0.001 R= 0.000091  0.000133 lock= 0 x=-46.840 P=92.977
3 sat= 39- 50 L1 v=        0.003 R= 0.000091  0.000636 lock= 0 x=32.854 P=94.144
3 sat= 39- 40 L2 v=       -0.001 R= 0.000091  0.000391 lock= 0 x=27.623 P=131.075
3 sat= 39- 41 L2 v=        0.002 R= 0.000091  0.000092 lock= 0 x=-75.091 P=129.837
3 sat= 39- 48 L2 v=        0.002 R= 0.000091  0.000133 lock= 0 x=-54.236 P=129.806
3 sat= 39- 50 L2 v=       -0.007 R= 0.000091  0.000636 lock= 0 x=-28.682 P=130.467
3 sat= 39- 38 P1 v=        0.743 R= 8.226744 10.952571 lock= 0 x=-63.183 P=93.376
3 sat= 39- 40 P1 v=       -1.363 R= 8.226744 35.176525 lock= 0 x=88.731 P=94.094
3 sat= 39- 41 P1 v=        1.964 R= 8.226744  8.264837 lock= 0 x=-50.412 P=92.606
3 sat= 39- 42 P1 v=        1.825 R= 8.226744 30.443725 lock= 0 x=-12.437 P=93.456
3 sat= 39- 48 P1 v=        1.311 R= 8.226744 11.950151 lock= 0 x=-46.840 P=92.977
3 sat= 39- 50 P1 v=        1.709 R= 8.226744 57.217946 lock= 0 x=32.854 P=94.144
3 sat= 39- 40 P2 v=       -0.165 R= 8.226744 35.176525 lock= 0 x=27.623 P=131.075
3 sat= 39- 41 P2 v=       -0.223 R= 8.226744  8.264837 lock= 0 x=-75.091 P=129.837
3 sat= 39- 48 P2 v=       -0.720 R= 8.226744 11.950151 lock= 0 x=-54.236 P=129.806
3 sat= 39- 50 P2 v=       -0.794 R= 8.226744 57.217946 lock= 0 x=-28.682 P=130.467
3 sat= 60- 63 L1 v=       -0.001 R= 0.000036  0.000039 lock= 0 x=-61.405 P=84.837
3 sat= 60- 68 L1 v=       -0.002 R= 0.000036  0.000167 lock= 0 x=-30.484 P=87.660
3 sat= 60- 73 L1 v=       -0.001 R= 0.000036  0.000105 lock= 0 x=-10.250 P=86.180
3 sat= 60- 78 L1 v=        0.001 R= 0.000036  0.000060 lock= 0 x=-15.002 P=85.511
3 sat= 60- 80 L1 v=        0.000 R= 0.000036  0.000060 lock= 0 x=-73.281 P=85.863
3 sat= 60- 90 L1 v=        0.003 R= 0.000036  0.000095 lock= 0 x=-35.219 P=86.100
3 sat= 60- 63 P1 v=        0.254 R= 3.271753  3.469794 lock= 0 x=-61.405 P=84.837
3 sat= 60- 68 P1 v=        0.835 R= 3.271753 15.073133 lock= 0 x=-30.484 P=87.660
3 sat= 60- 73 P1 v=        1.305 R= 3.271753  9.454645 lock= 0 x=-10.250 P=86.180
3 sat= 60- 78 P1 v=       -0.743 R= 3.271753  5.401239 lock= 0 x=-15.002 P=85.511
3 sat= 60- 80 P1 v=       -0.260 R= 3.271753  5.422927 lock= 0 x=-73.281 P=85.863
3 sat= 60- 90 P1 v=        1.438 R= 3.271753  8.561194 lock= 0 x=-35.219 P=86.100
3 valpos  : nv=42 thres=4.0
3 posvar=0.115752
3 prevRatios = 0.000 0.000
3 Skip AR
3 sol_rr=    -1276971.785    -4717197.472     4087248.466          -0.002           0.001          -0.003
1 
---------------------------------------------------------
1 relpos: dt=0.005 nu=24 nr=26
1 ---------------------------------------------------------
3 satposs  : teph= 2020/12/24 22:08:31.005 n=24 ephopt=0
3 satposs  : teph= 2020/12/24 22:08:31.000 n=26 ephopt=0
3 base station:
3 zdres: n=26 rr=-1283433.94 -4713073.29 4090105.09
3 sat= 4 rs=   -14065.022 -24838868.256   9338884.665 dts=-0.0001671608 az= 141.8 el= 59.6
3 unhealthy satellite: sat=7 svh=3f
3 sat= 8 rs=  5092956.422 -25893854.750   -845070.438 dts=-0.0000040918 az= 143.6 el= 29.5
3 sat= 9 rs= -9314191.716 -17128925.902  17960542.144 dts=-0.0003052095 az= 288.8 el= 76.5
3 sat=16 rs=  9916143.649 -11030767.163  21782856.322 dts=-0.0002551589 az=  47.3 el= 39.2
3 sat=27 rs= 12302990.245 -20683357.091  10679963.513 dts=-0.0000418404 az=  98.5 el= 37.2
3 sat=30 rs=-24323836.199  -1722723.850  10836029.484 dts=-0.0003578176 az= 277.7 el= 16.3
3 sat=38 rs= -8301819.203 -23984840.637   2380553.296 dts= 0.0001897532 az= 186.7 el= 44.9
3 sat=39 rs=-12398513.361 -13659455.133  17623099.327 dts=-0.0000419300 az= 289.1 el= 63.2
3 sat=40 rs=-10328367.361   3827843.378  23054597.612 dts=-0.0000564558 az= 329.0 el= 20.0
3 sat=41 rs=-11205116.541 -12556163.680  19210310.197 dts= 0.0000148842 az= 303.7 el= 62.7
3 sat=42 rs=-23300480.478  -8582260.349   5659729.374 dts=-0.0000649858 az= 256.3 el= 21.7
3 sat=48 rs=  7078218.897  -9566976.087  22553687.174 dts=-0.0000094939 az=  36.7 el= 41.5
3 sat=50 rs= 19297720.115 -11453369.034  12101474.632 dts= 0.0000607964 az=  75.9 el= 15.1
3 sat=60 rs= -8786242.078 -20450126.166  19511415.509 dts=-0.0010103687 az= 283.3 el= 82.1
3 sat=63 rs=-13414729.075 -18112107.266  19183829.664 dts=-0.0006747670 az= 278.0 el= 69.5
3 sat=68 rs=-16813379.179   4250335.685  23982251.109 dts= 0.0058217662 az= 316.3 el= 20.4
3 sat=73 rs=  6528497.151 -28198612.655  -2354416.793 dts=-0.0012706425 az= 143.0 el= 27.0
3 sat=78 rs=  -570698.491 -29565797.007   1243820.629 dts= 0.0001612759 az= 157.6 el= 40.8
3 sat=80 rs= 11118849.918 -12467782.058  24437565.634 dts=-0.0006390823 az=  47.5 el= 40.7
3 sat=90 rs=-24348766.658 -16590846.021   2804565.698 dts=-0.0004767740 az= 237.3 el= 28.9
3 y=
        0.000         9.060         0.000        14.030        14.756         9.847         0.000        13.417         8.767        17.255        14.968        13.097        20.143        10.772        15.480         0.000        13.906         0.000        11.028        10.771         5.018         0.000        10.183         2.573        15.261        12.395
        0.000         0.000         0.000         0.000         0.000         0.000         0.000         0.000         0.000         0.000        24.182        21.515        30.695         0.000        25.219         0.000        22.699         0.000         0.000         0.000         0.000         0.000         0.000         0.000         0.000         0.000
        0.000         2.315         0.000         6.940         3.111         0.890         0.000         5.242         5.308         8.447        10.659        12.073        10.385         4.937         8.535         0.000        10.471         0.000         1.279         0.081         1.661         0.000         2.564         2.024         2.559         3.512
        0.000         0.000         0.000         0.000         0.000         0.000         0.000         0.000         0.000         0.000        13.882        14.913        12.669         0.000        10.525         0.000        14.833         0.000         0.000         0.000         0.000         0.000         0.000         0.000         0.000         0.000
3 selsat  : nu=24 nr=26
3 before udstate: x=-1276971.7853 -4717197.4717 4087248.4662 -0.0021 0.0007 -0.0026 -0.0011 0.0006 -0.0013
3 udstate : ns=20
3 udpos : tt=1.000
3 pos var too high for accel term: 0.1158
3 udbias  : tt=1.000 ns=20
3 after udstate x=-1276971.7874 -4717197.4710 4087248.4636 -0.0032 0.0013 -0.0039 -0.0011 0.0006 -0.0013
3 rover: dt=0.005
3 zdres: n=24 rr=-1276971.79 -4717197.47 4087248.46
3 unhealthy satellite: sat=7 svh=3f
3 y=
        0.000   1642639.388         0.000   1642647.914   1642637.164   1642635.312         0.000   1642641.030   1642617.074   1642645.657   1642653.145   1642669.910   1642650.941   1642648.685   1642646.951         0.000   1642660.298   1642633.278   1642631.285   1642631.412   1642640.433   1642631.916   1642633.509   1642637.893
        0.000   1642629.853         0.000   1642648.240   1642635.130         0.000         0.000   1642641.112   1642619.962         0.000   1642648.376   1642662.143   1642646.607         0.000   1642646.154         0.000   1642649.787         0.000         0.000         0.000         0.000         0.000         0.000         0.000
        0.000   1642637.298         0.000   1642642.445   1642637.698   1642635.974         0.000   1642639.723   1642641.339   1642648.803   1642651.833   1642654.680   1642649.715   1642643.913   1642648.510         0.000   1642649.975   1642634.180   1642632.738   1642633.708   1642634.054   1642635.592   1642635.666   1642635.156
        0.000   1642633.962         0.000   1642640.772   1642634.748         0.000         0.000   1642636.505   1642637.642         0.000   1642647.492   1642648.770   1642646.608         0.000   1642644.804         0.000   1642649.141         0.000         0.000         0.000         0.000         0.000         0.000         0.000
3 ddres   : dt=0.0050 ns=20
3 sat=  9-  4 L1 v=       -0.002 R= 0.000037  0.000042 lock= 0 x=-26.790 P=92.275
3 sat=  9-  8 L1 v=       -0.004 R= 0.000037  0.000092 lock= 0 x=-8.113 P=92.729
3 sat=  9- 16 L1 v=        0.002 R= 0.000037  0.000063 lock= 0 x=-52.322 P=93.079
3 sat=  9- 27 L1 v=        0.003 R= 0.000037  0.000067 lock= 0 x=-41.032 P=92.580
3 sat=  9- 30 L1 v=       -0.008 R= 0.000037  0.000250 lock= 0 x=-142.541 P=96.899
3 sat=  9-  4 P1 v=       -0.396 R= 3.334965  3.793306 lock= 0 x=-26.790 P=92.275
3 sat=  9-  8 P1 v=       -0.918 R= 3.334965  8.265966 lock= 0 x=-8.113 P=92.729
3 sat=  9- 16 P1 v=       -0.497 R= 3.334965  5.675649 lock= 0 x=-52.322 P=93.079
3 sat=  9- 27 P1 v=        0.106 R= 3.334965  6.027694 lock= 0 x=-41.032 P=92.580
3 sat=  9- 30 P1 v=       -1.444 R= 3.334965 22.490791 lock= 0 x=-142.541 P=96.899
3 sat= 39- 38 L1 v=        0.001 R= 0.000091  0.000122 lock= 0 x=-63.334 P=93.376
3 sat= 39- 40 L1 v=       -0.000 R= 0.000091  0.000391 lock= 0 x=88.580 P=94.094
3 sat= 39- 41 L1 v=        0.004 R= 0.000091  0.000092 lock= 0 x=-50.564 P=92.606
3 sat= 39- 42 L1 v=       -0.003 R= 0.000091  0.000338 lock= 0 x=-12.589 P=93.456
3 sat= 39- 48 L1 v=        0.003 R= 0.000091  0.000133 lock= 0 x=-46.991 P=92.977
3 sat= 39- 50 L1 v=        0.006 R= 0.000091  0.000635 lock= 0 x=32.703 P=94.144
3 sat= 39- 40 L2 v=       -0.000 R= 0.000091  0.000391 lock= 0 x=27.603 P=131.075
3 sat= 39- 41 L2 v=        0.003 R= 0.000091  0.000092 lock= 0 x=-75.111 P=129.837
3 sat= 39- 48 L2 v=        0.005 R= 0.000091  0.000133 lock= 0 x=-54.256 P=129.806
3 sat= 39- 50 L2 v=       -0.001 R= 0.000091  0.000635 lock= 0 x=-28.702 P=130.467
3 sat= 39- 38 P1 v=        0.818 R= 8.226497 10.955062 lock= 0 x=-63.334 P=93.376
3 sat= 39- 40 P1 v=       -1.433 R= 8.226497 35.154202 lock= 0 x=88.580 P=94.094
3 sat= 39- 41 P1 v=        1.844 R= 8.226497  8.264689 lock= 0 x=-50.564 P=92.606
3 sat= 39- 42 P1 v=        2.198 R= 8.226497 30.430545 lock= 0 x=-12.589 P=93.456
3 sat= 39- 48 P1 v=        1.199 R= 8.226497 11.952363 lock= 0 x=-46.991 P=92.977
3 sat= 39- 50 P1 v=        1.670 R= 8.226497 57.189497 lock= 0 x=32.703 P=94.144
3 sat= 39- 40 P2 v=       -0.247 R= 8.226497 35.154202 lock= 0 x=27.603 P=131.075
3 sat= 39- 41 P2 v=       -0.329 R= 8.226497  8.264689 lock= 0 x=-75.111 P=129.837
3 sat= 39- 48 P2 v=       -0.669 R= 8.226497 11.952363 lock= 0 x=-54.256 P=129.806
3 sat= 39- 50 P2 v=       -0.698 R= 8.226497 57.189497 lock= 0 x=-28.702 P=130.467
3 sat= 60- 63 L1 v=       -0.003 R= 0.000036  0.000039 lock= 0 x=-61.556 P=84.837
3 sat= 60- 68 L1 v=        0.001 R= 0.000036  0.000167 lock= 0 x=-30.635 P=87.660
3 sat= 60- 73 L1 v=       -0.005 R= 0.000036  0.000105 lock= 0 x=-10.401 P=86.180
3 sat= 60- 78 L1 v=       -0.002 R= 0.000036  0.000060 lock= 0 x=-15.153 P=85.511
3 sat= 60- 80 L1 v=        0.003 R= 0.000036  0.000060 lock= 0 x=-73.432 P=85.863
3 sat= 60- 90 L1 v=       -0.004 R= 0.000036  0.000095 lock= 0 x=-35.371 P=86.100
3 sat= 60- 63 P1 v=        0.244 R= 3.271738  3.469741 lock= 0 x=-61.556 P=84.837
3 sat= 60- 68 P1 v=        0.854 R= 3.271738 15.066692 lock= 0 x=-30.635 P=87.660
3 sat= 60- 73 P1 v=        1.411 R= 3.271738  9.451991 lock= 0 x=-10.401 P=86.180
3 sat= 60- 78 P1 v=       -0.667 R= 3.271738  5.402224 lock= 0 x=-15.153 P=85.511
3 sat= 60- 80 P1 v=       -0.206 R= 3.271738  5.423768 lock= 0 x=-73.432 P=85.863
3 sat= 60- 90 P1 v=        1.257 R= 3.271738  8.559048 lock= 0 x=-35.371 P=86.100
3 before filter x=-1276971.7874 -4717197.4710 4087248.4636 -0.0032 0.0013 -0.0039 -0.0011 0.0006 -0.0013
3 after filter x=-1276971.7869 -4717197.4537 4087248.4671 0.0032 -0.0010 0.0059 0.0021 -0.0005 0.0036
3 posvar=0.110026 
3 zdres: n=24 rr=-1276971.79 -4717197.45 4087248.47
3 unhealthy satellite: sat=7 svh=3f
3 y=
        0.000   1642639.372         0.000   1642647.897   1642637.155   1642635.310         0.000   1642641.019   1642617.077   1642645.640   1642653.139   1642669.919   1642650.936   1642648.681   1642646.951         0.000   1642660.295   1642633.269   1642631.277   1642631.420   1642640.417   1642631.898   1642633.507   1642637.885
        0.000   1642629.838         0.000   1642648.223   1642635.121         0.000         0.000   1642641.101   1642619.965         0.000   1642648.371   1642662.152   1642646.602         0.000   1642646.154         0.000   1642649.783         0.000         0.000         0.000         0.000         0.000         0.000         0.000
        0.000   1642637.283         0.000   1642642.428   1642637.690   1642635.972         0.000   1642639.712   1642641.342   1642648.786   1642651.827   1642654.690   1642649.710   1642643.909   1642648.509         0.000   1642649.972   1642634.171   1642632.730   1642633.716   1642634.037   1642635.575   1642635.664   1642635.148
        0.000   1642633.947         0.000   1642640.755   1642634.740         0.000         0.000   1642636.494   1642637.645         0.000   1642647.486   1642648.780   1642646.603         0.000   1642644.803         0.000   1642649.138         0.000         0.000         0.000         0.000         0.000         0.000         0.000
3 ddres   : dt=0.0050 ns=20
3 sat=  9-  4 L1 v=       -0.002 R= 0.000037  0.000042 lock= 0 x=-26.814 P=92.264
3 sat=  9-  8 L1 v=       -0.002 R= 0.000037  0.000092 lock= 0 x=-8.133 P=92.693
3 sat=  9- 16 L1 v=       -0.001 R= 0.000037  0.000063 lock= 0 x=-52.290 P=93.028
3 sat=  9- 27 L1 v=        0.002 R= 0.000037  0.000067 lock= 0 x=-41.041 P=92.559
3 sat=  9- 30 L1 v=       -0.003 R= 0.000037  0.000250 lock= 0 x=-142.444 P=96.694
3 sat=  9-  4 P1 v=       -0.389 R= 3.334965  3.793306 lock= 0 x=-26.814 P=92.264
3 sat=  9-  8 P1 v=       -0.909 R= 3.334965  8.265966 lock= 0 x=-8.133 P=92.693
3 sat=  9- 16 P1 v=       -0.504 R= 3.334965  5.675649 lock= 0 x=-52.290 P=93.028
3 sat=  9- 27 P1 v=        0.109 R= 3.334965  6.027694 lock= 0 x=-41.041 P=92.559
3 sat=  9- 30 P1 v=       -1.455 R= 3.334965 22.490791 lock= 0 x=-142.444 P=96.694
3 sat= 39- 38 L1 v=        0.003 R= 0.000091  0.000122 lock= 0 x=-63.392 P=93.304
3 sat= 39- 40 L1 v=       -0.001 R= 0.000091  0.000391 lock= 0 x=88.646 P=94.024
3 sat= 39- 41 L1 v=        0.004 R= 0.000091  0.000092 lock= 0 x=-50.573 P=92.575
3 sat= 39- 42 L1 v=        0.002 R= 0.000091  0.000338 lock= 0 x=-12.564 P=93.375
3 sat= 39- 48 L1 v=       -0.001 R= 0.000091  0.000133 lock= 0 x=-46.997 P=92.935
3 sat= 39- 50 L1 v=        0.003 R= 0.000091  0.000635 lock= 0 x=32.687 P=94.054
3 sat= 39- 40 L2 v=       -0.001 R= 0.000091  0.000391 lock= 0 x=27.651 P=131.035
3 sat= 39- 41 L2 v=        0.002 R= 0.000091  0.000092 lock= 0 x=-75.122 P=129.817
3 sat= 39- 48 L2 v=        0.002 R= 0.000091  0.000133 lock= 0 x=-54.264 P=129.793
3 sat= 39- 50 L2 v=       -0.004 R= 0.000091  0.000635 lock= 0 x=-28.715 P=130.420
3 sat= 39- 38 P1 v=        0.829 R= 8.226497 10.955062 lock= 0 x=-63.392 P=93.304
3 sat= 39- 40 P1 v=       -1.448 R= 8.226497 35.154202 lock= 0 x=88.646 P=94.024
3 sat= 39- 41 P1 v=        1.843 R= 8.226497  8.264689 lock= 0 x=-50.573 P=92.575
3 sat= 39- 42 P1 v=        2.196 R= 8.226497 30.430545 lock= 0 x=-12.564 P=93.375
3 sat= 39- 48 P1 v=        1.194 R= 8.226497 11.952363 lock= 0 x=-46.997 P=92.935
3 sat= 39- 50 P1 v=        1.668 R= 8.226497 57.189497 lock= 0 x=32.687 P=94.054
3 sat= 39- 40 P2 v=       -0.262 R= 8.226497 35.154202 lock= 0 x=27.651 P=131.035
3 sat= 39- 41 P2 v=       -0.330 R= 8.226497  8.264689 lock= 0 x=-75.122 P=129.817
3 sat= 39- 48 P2 v=       -0.674 R= 8.226497 11.952363 lock= 0 x=-54.264 P=129.793
3 sat= 39- 50 P2 v=       -0.700 R= 8.226497 57.189497 lock= 0 x=-28.715 P=130.420
3 sat= 60- 63 L1 v=       -0.003 R= 0.000036  0.000039 lock= 0 x=-61.555 P=84.826
3 sat= 60- 68 L1 v=        0.002 R= 0.000036  0.000167 lock= 0 x=-30.547 P=87.523
3 sat= 60- 73 L1 v=       -0.003 R= 0.000036  0.000105 lock= 0 x=-10.438 P=86.107
3 sat= 60- 78 L1 v=        0.001 R= 0.000036  0.000060 lock= 0 x=-15.195 P=85.470
3 sat= 60- 80 L1 v=        0.000 R= 0.000036  0.000060 lock= 0 x=-73.421 P=85.806
3 sat= 60- 90 L1 v=        0.001 R= 0.000036  0.000095 lock= 0 x=-35.348 P=86.027
3 sat= 60- 63 P1 v=        0.243 R= 3.271738  3.469741 lock= 0 x=-61.555 P=84.826
3 sat= 60- 68 P1 v=        0.836 R= 3.271738 15.066692 lock= 0 x=-30.547 P=87.523
3 sat= 60- 73 P1 v=        1.418 R= 3.271738  9.451991 lock= 0 x=-10.438 P=86.107
3 sat= 60- 78 P1 v=       -0.659 R= 3.271738  5.402224 lock= 0 x=-15.195 P=85.470
3 sat= 60- 80 P1 v=       -0.213 R= 3.271738  5.423768 lock= 0 x=-73.421 P=85.806
3 sat= 60- 90 P1 v=        1.256 R= 3.271738  8.559048 lock= 0 x=-35.348 P=86.027
3 valpos  : nv=42 thres=4.0
3 posvar=0.110026
3 prevRatios = 0.000 0.000
3 Skip AR
3 sol_rr=    -1276971.787    -4717197.454     4087248.467           0.003          -0.001           0.006
1 
---------------------------------------------------------
1 relpos: dt=0.005 nu=24 nr=26
1 ---------------------------------------------------------
3 satposs  : teph= 2020/12/24 22:08:32.005 n=24 ephopt=0
3 satposs  : teph= 2020/12/24 22:08:32.000 n=26 ephopt=0
3 base station:
3 zdres: n=26 rr=-1283433.94 -4713073.29 4090105.09
3 sat= 4 rs=   -13500.629 -24839944.942   9336016.027 dts=-0.0001671608 az= 141.8 el= 59.6
3 unhealthy satellite: sat=7 svh=3f
3 sat= 8 rs=  5093255.941 -25893900.782   -841861.834 dts=-0.0000040918 az= 143.5 el= 29.5
3 sat= 9 rs= -9313528.566 -17131131.951  17958786.273 dts=-0.0003052095 az= 288.7 el= 76.5
3 sat=16 rs=  9918039.931 -11028680.882  21783092.103 dts=-0.0002551589 az=  47.3 el= 39.2
3 sat=27 rs= 12302896.741 -20681952.274  10682786.806 dts=-0.0000418404 az=  98.5 el= 37.2
3 sat=30 rs=-24322591.126  -1723356.507  10838712.775 dts=-0.0003578176 az= 277.7 el= 16.3
3 sat=38 rs= -8302045.026 -23985115.981   2377010.572 dts= 0.0001897532 az= 186.7 el= 44.9
3 sat=39 rs=-12399242.972 -13661752.438  17620797.051 dts=-0.0000419300 az= 289.1 el= 63.2
3 sat=40 rs=-10329183.581   3824807.821  23054733.962 dts=-0.0000564558 az= 329.0 el= 20.0
3 sat=41 rs=-11202590.170 -12555456.593  19212241.125 dts= 0.0000148842 az= 303.7 el= 62.8
3 sat=42 rs=-23299761.939  -8581926.449   5663194.340 dts=-0.0000649858 az= 256.3 el= 21.7
3 sat=48 rs=  7081234.009  -9566294.869  22553042.581 dts=-0.0000094939 az=  36.8 el= 41.5
3 sat=50 rs= 19296400.400 -11452345.761  12104556.876 dts= 0.0000607964 az=  75.9 el= 15.1
3 sat=60 rs= -8784595.361 -20449064.239  19513271.017 dts=-0.0010103687 az= 283.3 el= 82.1
3 sat=63 rs=-13414730.659 -18114031.413  19182011.927 dts=-0.0006747670 az= 278.0 el= 69.5
3 sat=68 rs=-16813360.075   4247929.789  23982691.722 dts= 0.0058217662 az= 316.3 el= 20.4
3 sat=73 rs=  6528586.758 -28198221.897  -2351615.115 dts=-0.0012706425 az= 143.0 el= 27.0
3 sat=78 rs=  -570749.717 -29565922.493   1240818.720 dts= 0.0001612760 az= 157.6 el= 40.8
3 sat=80 rs= 11120966.993 -12466544.418  24437234.375 dts=-0.0006390823 az=  47.5 el= 40.7
3 sat=90 rs=-24348582.612 -16590605.856   2807593.831 dts=-0.0004767740 az= 237.3 el= 28.9
3 y=
        0.000         9.038         0.000        14.011        14.735         9.825         0.000        13.394         8.748        17.230        14.945        13.078        20.121        10.756        15.457         0.000        13.887         0.000        11.006        10.749         4.994         0.000        10.162         2.550        15.241        12.374
        0.000         0.000         0.000         0.000         0.000         0.000         0.000         0.000         0.000         0.000        24.160        21.500        30.674         0.000        25.194         0.000        22.681         0.000         0.000         0.000         0.000         0.000         0.000         0.000         0.000         0.000
        0.000         2.339         0.000         6.993         3.138         0.956         0.000         5.229         5.058         8.476        10.652        12.077        10.394         4.885         8.534         0.000        10.692         0.000         1.247         0.099         1.562         0.000         2.516         2.057         2.503         3.560
        0.000         0.000         0.000         0.000         0.000         0.000         0.000         0.000         0.000         0.000        13.960        14.904        12.741         0.000        10.188         0.000        14.643         0.000         0.000         0.000         0.000         0.000         0.000         0.000         0.000         0.000
3 selsat  : nu=24 nr=26
3 before udstate: x=-1276971.7869 -4717197.4537 4087248.4671 0.0032 -0.0010 0.0059 0.0021 -0.0005 0.0036
3 udstate : ns=20
3 udpos : tt=1.000
3 pos var too high for accel term: 0.1100
3 udbias  : tt=1.000 ns=20
3 after udstate x=-1276971.7837 -4717197.4547 4087248.4730 0.0053 -0.0015 0.0094 0.0021 -0.0005 0.0036
3 rover: dt=0.005
3 zdres: n=24 rr=-1276971.78 -4717197.45 4087248.47
3 unhealthy satellite: sat=7 svh=3f
3 y=
        0.000   1642721.841         0.000   1642730.366   1642719.624   1642717.782         0.000   1642723.490   1642699.541   1642728.100   1642735.606   1642752.393   1642733.405   1642731.150   1642729.421         0.000   1642742.769   1642715.738   1642713.744   1642713.888   1642722.881   1642714.365   1642715.980   1642720.346
        0.000   1642712.305         0.000   1642730.690   1642717.590         0.000         0.000   1642723.571   1642702.431         0.000   1642730.838   1642744.627   1642729.070         0.000   1642728.625         0.000   1642732.254         0.000         0.000         0.000         0.000         0.000         0.000         0.000
        0.000   1642719.759         0.000   1642725.001   1642720.214   1642718.440         0.000   1642722.160   1642723.826   1642731.171   1642734.263   1642737.211   1642732.165   1642726.455   1642731.011         0.000   1642732.538   1642716.650   1642715.303   1642716.098   1642716.510   1642718.199   1642718.171   1642717.638
        0.000   1642716.453         0.000   1642723.317   1642717.144         0.000         0.000   1642718.981   1642720.061         0.000   1642730.105   1642731.212   1642729.124         0.000   1642727.202         0.000   1642731.654         0.000         0.000         0.000         0.000         0.000         0.000         0.000
3 ddres   : dt=0.0050 ns=20
3 sat=  9-  4 L1 v=       -0.003 R= 0.000037  0.000042 lock= 0 x=-26.858 P=92.264
3 sat=  9-  8 L1 v=        0.000 R= 0.000037  0.000092 lock= 0 x=-8.177 P=92.693
3 sat=  9- 16 L1 v=       -0.005 R= 0.000037  0.000063 lock= 0 x=-52.334 P=93.028
3 sat=  9- 27 L1 v=       -0.002 R= 0.000037  0.000067 lock= 0 x=-41.085 P=92.559
3 sat=  9- 30 L1 v=        0.003 R= 0.000037  0.000250 lock= 0 x=-142.488 P=96.694
3 sat=  9-  4 P1 v=       -0.344 R= 3.334882  3.793661 lock= 0 x=-26.858 P=92.264
3 sat=  9-  8 P1 v=       -0.932 R= 3.334882  8.263207 lock= 0 x=-8.177 P=92.693
3 sat=  9- 16 P1 v=       -0.407 R= 3.334882  5.676894 lock= 0 x=-52.334 P=93.028
3 sat=  9- 27 P1 v=        0.145 R= 3.334882  6.027072 lock= 0 x=-41.085 P=92.559
3 sat=  9- 30 P1 v=       -1.692 R= 3.334882 22.477857 lock= 0 x=-142.488 P=96.694
3 sat= 39- 38 L1 v=        0.007 R= 0.000091  0.000122 lock= 0 x=-63.436 P=93.304
3 sat= 39- 40 L1 v=       -0.004 R= 0.000091  0.000390 lock= 0 x=88.602 P=94.024
3 sat= 39- 41 L1 v=        0.002 R= 0.000091  0.000092 lock= 0 x=-50.617 P=92.575
3 sat= 39- 42 L1 v=        0.006 R= 0.000091  0.000338 lock= 0 x=-12.608 P=93.375
3 sat= 39- 48 L1 v=       -0.004 R= 0.000091  0.000133 lock= 0 x=-47.041 P=92.935
3 sat= 39- 50 L1 v=       -0.002 R= 0.000091  0.000635 lock= 0 x=32.644 P=94.054
3 sat= 39- 40 L2 v=       -0.001 R= 0.000091  0.000390 lock= 0 x=27.301 P=131.035
3 sat= 39- 41 L2 v=        0.004 R= 0.000091  0.000092 lock= 0 x=-75.472 P=129.817
3 sat= 39- 48 L2 v=       -0.005 R= 0.000091  0.000133 lock= 0 x=-54.615 P=129.793
3 sat= 39- 50 L2 v=       -0.003 R= 0.000091  0.000635 lock= 0 x=-29.066 P=130.420
3 sat= 39- 38 P1 v=        0.916 R= 8.226250 10.957555 lock= 0 x=-63.436 P=93.304
3 sat= 39- 40 P1 v=       -1.523 R= 8.226250 35.131903 lock= 0 x=88.602 P=94.024
3 sat= 39- 41 P1 v=        1.840 R= 8.226250  8.264541 lock= 0 x=-50.617 P=92.575
3 sat= 39- 42 P1 v=        2.041 R= 8.226250 30.417375 lock= 0 x=-12.608 P=93.375
3 sat= 39- 48 P1 v=        1.135 R= 8.226250 11.954576 lock= 0 x=-47.041 P=92.935
3 sat= 39- 50 P1 v=        1.765 R= 8.226250 57.161079 lock= 0 x=32.644 P=94.054
3 sat= 39- 40 P2 v=       -0.163 R= 8.226250 35.131903 lock= 0 x=27.301 P=131.035
3 sat= 39- 41 P2 v=       -0.238 R= 8.226250  8.264541 lock= 0 x=-75.472 P=129.817
3 sat= 39- 48 P2 v=       -0.868 R= 8.226250 11.954576 lock= 0 x=-54.615 P=129.793
3 sat= 39- 50 P2 v=       -0.866 R= 8.226250 57.161079 lock= 0 x=-29.066 P=130.420
3 sat= 60- 63 L1 v=       -0.001 R= 0.000036  0.000039 lock= 0 x=-61.598 P=84.826
3 sat= 60- 68 L1 v=        0.001 R= 0.000036  0.000167 lock= 0 x=-30.590 P=87.523
3 sat= 60- 73 L1 v=        0.003 R= 0.000036  0.000105 lock= 0 x=-10.481 P=86.107
3 sat= 60- 78 L1 v=        0.002 R= 0.000036  0.000060 lock= 0 x=-15.239 P=85.470
3 sat= 60- 80 L1 v=       -0.003 R= 0.000036  0.000060 lock= 0 x=-73.465 P=85.806
3 sat= 60- 90 L1 v=        0.010 R= 0.000036  0.000095 lock= 0 x=-35.392 P=86.027
3 sat= 60- 63 P1 v=        0.200 R= 3.271724  3.469688 lock= 0 x=-61.598 P=84.826
3 sat= 60- 68 P1 v=        0.867 R= 3.271724 15.060255 lock= 0 x=-30.590 P=87.523
3 sat= 60- 73 P1 v=        1.411 R= 3.271724  9.449338 lock= 0 x=-10.481 P=86.107
3 sat= 60- 78 P1 v=       -0.739 R= 3.271724  5.403211 lock= 0 x=-15.239 P=85.470
3 sat= 60- 80 P1 v=       -0.265 R= 3.271724  5.424609 lock= 0 x=-73.465 P=85.806
3 sat= 60- 90 P1 v=        1.326 R= 3.271724  8.556903 lock= 0 x=-35.392 P=86.027
3 before filter x=-1276971.7837 -4717197.4547 4087248.4730 0.0053 -0.0015 0.0094 0.0021 -0.0005 0.0036
3 after filter x=-1276971.7889 -4717197.4396 4087248.4709 -0.0032 0.0007 -0.0027 -0.0022 0.0006 -0.0025
3 posvar=0.104691 
3 zdres: n=24 rr=-1276971.79 -4717197.44 4087248.47
3 unhealthy satellite: sat=7 svh=3f
3 y=
        0.000   1642721.825         0.000   1642730.351   1642719.615   1642717.773         0.000   1642723.475   1642699.547   1642728.088   1642735.600   1642752.399   1642733.400   1642731.152   1642729.413         0.000   1642742.760   1642715.728   1642713.737   1642713.895   1642722.866   1642714.350   1642715.971   1642720.344
        0.000   1642712.290         0.000   1642730.675   1642717.582         0.000         0.000   1642723.556   1642702.438         0.000   1642730.832   1642744.633   1642729.065         0.000   1642728.618         0.000   1642732.244         0.000         0.000         0.000         0.000         0.000         0.000         0.000
        0.000   1642719.744         0.000   1642724.986   1642720.206   1642718.431         0.000   1642722.146   1642723.832   1642731.159   1642734.258   1642737.218   1642732.160   1642726.457   1642731.003         0.000   1642732.528   1642716.640   1642715.295   1642716.105   1642716.495   1642718.185   1642718.162   1642717.636
        0.000   1642716.438         0.000   1642723.302   1642717.136         0.000         0.000   1642718.967   1642720.067         0.000   1642730.100   1642731.219   1642729.119         0.000   1642727.194         0.000   1642731.644         0.000         0.000         0.000         0.000         0.000         0.000         0.000
3 ddres   : dt=0.0050 ns=20
3 sat=  9-  4 L1 v=       -0.003 R= 0.000037  0.000042 lock= 0 x=-26.877 P=92.253
3 sat=  9-  8 L1 v=       -0.002 R= 0.000037  0.000092 lock= 0 x=-8.205 P=92.659
3 sat=  9- 16 L1 v=       -0.001 R= 0.000037  0.000063 lock= 0 x=-52.295 P=92.980
3 sat=  9- 27 L1 v=       -0.000 R= 0.000037  0.000067 lock= 0 x=-41.089 P=92.539
3 sat=  9- 30 L1 v=       -0.002 R= 0.000037  0.000250 lock= 0 x=-142.422 P=96.502
3 sat=  9-  4 P1 v=       -0.337 R= 3.334882  3.793661 lock= 0 x=-26.877 P=92.253
3 sat=  9-  8 P1 v=       -0.925 R= 3.334882  8.263207 lock= 0 x=-8.205 P=92.659
3 sat=  9- 16 P1 v=       -0.407 R= 3.334882  5.676894 lock= 0 x=-52.295 P=92.980
3 sat=  9- 27 P1 v=        0.152 R= 3.334882  6.027072 lock= 0 x=-41.089 P=92.539
3 sat=  9- 30 P1 v=       -1.707 R= 3.334882 22.477857 lock= 0 x=-142.422 P=96.502
3 sat= 39- 38 L1 v=        0.004 R= 0.000091  0.000122 lock= 0 x=-63.498 P=93.236
3 sat= 39- 40 L1 v=       -0.003 R= 0.000091  0.000390 lock= 0 x=88.660 P=93.959
3 sat= 39- 41 L1 v=        0.003 R= 0.000091  0.000092 lock= 0 x=-50.619 P=92.546
3 sat= 39- 42 L1 v=        0.000 R= 0.000091  0.000338 lock= 0 x=-12.605 P=93.299
3 sat= 39- 48 L1 v=        0.001 R= 0.000091  0.000133 lock= 0 x=-47.032 P=92.897
3 sat= 39- 50 L1 v=        0.002 R= 0.000091  0.000635 lock= 0 x=32.633 P=93.970
3 sat= 39- 40 L2 v=        0.000 R= 0.000091  0.000390 lock= 0 x=27.339 P=130.998
3 sat= 39- 41 L2 v=        0.004 R= 0.000091  0.000092 lock= 0 x=-75.480 P=129.799
3 sat= 39- 48 L2 v=       -0.000 R= 0.000091  0.000133 lock= 0 x=-54.614 P=129.782
3 sat= 39- 50 L2 v=        0.001 R= 0.000091  0.000635 lock= 0 x=-29.080 P=130.376
3 sat= 39- 38 P1 v=        0.923 R= 8.226250 10.957555 lock= 0 x=-63.498 P=93.236
3 sat= 39- 40 P1 v=       -1.535 R= 8.226250 35.131903 lock= 0 x=88.660 P=93.959
3 sat= 39- 41 P1 v=        1.840 R= 8.226250  8.264541 lock= 0 x=-50.619 P=92.546
3 sat= 39- 42 P1 v=        2.033 R= 8.226250 30.417375 lock= 0 x=-12.605 P=93.299
3 sat= 39- 48 P1 v=        1.137 R= 8.226250 11.954576 lock= 0 x=-47.032 P=92.897
3 sat= 39- 50 P1 v=        1.770 R= 8.226250 57.161079 lock= 0 x=32.633 P=93.970
3 sat= 39- 40 P2 v=       -0.175 R= 8.226250 35.131903 lock= 0 x=27.339 P=130.998
3 sat= 39- 41 P2 v=       -0.238 R= 8.226250  8.264541 lock= 0 x=-75.480 P=129.799
3 sat= 39- 48 P2 v=       -0.866 R= 8.226250 11.954576 lock= 0 x=-54.614 P=129.782
3 sat= 39- 50 P2 v=       -0.861 R= 8.226250 57.161079 lock= 0 x=-29.080 P=130.376
3 sat= 60- 63 L1 v=       -0.002 R= 0.000036  0.000039 lock= 0 x=-61.593 P=84.814
3 sat= 60- 68 L1 v=       -0.001 R= 0.000036  0.000167 lock= 0 x=-30.516 P=87.395
3 sat= 60- 73 L1 v=        0.000 R= 0.000036  0.000105 lock= 0 x=-10.525 P=86.039
3 sat= 60- 78 L1 v=       -0.001 R= 0.000036  0.000060 lock= 0 x=-15.283 P=85.431
3 sat= 60- 80 L1 v=        0.001 R= 0.000036  0.000060 lock= 0 x=-73.442 P=85.752
3 sat= 60- 90 L1 v=        0.002 R= 0.000036  0.000095 lock= 0 x=-35.392 P=85.959
3 sat= 60- 63 P1 v=        0.198 R= 3.271724  3.469688 lock= 0 x=-61.593 P=84.814
3 sat= 60- 68 P1 v=        0.851 R= 3.271724 15.060255 lock= 0 x=-30.516 P=87.395
3 sat= 60- 73 P1 v=        1.416 R= 3.271724  9.449338 lock= 0 x=-10.525 P=86.039
3 sat= 60- 78 P1 v=       -0.734 R= 3.271724  5.403211 lock= 0 x=-15.283 P=85.431
3 sat= 60- 80 P1 v=       -0.266 R= 3.271724  5.424609 lock= 0 x=-73.442 P=85.752
3 sat= 60- 90 P1 v=        1.318 R= 3.271724  8.556903 lock= 0 x=-35.392 P=85.959
3 valpos  : nv=42 thres=4.0
3 posvar=0.104691
3 prevRatios = 0.000 0.000
3 Skip AR
3 sol_rr=    -1276971.789    -4717197.440     4087248.471          -0.003           0.001          -0.003
1 
---------------------------------------------------------
1 relpos: dt=0.005 nu=24 nr=26
1 ---------------------------------------------------------
3 satposs  : teph= 2020/12/24 22:08:33.005 n=24 ephopt=0
3 satposs  : teph= 2020/12/24 22:08:33.000 n=26 ephopt=0
3 base station:
3 zdres: n=26 rr=-1283433.94 -4713073.29 4090105.09
3 sat= 4 rs=   -12936.392 -24841021.313   9333147.190 dts=-0.0001671608 az= 141.9 el= 59.6
3 unhealthy satellite: sat=7 svh=3f
3 sat= 8 rs=  5093555.370 -25893946.434   -838653.212 dts=-0.0000040918 az= 143.5 el= 29.5
3 sat= 9 rs= -9312865.588 -17133337.821  17957030.017 dts=-0.0003052095 az= 288.7 el= 76.5
3 sat=16 rs=  9919936.355 -11026594.697  21783327.409 dts=-0.0002551589 az=  47.3 el= 39.2
3 sat=27 rs= 12302803.238 -20680547.101  10685609.866 dts=-0.0000418404 az=  98.5 el= 37.2
3 sat=30 rs=-24321345.765  -1723989.318  10841395.838 dts=-0.0003578176 az= 277.7 el= 16.3
3 sat=38 rs= -8302270.735 -23985390.843   2373467.791 dts= 0.0001897532 az= 186.7 el= 44.9
3 sat=39 rs=-12399972.686 -13664049.382  17618494.351 dts=-0.0000419300 az= 289.1 el= 63.2
3 sat=40 rs=-10330000.053   3821772.312  23054869.760 dts=-0.0000564558 az= 329.0 el= 20.0
3 sat=41 rs=-11200063.487 -12554749.640  19214171.593 dts= 0.0000148842 az= 303.7 el= 62.8
3 sat=42 rs=-23299042.913  -8581592.494   5666659.169 dts=-0.0000649858 az= 256.3 el= 21.7
3 sat=48 rs=  7084249.087  -9565613.910  22552397.446 dts=-0.0000094939 az=  36.8 el= 41.5
3 sat=50 rs= 19295080.473 -11451322.080  12107638.830 dts= 0.0000607964 az=  75.9 el= 15.1
3 sat=60 rs= -8782948.400 -20448002.346  19515126.226 dts=-0.0010103687 az= 283.4 el= 82.1
3 sat=63 rs=-13414732.388 -18115955.378  19180193.895 dts=-0.0006747670 az= 278.0 el= 69.5
3 sat=68 rs=-16813341.153   4245523.848  23983131.967 dts= 0.0058217662 az= 316.3 el= 20.4
3 sat=73 rs=  6528676.351 -28197830.842  -2348813.400 dts=-0.0012706425 az= 143.0 el= 27.0
3 sat=78 rs=  -570800.956 -29566047.674   1237816.792 dts= 0.0001612760 az= 157.6 el= 40.8
3 sat=80 rs= 11123084.138 -12465306.961  24436902.741 dts=-0.0006390823 az=  47.5 el= 40.7
3 sat=90 rs=-24348398.285 -16590365.551   2810621.921 dts=-0.0004767740 az= 237.3 el= 28.9
3 y=
        0.000         8.970         0.000        13.947        14.667         9.757         0.000        13.328         8.681        17.159        14.874        13.018        20.050        10.693        15.386         0.000        13.822         0.000        10.939        10.682         4.927         0.000        10.094         2.482        15.172        12.307
        0.000         0.000         0.000         0.000         0.000         0.000         0.000         0.000         0.000         0.000        24.089        21.437        30.603         0.000        25.122         0.000        22.616         0.000         0.000         0.000         0.000         0.000         0.000         0.000         0.000         0.000
        0.000         2.300         0.000         6.986         3.043         0.902         0.000         5.147         5.113         8.505        10.505        11.741        10.363         4.783         8.588         0.000        10.848         0.000         1.195         0.039         1.397         0.000         2.417         1.896         2.482         3.504
        0.000         0.000         0.000         0.000         0.000         0.000         0.000         0.000         0.000         0.000        13.840        14.800        12.612         0.000        10.086         0.000        14.656         0.000         0.000         0.000         0.000         0.000         0.000         0.000         0.000         0.000
3 selsat  : nu=24 nr=26
3 before udstate: x=-1276971.7889 -4717197.4396 4087248.4709 -0.0032 0.0007 -0.0027 -0.0022 0.0006 -0.0025
3 udstate : ns=20
3 udpos : tt=1.000
3 pos var too high for accel term: 0.1047
3 udbias  : tt=1.000 ns=20
3 after udstate x=-1276971.7921 -4717197.4389 4087248.4682 -0.0053 0.0013 -0.0052 -0.0022 0.0006 -0.0025
3 rover: dt=0.005
3 zdres: n=24 rr=-1276971.79 -4717197.44 4087248.47
3 unhealthy satellite: sat=7 svh=3f
3 y=
        0.000   1642804.248         0.000   1642812.779   1642802.039   1642800.192         0.000   1642805.897   1642781.971   1642810.509   1642818.022   1642834.830   1642815.819   1642813.584   1642811.832         0.000   1642825.181   1642798.151   1642796.160   1642796.320   1642805.289   1642796.772   1642798.392   1642802.769
        0.000   1642794.712         0.000   1642813.104   1642800.005         0.000         0.000   1642805.976   1642784.862         0.000   1642813.254   1642827.062   1642811.485         0.000   1642811.036         0.000   1642814.672         0.000         0.000         0.000         0.000         0.000         0.000         0.000
        0.000   1642802.178         0.000   1642807.409   1642802.618   1642800.926         0.000   1642804.620   1642806.225   1642813.465   1642816.669   1642819.767   1642814.606   1642808.941   1642813.428         0.000   1642814.985   1642798.997   1642797.748   1642798.606   1642799.025   1642800.567   1642800.646   1642800.001
        0.000   1642798.806         0.000   1642805.632   1642799.584         0.000         0.000   1642801.316   1642802.487         0.000   1642812.529   1642813.633   1642811.467         0.000   1642809.656         0.000   1642814.120         0.000         0.000         0.000         0.000         0.000         0.000         0.000
3 ddres   : dt=0.0050 ns=20
3 sat=  9-  4 L1 v=       -0.002 R= 0.000037  0.000042 lock= 0 x=-26.929 P=92.253
3 sat=  9-  8 L1 v=       -0.003 R= 0.000037  0.000092 lock= 0 x=-8.257 P=92.659
3 sat=  9- 16 L1 v=        0.004 R= 0.000037  0.000063 lock= 0 x=-52.346 P=92.980
3 sat=  9- 27 L1 v=        0.003 R= 0.000037  0.000067 lock= 0 x=-41.140 P=92.539
3 sat=  9- 30 L1 v=       -0.001 R= 0.000037  0.000250 lock= 0 x=-142.474 P=96.502
3 sat=  9-  4 P1 v=       -0.304 R= 3.334799  3.794016 lock= 0 x=-26.929 P=92.253
3 sat=  9-  8 P1 v=       -0.849 R= 3.334799  8.260450 lock= 0 x=-8.257 P=92.659
3 sat=  9- 16 P1 v=       -0.450 R= 3.334799  5.678140 lock= 0 x=-52.346 P=92.980
3 sat=  9- 27 P1 v=        0.102 R= 3.334799  6.026450 lock= 0 x=-41.140 P=92.539
3 sat=  9- 30 P1 v=       -1.538 R= 3.334799 22.464934 lock= 0 x=-142.474 P=96.502
3 sat= 39- 38 L1 v=        0.004 R= 0.000091  0.000122 lock= 0 x=-63.549 P=93.236
3 sat= 39- 40 L1 v=       -0.002 R= 0.000091  0.000390 lock= 0 x=88.608 P=93.959
3 sat= 39- 41 L1 v=        0.005 R= 0.000091  0.000092 lock= 0 x=-50.671 P=92.546
3 sat= 39- 42 L1 v=       -0.002 R= 0.000091  0.000338 lock= 0 x=-12.657 P=93.299
3 sat= 39- 48 L1 v=        0.004 R= 0.000091  0.000133 lock= 0 x=-47.084 P=92.897
3 sat= 39- 50 L1 v=        0.008 R= 0.000091  0.000635 lock= 0 x=32.582 P=93.970
3 sat= 39- 40 L2 v=       -0.000 R= 0.000091  0.000390 lock= 0 x=27.243 P=130.998
3 sat= 39- 41 L2 v=        0.004 R= 0.000091  0.000092 lock= 0 x=-75.577 P=129.799
3 sat= 39- 48 L2 v=        0.002 R= 0.000091  0.000133 lock= 0 x=-54.710 P=129.782
3 sat= 39- 50 L2 v=        0.001 R= 0.000091  0.000635 lock= 0 x=-29.176 P=130.376
3 sat= 39- 38 P1 v=        1.203 R= 8.226004 10.960050 lock= 0 x=-63.549 P=93.236
3 sat= 39- 40 P1 v=       -1.862 R= 8.226004 35.109630 lock= 0 x=88.608 P=93.959
3 sat= 39- 41 P1 v=        1.921 R= 8.226004  8.264393 lock= 0 x=-50.671 P=92.546
3 sat= 39- 42 P1 v=        2.006 R= 8.226004 30.404216 lock= 0 x=-12.657 P=93.299
3 sat= 39- 48 P1 v=        1.323 R= 8.226004 11.956790 lock= 0 x=-47.084 P=92.897
3 sat= 39- 50 P1 v=        2.027 R= 8.226004 57.132691 lock= 0 x=32.582 P=93.970
3 sat= 39- 40 P2 v=       -0.144 R= 8.226004 35.109630 lock= 0 x=27.243 P=130.998
3 sat= 39- 41 P2 v=       -0.166 R= 8.226004  8.264393 lock= 0 x=-75.577 P=129.799
3 sat= 39- 48 P2 v=       -0.882 R= 8.226004 11.956790 lock= 0 x=-54.710 P=129.782
3 sat= 39- 50 P2 v=       -0.775 R= 8.226004 57.132691 lock= 0 x=-29.176 P=130.376
3 sat= 60- 63 L1 v=       -0.001 R= 0.000036  0.000039 lock= 0 x=-61.644 P=84.814
3 sat= 60- 68 L1 v=       -0.002 R= 0.000036  0.000167 lock= 0 x=-30.568 P=87.395
3 sat= 60- 73 L1 v=       -0.001 R= 0.000036  0.000105 lock= 0 x=-10.577 P=86.039
3 sat= 60- 78 L1 v=       -0.000 R= 0.000036  0.000060 lock= 0 x=-15.335 P=85.431
3 sat= 60- 80 L1 v=        0.002 R= 0.000036  0.000060 lock= 0 x=-73.494 P=85.752
3 sat= 60- 90 L1 v=        0.000 R= 0.000036  0.000095 lock= 0 x=-35.444 P=85.959
3 sat= 60- 63 P1 v=        0.093 R= 3.271709  3.469635 lock= 0 x=-61.644 P=84.814
3 sat= 60- 68 P1 v=        0.593 R= 3.271709 15.053822 lock= 0 x=-30.568 P=87.395
3 sat= 60- 73 P1 v=        1.194 R= 3.271709  9.446687 lock= 0 x=-10.577 P=86.039
3 sat= 60- 78 P1 v=       -0.869 R= 3.271709  5.404197 lock= 0 x=-15.335 P=85.431
3 sat= 60- 80 P1 v=       -0.362 R= 3.271709  5.425451 lock= 0 x=-73.494 P=85.752
3 sat= 60- 90 P1 v=        1.305 R= 3.271709  8.554760 lock= 0 x=-35.444 P=85.959
3 before filter x=-1276971.7921 -4717197.4389 4087248.4682 -0.0053 0.0013 -0.0052 -0.0022 0.0006 -0.0025
3 after filter x=-1276971.7906 -4717197.4152 4087248.4682 -0.0009 0.0017 -0.0017 0.0001 0.0008 -0.0007
3 posvar=0.099712 
3 zdres: n=24 rr=-1276971.79 -4717197.42 4087248.47
3 unhealthy satellite: sat=7 svh=3f
3 y=
        0.000   1642804.225         0.000   1642812.758   1642802.024   1642800.186         0.000   1642805.881   1642781.973   1642810.487   1642818.011   1642834.838   1642815.809   1642813.578   1642811.827         0.000   1642825.176   1642798.135   1642796.146   1642796.327   1642805.268   1642796.748   1642798.385   1642802.757
        0.000   1642794.689         0.000   1642813.082   1642799.989         0.000         0.000   1642805.959   1642784.863         0.000   1642813.242   1642827.070   1642811.475         0.000   1642811.031         0.000   1642814.666         0.000         0.000         0.000         0.000         0.000         0.000         0.000
        0.000   1642802.155         0.000   1642807.388   1642802.603   1642800.920         0.000   1642804.603   1642806.227   1642813.443   1642816.657   1642819.776   1642814.595   1642808.935   1642813.423         0.000   1642814.979   1642798.981   1642797.734   1642798.613   1642799.004   1642800.544   1642800.639   1642799.989
        0.000   1642798.783         0.000   1642805.611   1642799.569         0.000         0.000   1642801.299   1642802.489         0.000   1642812.517   1642813.642   1642811.456         0.000   1642809.651         0.000   1642814.114         0.000         0.000         0.000         0.000         0.000         0.000         0.000
3 ddres   : dt=0.0050 ns=20
3 sat=  9-  4 L1 v=       -0.002 R= 0.000037  0.000042 lock= 0 x=-26.958 P=92.243
3 sat=  9-  8 L1 v=       -0.002 R= 0.000037  0.000092 lock= 0 x=-8.279 P=92.629
3 sat=  9- 16 L1 v=        0.002 R= 0.000037  0.000063 lock= 0 x=-52.300 P=92.935
3 sat=  9- 27 L1 v=        0.001 R= 0.000037  0.000067 lock= 0 x=-41.144 P=92.520
3 sat=  9- 30 L1 v=        0.001 R= 0.000037  0.000250 lock= 0 x=-142.366 P=96.323
3 sat=  9-  4 P1 v=       -0.296 R= 3.334799  3.794016 lock= 0 x=-26.958 P=92.243
3 sat=  9-  8 P1 v=       -0.842 R= 3.334799  8.260450 lock= 0 x=-8.279 P=92.629
3 sat=  9- 16 P1 v=       -0.459 R= 3.334799  5.678140 lock= 0 x=-52.300 P=92.935
3 sat=  9- 27 P1 v=        0.103 R= 3.334799  6.026450 lock= 0 x=-41.144 P=92.520
3 sat=  9- 30 P1 v=       -1.555 R= 3.334799 22.464934 lock= 0 x=-142.366 P=96.323
3 sat= 39- 38 L1 v=        0.005 R= 0.000091  0.000122 lock= 0 x=-63.626 P=93.173
3 sat= 39- 40 L1 v=       -0.003 R= 0.000091  0.000390 lock= 0 x=88.690 P=93.898
3 sat= 39- 41 L1 v=        0.004 R= 0.000091  0.000092 lock= 0 x=-50.687 P=92.519
3 sat= 39- 42 L1 v=        0.000 R= 0.000091  0.000338 lock= 0 x=-12.635 P=93.229
3 sat= 39- 48 L1 v=        0.001 R= 0.000091  0.000133 lock= 0 x=-47.084 P=92.861
3 sat= 39- 50 L1 v=        0.005 R= 0.000091  0.000635 lock= 0 x=32.577 P=93.892
3 sat= 39- 40 L2 v=       -0.001 R= 0.000091  0.000390 lock= 0 x=27.300 P=130.963
3 sat= 39- 41 L2 v=        0.004 R= 0.000091  0.000092 lock= 0 x=-75.595 P=129.782
3 sat= 39- 48 L2 v=       -0.001 R= 0.000091  0.000133 lock= 0 x=-54.716 P=129.771
3 sat= 39- 50 L2 v=       -0.002 R= 0.000091  0.000635 lock= 0 x=-29.184 P=130.335
3 sat= 39- 38 P1 v=        1.214 R= 8.226004 10.960050 lock= 0 x=-63.626 P=93.173
3 sat= 39- 40 P1 v=       -1.882 R= 8.226004 35.109630 lock= 0 x=88.690 P=93.898
3 sat= 39- 41 P1 v=        1.919 R= 8.226004  8.264393 lock= 0 x=-50.687 P=92.519
3 sat= 39- 42 P1 v=        2.000 R= 8.226004 30.404216 lock= 0 x=-12.635 P=93.229
3 sat= 39- 48 P1 v=        1.317 R= 8.226004 11.956790 lock= 0 x=-47.084 P=92.861
3 sat= 39- 50 P1 v=        2.021 R= 8.226004 57.132691 lock= 0 x=32.577 P=93.892
3 sat= 39- 40 P2 v=       -0.164 R= 8.226004 35.109630 lock= 0 x=27.300 P=130.963
3 sat= 39- 41 P2 v=       -0.168 R= 8.226004  8.264393 lock= 0 x=-75.595 P=129.782
3 sat= 39- 48 P2 v=       -0.888 R= 8.226004 11.956790 lock= 0 x=-54.716 P=129.771
3 sat= 39- 50 P2 v=       -0.781 R= 8.226004 57.132691 lock= 0 x=-29.184 P=130.335
3 sat= 60- 63 L1 v=       -0.001 R= 0.000036  0.000039 lock= 0 x=-61.646 P=84.804
3 sat= 60- 68 L1 v=       -0.002 R= 0.000036  0.000167 lock= 0 x=-30.458 P=87.275
3 sat= 60- 73 L1 v=       -0.000 R= 0.000036  0.000105 lock= 0 x=-10.616 P=85.976
3 sat= 60- 78 L1 v=        0.000 R= 0.000036  0.000060 lock= 0 x=-15.384 P=85.395
3 sat= 60- 80 L1 v=        0.000 R= 0.000036  0.000060 lock= 0 x=-73.469 P=85.702
3 sat= 60- 90 L1 v=        0.002 R= 0.000036  0.000095 lock= 0 x=-35.424 P=85.896
3 sat= 60- 63 P1 v=        0.090 R= 3.271709  3.469635 lock= 0 x=-61.646 P=84.804
3 sat= 60- 68 P1 v=        0.570 R= 3.271709 15.053822 lock= 0 x=-30.458 P=87.275
3 sat= 60- 73 P1 v=        1.198 R= 3.271709  9.446687 lock= 0 x=-10.616 P=85.976
3 sat= 60- 78 P1 v=       -0.862 R= 3.271709  5.404197 lock= 0 x=-15.384 P=85.395
3 sat= 60- 80 P1 v=       -0.372 R= 3.271709  5.425451 lock= 0 x=-73.469 P=85.702
3 sat= 60- 90 P1 v=        1.300 R= 3.271709  8.554760 lock= 0 x=-35.424 P=85.896
3 valpos  : nv=42 thres=4.0
3 posvar=0.099712
3 prevRatios = 0.000 0.000
3 refSats=       4       4       4       4       4      38      38      38      38      38      38      39      39      39      39      60      60      60      60      60      60
3 fixSats=       8       9      16      27      30      39      40      41      42      48      50      40      41      48      50      63      68      73      78      80      90
3 N(0)=       -18.68   41.49   25.34   14.19  115.41  -52.28 -152.32  -12.94  -50.99  -16.54  -96.20  -68.62   34.28   13.40  -12.14    9.11  -22.08  -41.92  -37.16   20.93  -17.12
3 Qb*1000=   741.0728 737.9758 1595.9214 697.3996 6046.5424 1211.1024 4988.2333 1409.5521 2626.8995 2708.9812 3601.9036 1621.4912 11.3728 949.7450 2492.4629 104.5665 4037.2660 2259.1681 1250.5173 1456.3140 2394.1912
3 N(1)=       -18.00   40.00   22.00   13.00  113.00  -55.00 -158.00  -16.00  -53.00  -21.00 -100.00  -71.00   34.00   12.00  -13.00    9.00  -25.00  -40.00  -35.00   19.00  -16.00
3 N(2)=       -18.00   40.00   22.00   13.00  113.00  -55.00 -158.00  -16.00  -53.00  -21.00  -99.00  -71.00   34.00   12.00  -13.00    9.00  -25.00  -40.00  -35.00   19.00  -16.00
3 resamb : validation ok (nb=21 ratio=3.77 thresh=3.00 s=864.11/228.91
3 restamb :
3 lambda: nb=21 r1= 0.000 r2=0.000 r=3.775
3 zdres: n=24 rr=-1276971.65 -4717196.86 4087248.82
3 unhealthy satellite: sat=7 svh=3f
3 y=
        0.000   1642803.783         0.000   1642812.198   1642801.866   1642800.385         0.000   1642805.670   1642782.004   1642809.884   1642817.919   1642835.288   1642815.786   1642813.365   1642812.068         0.000   1642825.263   1642797.945   1642795.980   1642796.694   1642804.708   1642796.156   1642798.571   1642802.356
        0.000   1642794.246         0.000   1642812.523   1642799.832         0.000         0.000   1642805.748   1642784.894         0.000   1642813.150   1642827.519   1642811.452         0.000   1642811.272         0.000   1642814.754         0.000         0.000         0.000         0.000         0.000         0.000         0.000
        0.000   1642801.713         0.000   1642806.828   1642802.445   1642801.119         0.000   1642804.392   1642806.258   1642812.840   1642816.565   1642820.225   1642814.572   1642808.723   1642813.664         0.000   1642815.067   1642798.791   1642797.568   1642798.979   1642798.444   1642799.951   1642800.825   1642799.588
        0.000   1642798.341         0.000   1642805.051   1642799.411         0.000         0.000   1642801.088   1642802.520         0.000   1642812.425   1642814.091   1642811.433         0.000   1642809.892         0.000   1642814.202         0.000         0.000         0.000         0.000         0.000         0.000         0.000
3 ddres   : dt=0.0050 ns=20
3 sat=  9-  4 L1 v=       -0.001 R= 0.000037  0.000042 lock= 0 x=-26.958 P=92.243
3 sat=  9-  8 L1 v=       -0.014 R= 0.000037  0.000092 lock= 0 x=-8.958 P=92.629
3 sat=  9- 16 L1 v=       -0.003 R= 0.000037  0.000063 lock= 0 x=-48.958 P=92.935
3 sat=  9- 27 L1 v=       -0.004 R= 0.000037  0.000067 lock= 0 x=-39.958 P=92.520
3 sat=  9- 30 L1 v=       -0.014 R= 0.000037  0.000250 lock= 0 x=-139.958 P=96.323
3 sat=  9-  4 P1 v=       -0.011 R= 3.334799  3.794016 lock= 0 x=-26.958 P=92.243
3 sat=  9-  8 P1 v=       -0.440 R= 3.334799  8.260452 lock= 0 x=-8.958 P=92.629
3 sat=  9- 16 P1 v=       -0.815 R= 3.334799  5.678139 lock= 0 x=-48.958 P=92.935
3 sat=  9- 27 P1 v=        0.157 R= 3.334799  6.026450 lock= 0 x=-39.958 P=92.520
3 sat=  9- 30 P1 v=       -1.743 R= 3.334799 22.464930 lock= 0 x=-139.958 P=96.323
3 sat= 39- 38 L1 v=        0.007 R= 0.000091  0.000122 lock= 0 x=-63.626 P=93.173
3 sat= 39- 40 L1 v=        0.009 R= 0.000091  0.000390 lock= 0 x=94.374 P=93.898
3 sat= 39- 41 L1 v=        0.001 R= 0.000091  0.000092 lock= 0 x=-47.626 P=92.519
3 sat= 39- 42 L1 v=       -0.010 R= 0.000091  0.000338 lock= 0 x=-10.626 P=93.229
3 sat= 39- 48 L1 v=       -0.006 R= 0.000091  0.000133 lock= 0 x=-42.626 P=92.861
3 sat= 39- 50 L1 v=        0.029 R= 0.000091  0.000635 lock= 0 x=36.374 P=93.892
3 sat= 39- 40 L2 v=        0.029 R= 0.000091  0.000390 lock= 0 x=29.680 P=130.963
3 sat= 39- 41 L2 v=        0.001 R= 0.000091  0.000092 lock= 0 x=-75.320 P=129.782
3 sat= 39- 48 L2 v=        0.002 R= 0.000091  0.000133 lock= 0 x=-53.320 P=129.771
3 sat= 39- 50 L2 v=        0.026 R= 0.000091  0.000635 lock= 0 x=-28.320 P=130.335
3 sat= 39- 38 P1 v=        1.725 R= 8.226003 10.960052 lock= 0 x=-63.626 P=93.173
3 sat= 39- 40 P1 v=       -2.424 R= 8.226003 35.109612 lock= 0 x=94.374 P=93.898
3 sat= 39- 41 P1 v=        1.850 R= 8.226003  8.264393 lock= 0 x=-47.626 P=92.519
3 sat= 39- 42 P1 v=        2.120 R= 8.226003 30.404218 lock= 0 x=-10.626 P=93.229
3 sat= 39- 48 P1 v=        0.983 R= 8.226003 11.956788 lock= 0 x=-42.626 P=92.861
3 sat= 39- 50 P1 v=        1.841 R= 8.226003 57.132677 lock= 0 x=36.374 P=93.892
3 sat= 39- 40 P2 v=       -0.706 R= 8.226003 35.109612 lock= 0 x=29.680 P=130.963
3 sat= 39- 41 P2 v=       -0.237 R= 8.226003  8.264393 lock= 0 x=-75.320 P=129.782
3 sat= 39- 48 P2 v=       -1.222 R= 8.226003 11.956788 lock= 0 x=-53.320 P=129.771
3 sat= 39- 50 P2 v=       -0.961 R= 8.226003 57.132677 lock= 0 x=-28.320 P=130.335
3 sat= 60- 63 L1 v=       -0.005 R= 0.000036  0.000039 lock= 0 x=-61.539 P=84.804
3 sat= 60- 68 L1 v=       -0.003 R= 0.000036  0.000167 lock= 0 x=-27.539 P=87.275
3 sat= 60- 73 L1 v=        0.003 R= 0.000036  0.000105 lock= 0 x=-12.539 P=85.976
3 sat= 60- 78 L1 v=       -0.007 R= 0.000036  0.000060 lock= 0 x=-17.539 P=85.395
3 sat= 60- 80 L1 v=       -0.008 R= 0.000036  0.000060 lock= 0 x=-71.539 P=85.702
3 sat= 60- 90 L1 v=        0.001 R= 0.000036  0.000095 lock= 0 x=-36.539 P=85.896
3 sat= 60- 63 P1 v=        0.066 R= 3.271709  3.469635 lock= 0 x=-61.539 P=84.804
3 sat= 60- 68 P1 v=        0.013 R= 3.271709 15.053816 lock= 0 x=-27.539 P=87.275
3 sat= 60- 73 P1 v=        1.568 R= 3.271709  9.446690 lock= 0 x=-12.539 P=85.976
3 sat= 60- 78 P1 v=       -0.460 R= 3.271709  5.404198 lock= 0 x=-17.539 P=85.395
3 sat= 60- 80 P1 v=       -0.747 R= 3.271709  5.425450 lock= 0 x=-71.539 P=85.702
3 sat= 60- 90 P1 v=        1.511 R= 3.271709  8.554761 lock= 0 x=-36.539 P=85.896
3 valpos  : nv=42 thres=4.0
3 sol_rr=    -1276971.647    -4717196.855     4087248.822          -0.001           0.002          -0.002
1 
---------------------------------------------------------
1 relpos: dt=0.005 nu=24 nr=26
1 ---------------------------------------------------------
3 satposs  : teph= 2020/12/24 22:08:34.005 n=24 ephopt=0
3 satposs  : teph= 2020/12/24 22:08:34.000 n=26 ephopt=0
3 base station:
3 zdres: n=26 rr=-1283433.94 -4713073.29 4090105.09
3 sat= 4 rs=   -12372.312 -24842097.368   9330278.154 dts=-0.0001671608 az= 141.9 el= 59.6
3 unhealthy satellite: sat=7 svh=3f
3 sat= 8 rs=  5093854.710 -25893991.707   -835444.572 dts=-0.0000040918 az= 143.5 el= 29.5
3 sat= 9 rs= -9312202.781 -17135543.513  17955273.378 dts=-0.0003052095 az= 288.7 el= 76.5
3 sat=16 rs=  9921832.919 -11024508.606  21783562.241 dts=-0.0002551589 az=  47.3 el= 39.1
3 sat=27 rs= 12302709.738 -20679141.573  10688432.692 dts=-0.0000418404 az=  98.5 el= 37.2
3 sat=30 rs=-24320100.115  -1724622.284  10844078.674 dts=-0.0003578176 az= 277.7 el= 16.3
3 sat=38 rs= -8302496.327 -23985665.222   2369924.953 dts= 0.0001897532 az= 186.7 el= 44.9
3 sat=39 rs=-12400702.503 -13666345.964  17616191.229 dts=-0.0000419300 az= 289.0 el= 63.2
3 sat=40 rs=-10330816.775   3818736.851  23055005.007 dts=-0.0000564558 az= 329.0 el= 20.0
3 sat=41 rs=-11197536.493 -12554042.821  19216101.601 dts= 0.0000148842 az= 303.7 el= 62.8
3 sat=42 rs=-23298323.399  -8581258.481   5670123.862 dts=-0.0000649858 az= 256.3 el= 21.7
3 sat=48 rs=  7087264.132  -9564933.213  22551751.768 dts=-0.0000094939 az=  36.8 el= 41.4
3 sat=50 rs= 19293760.334 -11450297.993  12110720.492 dts= 0.0000607964 az=  75.9 el= 15.1
3 sat=60 rs= -8781301.197 -20446940.488  19516981.135 dts=-0.0010103687 az= 283.4 el= 82.1
3 sat=63 rs=-13414734.263 -18117879.161  19178375.568 dts=-0.0006747670 az= 278.0 el= 69.5
3 sat=68 rs=-16813322.412   4243117.861  23983571.843 dts= 0.0058217661 az= 316.3 el= 20.4
3 sat=73 rs=  6528765.929 -28197439.492  -2346011.646 dts=-0.0012706425 az= 143.0 el= 27.0
3 sat=78 rs=  -570852.207 -29566172.550   1234814.845 dts= 0.0001612760 az= 157.6 el= 40.8
3 sat=80 rs= 11125201.351 -12464069.687  24436570.732 dts=-0.0006390823 az=  47.5 el= 40.7
3 sat=90 rs=-24348213.679 -16590125.106   2813649.967 dts=-0.0004767740 az= 237.3 el= 28.9
3 y=
        0.000         8.872         0.000        13.854        14.568         9.657         0.000        13.230         8.582        17.058        14.774        12.925        19.949        10.598        15.286         0.000        13.726         0.000        10.840        10.584         4.830         0.000         9.999         2.385        15.073        12.211
        0.000         0.000         0.000         0.000         0.000         0.000         0.000         0.000         0.000         0.000        23.990        21.345        30.503         0.000        25.023         0.000        22.520         0.000         0.000         0.000         0.000         0.000         0.000         0.000         0.000         0.000
        0.000         2.216         0.000         6.769         2.957         0.818         0.000         4.962         4.961         8.540        10.443        11.800        10.254         4.754         8.644         0.000        10.628         0.000         1.105        -0.051         1.284         0.000         2.356         1.766         2.339         3.338
        0.000         0.000         0.000         0.000         0.000         0.000         0.000         0.000         0.000         0.000        13.747        14.676        12.516         0.000        10.141         0.000        14.892         0.000         0.000         0.000         0.000         0.000         0.000         0.000         0.000         0.000
3 selsat  : nu=24 nr=26
3 before udstate: x=-1276971.7906 -4717197.4152 4087248.4682 -0.0009 0.0017 -0.0017 0.0001 0.0008 -0.0007
3 udstate : ns=20
3 udpos : tt=1.000
3 udbias  : tt=1.000 ns=20
3 after udstate x=-1276971.7915 -4717197.4130 4087248.4662 -0.0009 0.0025 -0.0024 0.0001 0.0008 -0.0007
3 rover: dt=0.005
3 zdres: n=24 rr=-1276971.79 -4717197.41 4087248.47
3 unhealthy satellite: sat=7 svh=3f
3 y=
        0.000   1642886.632         0.000   1642895.169   1642884.431   1642882.592         0.000   1642888.288   1642864.385   1642892.893   1642900.418   1642917.254   1642898.216   1642895.992   1642894.231         0.000   1642907.586   1642880.541   1642878.555   1642878.737   1642887.677   1642879.158   1642880.791   1642885.169
        0.000   1642877.096         0.000   1642895.494   1642882.397         0.000         0.000   1642888.369   1642867.275         0.000   1642895.649   1642909.488   1642893.882         0.000   1642893.432         0.000   1642897.075         0.000         0.000         0.000         0.000         0.000         0.000         0.000
        0.000   1642884.529         0.000   1642889.785   1642884.991   1642883.309         0.000   1642887.001   1642888.649   1642895.828   1642899.182   1642902.241   1642897.168   1642891.394   1642895.878         0.000   1642897.432   1642881.100   1642880.145   1642880.927   1642881.529   1642882.970   1642883.013   1642882.488
        0.000   1642881.158         0.000   1642887.970   1642881.915         0.000         0.000   1642883.773   1642884.827         0.000   1642894.985   1642895.913   1642893.831         0.000   1642892.019         0.000   1642896.488         0.000         0.000         0.000         0.000         0.000         0.000         0.000
3 ddres   : dt=0.0050 ns=20
3 sat=  9-  4 L1 v=       -0.001 R= 0.000037  0.000042 lock= 1 x=-26.988 P=92.243
3 sat=  9-  8 L1 v=       -0.001 R= 0.000037  0.000092 lock= 1 x=-8.309 P=92.629
3 sat=  9- 16 L1 v=        0.002 R= 0.000037  0.000063 lock= 1 x=-52.330 P=92.935
3 sat=  9- 27 L1 v=        0.002 R= 0.000037  0.000067 lock= 1 x=-41.174 P=92.520
3 sat=  9- 30 L1 v=       -0.005 R= 0.000037  0.000249 lock= 1 x=-142.395 P=96.323
3 sat=  9-  4 P1 v=       -0.279 R= 3.334717  3.794372 lock= 1 x=-26.988 P=92.243
3 sat=  9-  8 P1 v=       -0.982 R= 3.334717  8.257695 lock= 1 x=-8.309 P=92.629
3 sat=  9- 16 P1 v=       -0.457 R= 3.334717  5.679386 lock= 1 x=-52.330 P=92.935
3 sat=  9- 27 P1 v=       -0.004 R= 3.334717  6.025829 lock= 1 x=-41.174 P=92.520
3 sat=  9- 30 P1 v=       -1.654 R= 3.334717 22.452024 lock= 1 x=-142.395 P=96.323
3 sat= 39- 38 L1 v=        0.005 R= 0.000091  0.000122 lock= 1 x=-63.655 P=93.173
3 sat= 39- 40 L1 v=       -0.003 R= 0.000091  0.000390 lock= 1 x=88.660 P=93.898
3 sat= 39- 41 L1 v=        0.004 R= 0.000091  0.000092 lock= 1 x=-50.717 P=92.519
3 sat= 39- 42 L1 v=       -0.001 R= 0.000091  0.000338 lock= 1 x=-12.665 P=93.229
3 sat= 39- 48 L1 v=        0.004 R= 0.000091  0.000133 lock= 1 x=-47.114 P=92.861
3 sat= 39- 50 L1 v=        0.006 R= 0.000091  0.000634 lock= 1 x=32.547 P=93.892
3 sat= 39- 40 L2 v=       -0.005 R= 0.000091  0.000390 lock= 1 x=27.842 P=130.963
3 sat= 39- 41 L2 v=        0.003 R= 0.000091  0.000092 lock= 1 x=-75.053 P=129.782
3 sat= 39- 48 L2 v=        0.005 R= 0.000091  0.000133 lock= 1 x=-54.174 P=129.771
3 sat= 39- 50 L2 v=       -0.001 R= 0.000091  0.000634 lock= 1 x=-28.642 P=130.335
3 sat= 39- 38 P1 v=        1.451 R= 8.225758 10.962547 lock= 1 x=-63.655 P=93.173
3 sat= 39- 40 P1 v=       -1.702 R= 8.225758 35.087382 lock= 1 x=88.660 P=93.898
3 sat= 39- 41 P1 v=        1.826 R= 8.225758  8.264245 lock= 1 x=-50.717 P=92.519
3 sat= 39- 42 P1 v=        2.100 R= 8.225758 30.391068 lock= 1 x=-12.665 P=93.229
3 sat= 39- 48 P1 v=        1.507 R= 8.225758 11.959005 lock= 1 x=-47.114 P=92.861
3 sat= 39- 50 P1 v=        1.936 R= 8.225758 57.104332 lock= 1 x=32.547 P=93.892
3 sat= 39- 40 P2 v=        0.001 R= 8.225758 35.087382 lock= 1 x=27.842 P=130.963
3 sat= 39- 41 P2 v=       -0.076 R= 8.225758  8.264245 lock= 1 x=-75.053 P=129.782
3 sat= 39- 48 P2 v=       -0.638 R= 8.225758 11.959005 lock= 1 x=-54.174 P=129.771
3 sat= 39- 50 P2 v=       -0.357 R= 8.225758 57.104332 lock= 1 x=-28.642 P=130.335
3 sat= 60- 63 L1 v=       -0.003 R= 0.000036  0.000039 lock= 1 x=-61.676 P=84.804
3 sat= 60- 68 L1 v=       -0.005 R= 0.000036  0.000167 lock= 1 x=-30.488 P=87.275
3 sat= 60- 73 L1 v=        0.001 R= 0.000036  0.000105 lock= 1 x=-10.646 P=85.976
3 sat= 60- 78 L1 v=       -0.002 R= 0.000036  0.000060 lock= 1 x=-15.414 P=85.395
3 sat= 60- 80 L1 v=        0.000 R= 0.000036  0.000060 lock= 1 x=-73.499 P=85.702
3 sat= 60- 90 L1 v=       -0.000 R= 0.000036  0.000095 lock= 1 x=-35.454 P=85.896
3 sat= 60- 63 P1 v=       -0.201 R= 3.271695  3.469582 lock= 1 x=-61.676 P=84.804
3 sat= 60- 68 P1 v=        0.352 R= 3.271695 15.047395 lock= 1 x=-30.488 P=87.275
3 sat= 60- 73 P1 v=        0.821 R= 3.271695  9.444037 lock= 1 x=-10.646 P=85.976
3 sat= 60- 78 P1 v=       -1.210 R= 3.271695  5.405185 lock= 1 x=-15.414 P=85.395
3 sat= 60- 80 P1 v=       -0.679 R= 3.271695  5.426293 lock= 1 x=-73.499 P=85.702
3 sat= 60- 90 P1 v=        0.845 R= 3.271695  8.552617 lock= 1 x=-35.454 P=85.896
3 before filter x=-1276971.7915 -4717197.4130 4087248.4662 -0.0009 0.0025 -0.0024 0.0001 0.0008 -0.0007
3 after filter x=-1276971.7880 -4717197.4065 4087248.4786 0.0021 -0.0008 -0.0001 0.0018 -0.0011 0.0006
3 posvar=0.095056 
3 zdres: n=24 rr=-1276971.79 -4717197.41 4087248.48
3 unhealthy satellite: sat=7 svh=3f
3 y=
        0.000   1642886.629         0.000   1642895.161   1642884.434   1642882.602         0.000   1642888.290   1642864.386   1642892.885   1642900.422   1642917.266   1642898.221   1642895.989   1642894.242         0.000   1642907.592   1642880.544   1642878.557   1642878.747   1642887.669   1642879.150   1642880.801   1642885.162
        0.000   1642877.093         0.000   1642895.486   1642882.401         0.000         0.000   1642888.370   1642867.276         0.000   1642895.652   1642909.499   1642893.887         0.000   1642893.443         0.000   1642897.080         0.000         0.000         0.000         0.000         0.000         0.000         0.000
        0.000   1642884.526         0.000   1642889.777   1642884.994   1642883.319         0.000   1642887.002   1642888.650   1642895.820   1642899.186   1642902.253   1642897.173   1642891.390   1642895.888         0.000   1642897.437   1642881.102   1642880.147   1642880.936   1642881.521   1642882.962   1642883.023   1642882.481
        0.000   1642881.155         0.000   1642887.962   1642881.918         0.000         0.000   1642883.774   1642884.828         0.000   1642894.989   1642895.925   1642893.836         0.000   1642892.029         0.000   1642896.493         0.000         0.000         0.000         0.000         0.000         0.000         0.000
3 ddres   : dt=0.0050 ns=20
3 sat=  9-  4 L1 v=       -0.002 R= 0.000037  0.000042 lock= 1 x=-27.003 P=92.234
3 sat=  9-  8 L1 v=       -0.002 R= 0.000037  0.000092 lock= 1 x=-8.347 P=92.600
3 sat=  9- 16 L1 v=        0.000 R= 0.000037  0.000063 lock= 1 x=-52.279 P=92.893
3 sat=  9- 27 L1 v=       -0.000 R= 0.000037  0.000067 lock= 1 x=-41.171 P=92.502
3 sat=  9- 30 L1 v=       -0.001 R= 0.000037  0.000249 lock= 1 x=-142.365 P=96.155
3 sat=  9-  4 P1 v=       -0.273 R= 3.334717  3.794372 lock= 1 x=-27.003 P=92.234
3 sat=  9-  8 P1 v=       -0.971 R= 3.334717  8.257695 lock= 1 x=-8.347 P=92.600
3 sat=  9- 16 P1 v=       -0.463 R= 3.334717  5.679386 lock= 1 x=-52.279 P=92.893
3 sat=  9- 27 P1 v=       -0.002 R= 3.334717  6.025829 lock= 1 x=-41.171 P=92.502
3 sat=  9- 30 P1 v=       -1.652 R= 3.334717 22.452024 lock= 1 x=-142.365 P=96.155
3 sat= 39- 38 L1 v=        0.005 R= 0.000091  0.000122 lock= 1 x=-63.723 P=93.114
3 sat= 39- 40 L1 v=       -0.002 R= 0.000091  0.000390 lock= 1 x=88.710 P=93.840
3 sat= 39- 41 L1 v=        0.004 R= 0.000091  0.000092 lock= 1 x=-50.711 P=92.494
3 sat= 39- 42 L1 v=        0.001 R= 0.000091  0.000338 lock= 1 x=-12.691 P=93.163
3 sat= 39- 48 L1 v=        0.002 R= 0.000091  0.000133 lock= 1 x=-47.086 P=92.827
3 sat= 39- 50 L1 v=        0.003 R= 0.000091  0.000634 lock= 1 x=32.544 P=93.820
3 sat= 39- 40 L2 v=       -0.003 R= 0.000091  0.000390 lock= 1 x=27.870 P=130.930
3 sat= 39- 41 L2 v=        0.003 R= 0.000091  0.000092 lock= 1 x=-75.059 P=129.766
3 sat= 39- 48 L2 v=        0.003 R= 0.000091  0.000133 lock= 1 x=-54.163 P=129.760
3 sat= 39- 50 L2 v=       -0.003 R= 0.000091  0.000634 lock= 1 x=-28.654 P=130.296
3 sat= 39- 38 P1 v=        1.463 R= 8.225758 10.962547 lock= 1 x=-63.723 P=93.114
3 sat= 39- 40 P1 v=       -1.710 R= 8.225758 35.087382 lock= 1 x=88.710 P=93.840
3 sat= 39- 41 P1 v=        1.824 R= 8.225758  8.264245 lock= 1 x=-50.711 P=92.494
3 sat= 39- 42 P1 v=        2.107 R= 8.225758 30.391068 lock= 1 x=-12.691 P=93.163
3 sat= 39- 48 P1 v=        1.499 R= 8.225758 11.959005 lock= 1 x=-47.086 P=92.827
3 sat= 39- 50 P1 v=        1.934 R= 8.225758 57.104332 lock= 1 x=32.544 P=93.820
3 sat= 39- 40 P2 v=       -0.007 R= 8.225758 35.087382 lock= 1 x=27.870 P=130.930
3 sat= 39- 41 P2 v=       -0.078 R= 8.225758  8.264245 lock= 1 x=-75.059 P=129.766
3 sat= 39- 48 P2 v=       -0.646 R= 8.225758 11.959005 lock= 1 x=-54.163 P=129.760
3 sat= 39- 50 P2 v=       -0.359 R= 8.225758 57.104332 lock= 1 x=-28.654 P=130.296
3 sat= 60- 63 L1 v=       -0.002 R= 0.000036  0.000039 lock= 1 x=-61.666 P=84.795
3 sat= 60- 68 L1 v=       -0.002 R= 0.000036  0.000167 lock= 1 x=-30.430 P=87.162
3 sat= 60- 73 L1 v=        0.001 R= 0.000036  0.000105 lock= 1 x=-10.698 P=85.917
3 sat= 60- 78 L1 v=       -0.002 R= 0.000036  0.000060 lock= 1 x=-15.463 P=85.362
3 sat= 60- 80 L1 v=       -0.001 R= 0.000036  0.000060 lock= 1 x=-73.460 P=85.656
3 sat= 60- 90 L1 v=        0.003 R= 0.000036  0.000095 lock= 1 x=-35.482 P=85.837
3 sat= 60- 63 P1 v=       -0.201 R= 3.271695  3.469582 lock= 1 x=-61.666 P=84.795
3 sat= 60- 68 P1 v=        0.345 R= 3.271695 15.047395 lock= 1 x=-30.430 P=87.162
3 sat= 60- 73 P1 v=        0.832 R= 3.271695  9.444037 lock= 1 x=-10.698 P=85.917
3 sat= 60- 78 P1 v=       -1.199 R= 3.271695  5.405185 lock= 1 x=-15.463 P=85.362
3 sat= 60- 80 P1 v=       -0.686 R= 3.271695  5.426293 lock= 1 x=-73.460 P=85.656
3 sat= 60- 90 P1 v=        0.854 R= 3.271695  8.552617 lock= 1 x=-35.482 P=85.837
3 valpos  : nv=42 thres=4.0
3 posvar=0.095056
3 prevRatios = 3.775 3.775
3 refSats=       4       4       4       4       4      38      38      38      38      38      38      39      39      39      39      60      60      60      60      60      60
3 fixSats=       8       9      16      27      30      39      40      41      42      48      50      40      41      48      50      63      68      73      78      80      90
3 N(0)=       -18.66   41.46   25.28   14.17  115.36  -52.35 -152.43  -13.01  -51.03  -16.64  -96.27  -68.66   34.27   13.37  -12.13    9.10  -22.13  -41.86  -37.10   20.90  -17.08
3 Qb*1000=   702.3024 709.7426 1522.3563 667.3310 5803.9691 1154.7352 4770.9253 1342.9969 2523.4884 2579.4035 3445.4790 1546.8258 10.8964 912.1586 2391.2447 100.6096 3858.6533 2151.5582 1190.5599 1393.9435 2277.1114
3 N(1)=       -18.00   40.00   22.00   13.00  113.00  -55.00 -158.00  -16.00  -53.00  -21.00 -100.00  -71.00   34.00   12.00  -13.00    9.00  -25.00  -40.00  -35.00   19.00  -16.00
3 N(2)=       -18.00   40.00   22.00   13.00  113.00  -55.00 -158.00  -16.00  -53.00  -21.00  -99.00  -71.00   34.00   12.00  -13.00    9.00  -25.00  -40.00  -35.00   19.00  -16.00
3 resamb : validation ok (nb=21 ratio=3.82 thresh=3.00 s=907.47/237.65
3 restamb :
3 lambda: nb=21 r1= 3.775 r2=3.775 r=3.819
3 zdres: n=24 rr=-1276971.65 -4717196.86 4087248.82
3 unhealthy satellite: sat=7 svh=3f
3 y=
        0.000   1642886.192         0.000   1642894.612   1642884.275   1642882.794         0.000   1642888.081   1642864.414   1642892.292   1642900.327   1642917.703   1642898.194   1642895.778   1642894.475         0.000   1642907.677   1642880.354   1642878.390   1642879.103   1642887.120   1642878.568   1642880.980   1642884.767
        0.000   1642876.656         0.000   1642894.936   1642882.242         0.000         0.000   1642888.161   1642867.304         0.000   1642895.557   1642909.936   1642893.860         0.000   1642893.676         0.000   1642897.166         0.000         0.000         0.000         0.000         0.000         0.000         0.000
        0.000   1642884.089         0.000   1642889.228   1642884.835   1642883.511         0.000   1642886.793   1642888.678   1642895.227   1642899.091   1642902.690   1642897.146   1642891.180   1642896.122         0.000   1642897.523   1642880.912   1642879.980   1642881.293   1642880.972   1642882.380   1642883.202   1642882.086
        0.000   1642880.718         0.000   1642887.413   1642881.759         0.000         0.000   1642883.565   1642884.856         0.000   1642894.894   1642896.362   1642893.809         0.000   1642892.263         0.000   1642896.579         0.000         0.000         0.000         0.000         0.000         0.000         0.000
3 ddres   : dt=0.0050 ns=20
3 sat=  9-  4 L1 v=       -0.002 R= 0.000037  0.000042 lock= 1 x=-27.003 P=92.234
3 sat=  9-  8 L1 v=       -0.013 R= 0.000037  0.000092 lock= 1 x=-9.003 P=92.600
3 sat=  9- 16 L1 v=       -0.004 R= 0.000037  0.000063 lock= 1 x=-49.003 P=92.893
3 sat=  9- 27 L1 v=       -0.005 R= 0.000037  0.000067 lock= 1 x=-40.003 P=92.502
3 sat=  9- 30 L1 v=       -0.016 R= 0.000037  0.000249 lock= 1 x=-140.003 P=96.155
3 sat=  9-  4 P1 v=        0.005 R= 3.334717  3.794372 lock= 1 x=-27.003 P=92.234
3 sat=  9-  8 P1 v=       -0.580 R= 3.334717  8.257697 lock= 1 x=-9.003 P=92.600
3 sat=  9- 16 P1 v=       -0.814 R= 3.334717  5.679385 lock= 1 x=-49.003 P=92.893
3 sat=  9- 27 P1 v=        0.048 R= 3.334717  6.025829 lock= 1 x=-40.003 P=92.502
3 sat=  9- 30 P1 v=       -1.839 R= 3.334717 22.452020 lock= 1 x=-140.003 P=96.155
3 sat= 39- 38 L1 v=        0.007 R= 0.000091  0.000122 lock= 1 x=-63.723 P=93.114
3 sat= 39- 40 L1 v=        0.010 R= 0.000091  0.000390 lock= 1 x=94.277 P=93.840
3 sat= 39- 41 L1 v=        0.000 R= 0.000091  0.000092 lock= 1 x=-47.723 P=92.494
3 sat= 39- 42 L1 v=       -0.009 R= 0.000091  0.000338 lock= 1 x=-10.723 P=93.163
3 sat= 39- 48 L1 v=       -0.005 R= 0.000091  0.000133 lock= 1 x=-42.723 P=92.827
3 sat= 39- 50 L1 v=        0.027 R= 0.000091  0.000634 lock= 1 x=36.277 P=93.820
3 sat= 39- 40 L2 v=        0.027 R= 0.000091  0.000390 lock= 1 x=30.211 P=130.930
3 sat= 39- 41 L2 v=       -0.000 R= 0.000091  0.000092 lock= 1 x=-74.789 P=129.766
3 sat= 39- 48 L2 v=        0.006 R= 0.000091  0.000133 lock= 1 x=-52.789 P=129.760
3 sat= 39- 50 L2 v=        0.025 R= 0.000091  0.000634 lock= 1 x=-27.789 P=130.296
3 sat= 39- 38 P1 v=        1.961 R= 8.225757 10.962548 lock= 1 x=-63.723 P=93.114
3 sat= 39- 40 P1 v=       -2.242 R= 8.225757 35.087364 lock= 1 x=94.277 P=93.840
3 sat= 39- 41 P1 v=        1.756 R= 8.225757  8.264245 lock= 1 x=-47.723 P=92.494
3 sat= 39- 42 P1 v=        2.223 R= 8.225757 30.391070 lock= 1 x=-10.723 P=93.163
3 sat= 39- 48 P1 v=        1.171 R= 8.225757 11.959003 lock= 1 x=-42.723 P=92.827
3 sat= 39- 50 P1 v=        1.754 R= 8.225757 57.104319 lock= 1 x=36.277 P=93.820
3 sat= 39- 40 P2 v=       -0.539 R= 8.225757 35.087364 lock= 1 x=30.211 P=130.930
3 sat= 39- 41 P2 v=       -0.146 R= 8.225757  8.264245 lock= 1 x=-74.789 P=129.766
3 sat= 39- 48 P2 v=       -0.974 R= 8.225757 11.959003 lock= 1 x=-52.789 P=129.760
3 sat= 39- 50 P2 v=       -0.539 R= 8.225757 57.104319 lock= 1 x=-27.789 P=130.296
3 sat= 60- 63 L1 v=       -0.006 R= 0.000036  0.000039 lock= 1 x=-61.562 P=84.795
3 sat= 60- 68 L1 v=       -0.003 R= 0.000036  0.000167 lock= 1 x=-27.562 P=87.162
3 sat= 60- 73 L1 v=        0.005 R= 0.000036  0.000105 lock= 1 x=-12.562 P=85.917
3 sat= 60- 78 L1 v=       -0.010 R= 0.000036  0.000060 lock= 1 x=-17.562 P=85.362
3 sat= 60- 80 L1 v=       -0.009 R= 0.000036  0.000060 lock= 1 x=-71.562 P=85.656
3 sat= 60- 90 L1 v=        0.002 R= 0.000036  0.000095 lock= 1 x=-36.562 P=85.837
3 sat= 60- 63 P1 v=       -0.225 R= 3.271695  3.469582 lock= 1 x=-61.562 P=84.795
3 sat= 60- 68 P1 v=       -0.202 R= 3.271695 15.047389 lock= 1 x=-27.562 P=87.162
3 sat= 60- 73 P1 v=        1.190 R= 3.271695  9.444040 lock= 1 x=-12.562 P=85.917
3 sat= 60- 78 P1 v=       -0.808 R= 3.271695  5.405186 lock= 1 x=-17.562 P=85.362
3 sat= 60- 80 P1 v=       -1.056 R= 3.271695  5.426293 lock= 1 x=-71.562 P=85.656
3 sat= 60- 90 P1 v=        1.059 R= 3.271695  8.552619 lock= 1 x=-36.562 P=85.837
3 valpos  : nv=42 thres=4.0
3 sol_rr=    -1276971.646    -4717196.856     4087248.822           0.002          -0.001          -0.000
1 
---------------------------------------------------------
1 relpos: dt=0.005 nu=24 nr=26
1 ---------------------------------------------------------
3 satposs  : teph= 2020/12/24 22:08:35.005 n=24 ephopt=0
3 satposs  : teph= 2020/12/24 22:08:35.000 n=26 ephopt=0
3 base station:
3 zdres: n=26 rr=-1283433.94 -4713073.29 4090105.09
3 sat= 4 rs=   -11808.388 -24843173.107   9327408.919 dts=-0.0001671608 az= 141.9 el= 59.6
3 unhealthy satellite: sat=7 svh=3f
3 sat= 8 rs=  5094153.960 -25894036.600   -832235.914 dts=-0.0000040918 az= 143.5 el= 29.5
3 sat= 9 rs= -9311540.147 -17137749.026  17953516.354 dts=-0.0003052095 az= 288.7 el= 76.5
3 sat=16 rs=  9923729.624 -11022422.611  21783796.599 dts=-0.0002551589 az=  47.3 el= 39.1
3 sat=27 rs= 12302616.238 -20677735.689  10691255.285 dts=-0.0000418404 az=  98.5 el= 37.2
3 sat=30 rs=-24318854.177  -1725255.405  10846761.282 dts=-0.0003578176 az= 277.7 el= 16.3
3 sat=38 rs= -8302721.804 -23985939.119   2366382.057 dts= 0.0001897532 az= 186.7 el= 44.9
3 sat=39 rs=-12401432.424 -13668642.184  17613887.684 dts=-0.0000419300 az= 289.0 el= 63.2
3 sat=40 rs=-10331633.748   3815701.438  23055139.704 dts=-0.0000564558 az= 329.0 el= 20.0
3 sat=41 rs=-11195009.187 -12553336.138  19218031.149 dts= 0.0000148842 az= 303.7 el= 62.8
3 sat=42 rs=-23297603.398  -8580924.412   5673588.417 dts=-0.0000649858 az= 256.3 el= 21.7
3 sat=48 rs=  7090279.144  -9564252.776  22551105.549 dts=-0.0000094939 az=  36.8 el= 41.4
3 sat=50 rs= 19292439.983 -11449273.499  12113801.863 dts= 0.0000607964 az=  75.9 el= 15.1
3 sat=60 rs= -8779653.750 -20445878.665  19518835.744 dts=-0.0010103687 az= 283.5 el= 82.1
3 sat=63 rs=-13414736.284 -18119802.761  19176556.947 dts=-0.0006747670 az= 278.0 el= 69.5
3 sat=68 rs=-16813303.853   4240711.829  23984011.350 dts= 0.0058217661 az= 316.3 el= 20.4
3 sat=73 rs=  6528855.493 -28197047.846  -2343209.853 dts=-0.0012706425 az= 143.0 el= 27.0
3 sat=78 rs=  -570903.471 -29566297.121   1231812.879 dts= 0.0001612760 az= 157.6 el= 40.8
3 sat=80 rs= 11127318.632 -12462832.597  24436238.347 dts=-0.0006390823 az=  47.5 el= 40.7
3 sat=90 rs=-24348028.792 -16589884.522   2816677.970 dts=-0.0004767740 az= 237.3 el= 29.0
3 y=
        0.000         8.812         0.000        13.797        14.509         9.596         0.000        13.171         8.522        16.998        14.718        12.871        19.893        10.542        15.229         0.000        13.665         0.000        10.781        10.524         4.770         0.000         9.940         2.326        15.014        12.153
        0.000         0.000         0.000         0.000         0.000         0.000         0.000         0.000         0.000         0.000        23.934        21.293        30.446         0.000        24.962         0.000        22.459         0.000         0.000         0.000         0.000         0.000         0.000         0.000         0.000         0.000
        0.000         2.186         0.000         6.775         2.884         0.745         0.000         4.946         5.026         8.539        10.386        11.891        10.186         4.894         8.601         0.000        10.438         0.000         1.043        -0.111         1.329         0.000         2.334         1.623         2.260         3.269
        0.000         0.000         0.000         0.000         0.000         0.000         0.000         0.000         0.000         0.000        13.645        14.525        12.480         0.000        10.206         0.000        14.984         0.000         0.000         0.000         0.000         0.000         0.000         0.000         0.000         0.000
3 selsat  : nu=24 nr=26
3 before udstate: x=-1276971.7880 -4717197.4065 4087248.4786 0.0021 -0.0008 -0.0001 0.0018 -0.0011 0.0006
3 udstate : ns=20
3 udpos : tt=1.000
3 udbias  : tt=1.000 ns=20
3 after udstate x=-1276971.7850 -4717197.4079 4087248.4788 0.0039 -0.0020 0.0005 0.0018 -0.0011 0.0006
3 rover: dt=0.005
3 zdres: n=24 rr=-1276971.79 -4717197.41 4087248.48
3 unhealthy satellite: sat=7 svh=3f
3 y=
        0.000   1642969.002         0.000   1642977.537   1642966.805   1642964.975         0.000   1642970.664   1642946.755   1642975.258   1642982.796   1642999.639   1642980.593   1642978.360   1642976.614         0.000   1642989.963   1642962.915   1642960.927   1642961.116   1642970.042   1642961.520   1642963.173   1642967.535
        0.000   1642959.466         0.000   1642977.862   1642964.773         0.000         0.000   1642970.741   1642949.642         0.000   1642978.026   1642991.872   1642976.261         0.000   1642975.819         0.000   1642979.453         0.000         0.000         0.000         0.000         0.000         0.000         0.000
        0.000   1642966.917         0.000   1642972.025   1642967.337   1642965.666         0.000   1642969.517   1642971.076   1642978.214   1642981.618   1642984.794   1642979.561   1642973.942   1642978.249         0.000   1642979.832   1642963.451   1642962.511   1642963.451   1642963.999   1642965.367   1642965.539   1642964.990
        0.000   1642963.566         0.000   1642970.302   1642964.274         0.000         0.000   1642966.041   1642967.124         0.000   1642977.385   1642978.142   1642976.150         0.000   1642974.438         0.000   1642978.944         0.000         0.000         0.000         0.000         0.000         0.000         0.000
3 ddres   : dt=0.0050 ns=20
3 sat=  9-  4 L1 v=       -0.005 R= 0.000037  0.000042 lock= 2 x=-27.135 P=92.234
3 sat=  9-  8 L1 v=       -0.006 R= 0.000037  0.000092 lock= 2 x=-8.480 P=92.600
3 sat=  9- 16 L1 v=       -0.003 R= 0.000037  0.000063 lock= 2 x=-52.411 P=92.893
3 sat=  9- 27 L1 v=       -0.004 R= 0.000037  0.000067 lock= 2 x=-41.303 P=92.502
3 sat=  9- 30 L1 v=       -0.000 R= 0.000037  0.000249 lock= 2 x=-142.497 P=96.155
3 sat=  9-  4 P1 v=       -0.279 R= 3.334634  3.794727 lock= 2 x=-27.135 P=92.234
3 sat=  9-  8 P1 v=       -0.797 R= 3.334634  8.254941 lock= 2 x=-8.480 P=92.600
3 sat=  9- 16 P1 v=       -0.469 R= 3.334634  5.680633 lock= 2 x=-52.411 P=92.893
3 sat=  9- 27 P1 v=       -0.118 R= 3.334634  6.025208 lock= 2 x=-41.303 P=92.502
3 sat=  9- 30 P1 v=       -1.598 R= 3.334634 22.439126 lock= 2 x=-142.497 P=96.155
3 sat= 39- 38 L1 v=        0.000 R= 0.000091  0.000122 lock= 2 x=-63.855 P=93.114
3 sat= 39- 40 L1 v=        0.000 R= 0.000091  0.000390 lock= 2 x=88.577 P=93.840
3 sat= 39- 41 L1 v=        0.006 R= 0.000091  0.000092 lock= 2 x=-50.843 P=92.494
3 sat= 39- 42 L1 v=        0.003 R= 0.000091  0.000338 lock= 2 x=-12.823 P=93.163
3 sat= 39- 48 L1 v=        0.003 R= 0.000091  0.000133 lock= 2 x=-47.218 P=92.827
3 sat= 39- 50 L1 v=        0.000 R= 0.000091  0.000634 lock= 2 x=32.412 P=93.820
3 sat= 39- 40 L2 v=        0.000 R= 0.000091  0.000390 lock= 2 x=28.064 P=130.930
3 sat= 39- 41 L2 v=        0.002 R= 0.000091  0.000092 lock= 2 x=-74.865 P=129.766
3 sat= 39- 48 L2 v=       -0.005 R= 0.000091  0.000133 lock= 2 x=-53.969 P=129.760
3 sat= 39- 50 L2 v=       -0.007 R= 0.000091  0.000634 lock= 2 x=-28.460 P=130.296
3 sat= 39- 38 P1 v=        1.556 R= 8.225512 10.965045 lock= 2 x=-63.855 P=93.114
3 sat= 39- 40 P1 v=       -1.672 R= 8.225512 35.065160 lock= 2 x=88.577 P=93.840
3 sat= 39- 41 P1 v=        1.857 R= 8.225512  8.264098 lock= 2 x=-50.843 P=92.494
3 sat= 39- 42 P1 v=        2.184 R= 8.225512 30.377930 lock= 2 x=-12.823 P=93.163
3 sat= 39- 48 P1 v=        1.584 R= 8.225512 11.961221 lock= 2 x=-47.218 P=92.827
3 sat= 39- 50 P1 v=        1.837 R= 8.225512 57.076003 lock= 2 x=32.412 P=93.820
3 sat= 39- 40 P2 v=        0.122 R= 8.225512 35.065160 lock= 2 x=28.064 P=130.930
3 sat= 39- 41 P2 v=        0.070 R= 8.225512  8.264098 lock= 2 x=-74.865 P=129.766
3 sat= 39- 48 P2 v=       -0.492 R= 8.225512 11.961221 lock= 2 x=-53.969 P=129.760
3 sat= 39- 50 P2 v=       -0.221 R= 8.225512 57.076003 lock= 2 x=-28.460 P=130.296
3 sat= 60- 63 L1 v=       -0.001 R= 0.000036  0.000039 lock= 2 x=-61.798 P=84.795
3 sat= 60- 68 L1 v=        0.000 R= 0.000036  0.000167 lock= 2 x=-30.562 P=87.162
3 sat= 60- 73 L1 v=       -0.002 R= 0.000036  0.000105 lock= 2 x=-10.830 P=85.917
3 sat= 60- 78 L1 v=       -0.000 R= 0.000036  0.000060 lock= 2 x=-15.595 P=85.362
3 sat= 60- 80 L1 v=       -0.002 R= 0.000036  0.000060 lock= 2 x=-73.593 P=85.656
3 sat= 60- 90 L1 v=        0.002 R= 0.000036  0.000095 lock= 2 x=-35.614 P=85.837
3 sat= 60- 63 P1 v=       -0.214 R= 3.271681  3.469529 lock= 2 x=-61.798 P=84.795
3 sat= 60- 68 P1 v=        0.286 R= 3.271681 15.040973 lock= 2 x=-30.562 P=87.162
3 sat= 60- 73 P1 v=        0.743 R= 3.271681  9.441389 lock= 2 x=-10.830 P=85.917
3 sat= 60- 78 P1 v=       -1.336 R= 3.271681  5.406172 lock= 2 x=-15.595 P=85.362
3 sat= 60- 80 P1 v=       -0.871 R= 3.271681  5.427136 lock= 2 x=-73.593 P=85.656
3 sat= 60- 90 P1 v=        0.687 R= 3.271681  8.550476 lock= 2 x=-35.614 P=85.837
3 before filter x=-1276971.7850 -4717197.4079 4087248.4788 0.0039 -0.0020 0.0005 0.0018 -0.0011 0.0006
3 after filter x=-1276971.7896 -4717197.4063 4087248.4885 -0.0008 -0.0013 0.0024 -0.0021 -0.0006 0.0021
3 posvar=0.090697 
3 zdres: n=24 rr=-1276971.79 -4717197.41 4087248.49
3 unhealthy satellite: sat=7 svh=3f
3 y=
        0.000   1642969.002         0.000   1642977.532   1642966.812   1642964.980         0.000   1642970.663   1642946.762   1642975.258   1642982.804   1642999.649   1642980.602   1642978.365   1642976.620         0.000   1642989.962   1642962.922   1642960.935   1642961.127   1642970.037   1642961.518   1642963.179   1642967.538
        0.000   1642959.466         0.000   1642977.858   1642964.780         0.000         0.000   1642970.740   1642949.650         0.000   1642978.034   1642991.883   1642976.270         0.000   1642975.825         0.000   1642979.452         0.000         0.000         0.000         0.000         0.000         0.000         0.000
        0.000   1642966.918         0.000   1642972.020   1642967.344   1642965.671         0.000   1642969.515   1642971.084   1642978.214   1642981.627   1642984.805   1642979.570   1642973.947   1642978.255         0.000   1642979.831   1642963.457   1642962.519   1642963.462   1642963.994   1642965.364   1642965.544   1642964.993
        0.000   1642963.567         0.000   1642970.297   1642964.281         0.000         0.000   1642966.039   1642967.132         0.000   1642977.394   1642978.153   1642976.159         0.000   1642974.444         0.000   1642978.943         0.000         0.000         0.000         0.000         0.000         0.000         0.000
3 ddres   : dt=0.0050 ns=20
3 sat=  9-  4 L1 v=       -0.003 R= 0.000037  0.000042 lock= 2 x=-27.140 P=92.225
3 sat=  9-  8 L1 v=       -0.003 R= 0.000037  0.000092 lock= 2 x=-8.508 P=92.573
3 sat=  9- 16 L1 v=       -0.001 R= 0.000037  0.000063 lock= 2 x=-52.391 P=92.854
3 sat=  9- 27 L1 v=       -0.001 R= 0.000037  0.000067 lock= 2 x=-41.310 P=92.486
3 sat=  9- 30 L1 v=       -0.002 R= 0.000037  0.000249 lock= 2 x=-142.484 P=95.997
3 sat=  9-  4 P1 v=       -0.272 R= 3.334634  3.794727 lock= 2 x=-27.140 P=92.225
3 sat=  9-  8 P1 v=       -0.785 R= 3.334634  8.254941 lock= 2 x=-8.508 P=92.573
3 sat=  9- 16 P1 v=       -0.467 R= 3.334634  5.680633 lock= 2 x=-52.391 P=92.854
3 sat=  9- 27 P1 v=       -0.110 R= 3.334634  6.025208 lock= 2 x=-41.310 P=92.486
3 sat=  9- 30 P1 v=       -1.598 R= 3.334634 22.439126 lock= 2 x=-142.484 P=95.997
3 sat= 39- 38 L1 v=        0.002 R= 0.000091  0.000122 lock= 2 x=-63.885 P=93.058
3 sat= 39- 40 L1 v=        0.000 R= 0.000091  0.000390 lock= 2 x=88.599 P=93.786
3 sat= 39- 41 L1 v=        0.006 R= 0.000091  0.000092 lock= 2 x=-50.830 P=92.471
3 sat= 39- 42 L1 v=        0.002 R= 0.000091  0.000338 lock= 2 x=-12.835 P=93.101
3 sat= 39- 48 L1 v=        0.005 R= 0.000091  0.000133 lock= 2 x=-47.207 P=92.795
3 sat= 39- 50 L1 v=        0.005 R= 0.000091  0.000634 lock= 2 x=32.392 P=93.751
3 sat= 39- 40 L2 v=        0.000 R= 0.000091  0.000390 lock= 2 x=28.075 P=130.899
3 sat= 39- 41 L2 v=        0.002 R= 0.000091  0.000092 lock= 2 x=-74.860 P=129.751
3 sat= 39- 48 L2 v=       -0.002 R= 0.000091  0.000133 lock= 2 x=-53.965 P=129.751
3 sat= 39- 50 L2 v=       -0.002 R= 0.000091  0.000634 lock= 2 x=-28.480 P=130.261
3 sat= 39- 38 P1 v=        1.565 R= 8.225512 10.965045 lock= 2 x=-63.885 P=93.058
3 sat= 39- 40 P1 v=       -1.674 R= 8.225512 35.065160 lock= 2 x=88.599 P=93.786
3 sat= 39- 41 P1 v=        1.856 R= 8.225512  8.264098 lock= 2 x=-50.830 P=92.471
3 sat= 39- 42 P1 v=        2.187 R= 8.225512 30.377930 lock= 2 x=-12.835 P=93.101
3 sat= 39- 48 P1 v=        1.586 R= 8.225512 11.961221 lock= 2 x=-47.207 P=92.795
3 sat= 39- 50 P1 v=        1.847 R= 8.225512 57.076003 lock= 2 x=32.392 P=93.751
3 sat= 39- 40 P2 v=        0.120 R= 8.225512 35.065160 lock= 2 x=28.075 P=130.899
3 sat= 39- 41 P2 v=        0.069 R= 8.225512  8.264098 lock= 2 x=-74.860 P=129.751
3 sat= 39- 48 P2 v=       -0.490 R= 8.225512 11.961221 lock= 2 x=-53.965 P=129.751
3 sat= 39- 50 P2 v=       -0.211 R= 8.225512 57.076003 lock= 2 x=-28.480 P=130.261
3 sat= 60- 63 L1 v=       -0.002 R= 0.000036  0.000039 lock= 2 x=-61.786 P=84.786
3 sat= 60- 68 L1 v=       -0.001 R= 0.000036  0.000167 lock= 2 x=-30.540 P=87.056
3 sat= 60- 73 L1 v=        0.001 R= 0.000036  0.000105 lock= 2 x=-10.870 P=85.861
3 sat= 60- 78 L1 v=        0.002 R= 0.000036  0.000060 lock= 2 x=-15.626 P=85.330
3 sat= 60- 80 L1 v=       -0.000 R= 0.000036  0.000060 lock= 2 x=-73.582 P=85.612
3 sat= 60- 90 L1 v=        0.001 R= 0.000036  0.000095 lock= 2 x=-35.630 P=85.781
3 sat= 60- 63 P1 v=       -0.215 R= 3.271681  3.469529 lock= 2 x=-61.786 P=84.786
3 sat= 60- 68 P1 v=        0.282 R= 3.271681 15.040973 lock= 2 x=-30.540 P=87.056
3 sat= 60- 73 P1 v=        0.755 R= 3.271681  9.441389 lock= 2 x=-10.870 P=85.861
3 sat= 60- 78 P1 v=       -1.327 R= 3.271681  5.406172 lock= 2 x=-15.626 P=85.330
3 sat= 60- 80 P1 v=       -0.869 R= 3.271681  5.427136 lock= 2 x=-73.582 P=85.612
3 sat= 60- 90 P1 v=        0.691 R= 3.271681  8.550476 lock= 2 x=-35.630 P=85.781
3 valpos  : nv=42 thres=4.0
3 posvar=0.090697
3 prevRatios = 3.819 3.819
3 refSats=       4       4       4       4       4      38      38      38      38      38      38      39      39      39      39      60      60      60      60      60      60
3 fixSats=       8       9      16      27      30      39      40      41      42      48      50      40      41      48      50      63      68      73      78      80      90
3 N(0)=       -18.63   41.43   25.25   14.17  115.34  -52.39 -152.48  -13.06  -51.05  -16.68  -96.28  -68.67   34.27   13.37  -12.11    9.10  -22.14  -41.81  -37.06   20.90  -17.06
3 Qb*1000=   666.1403 683.2889 1453.3002 639.1428 5576.1240 1102.0331 4566.8175 1280.7504 2426.3190 2457.9578 3298.7242 1476.7594 10.4490 876.8887 2296.4773 96.8926 3690.9915 2051.1533 1134.5922 1335.4459 2167.6013
3 N(1)=       -18.00   40.00   22.00   13.00  113.00  -55.00 -158.00  -16.00  -53.00  -21.00 -100.00  -71.00   34.00   12.00  -13.00    9.00  -25.00  -40.00  -35.00   19.00  -16.00
3 N(2)=       -18.00   40.00   22.00   13.00  113.00  -55.00 -158.00  -16.00  -53.00  -21.00  -99.00  -71.00   34.00   12.00  -13.00    9.00  -25.00  -40.00  -35.00   19.00  -16.00
3 resamb : validation ok (nb=21 ratio=3.86 thresh=3.00 s=950.15/246.10
3 restamb :
3 lambda: nb=21 r1= 3.819 r2=3.819 r=3.861
3 zdres: n=24 rr=-1276971.65 -4717196.86 4087248.82
3 unhealthy satellite: sat=7 svh=3f
3 y=
        0.000   1642968.565         0.000   1642976.986   1642966.647   1642965.166         0.000   1642970.453   1642946.786   1642974.666   1642982.703   1643000.078   1642980.569   1642978.153   1642976.847         0.000   1642990.046   1642962.726   1642960.763   1642961.475   1642969.492   1642960.938   1642963.352   1642967.142
        0.000   1642959.029         0.000   1642977.312   1642964.615         0.000         0.000   1642970.531   1642949.674         0.000   1642977.933   1642992.312   1642976.236         0.000   1642976.052         0.000   1642979.536         0.000         0.000         0.000         0.000         0.000         0.000         0.000
        0.000   1642966.480         0.000   1642971.474   1642967.180   1642965.858         0.000   1642969.306   1642971.108   1642977.622   1642981.525   1642985.234   1642979.536   1642973.734   1642978.482         0.000   1642979.916   1642963.262   1642962.347   1642963.810   1642963.449   1642964.785   1642965.717   1642964.598
        0.000   1642963.129         0.000   1642969.751   1642964.117         0.000         0.000   1642965.830   1642967.156         0.000   1642977.292   1642978.582   1642976.125         0.000   1642974.671         0.000   1642979.028         0.000         0.000         0.000         0.000         0.000         0.000         0.000
3 ddres   : dt=0.0050 ns=20
3 sat=  9-  4 L1 v=       -0.002 R= 0.000037  0.000042 lock= 2 x=-27.140 P=92.225
3 sat=  9-  8 L1 v=       -0.014 R= 0.000037  0.000092 lock= 2 x=-9.140 P=92.573
3 sat=  9- 16 L1 v=       -0.006 R= 0.000037  0.000063 lock= 2 x=-49.140 P=92.854
3 sat=  9- 27 L1 v=       -0.006 R= 0.000037  0.000067 lock= 2 x=-40.140 P=92.486
3 sat=  9- 30 L1 v=       -0.017 R= 0.000037  0.000249 lock= 2 x=-140.140 P=95.997
3 sat=  9-  4 P1 v=        0.001 R= 3.334634  3.794727 lock= 2 x=-27.140 P=92.225
3 sat=  9-  8 P1 v=       -0.404 R= 3.334634  8.254943 lock= 2 x=-9.140 P=92.573
3 sat=  9- 16 P1 v=       -0.818 R= 3.334634  5.680632 lock= 2 x=-49.140 P=92.854
3 sat=  9- 27 P1 v=       -0.065 R= 3.334634  6.025208 lock= 2 x=-40.140 P=92.486
3 sat=  9- 30 P1 v=       -1.786 R= 3.334634 22.439122 lock= 2 x=-140.140 P=95.997
3 sat= 39- 38 L1 v=        0.004 R= 0.000091  0.000122 lock= 2 x=-63.885 P=93.058
3 sat= 39- 40 L1 v=        0.012 R= 0.000091  0.000390 lock= 2 x=94.115 P=93.786
3 sat= 39- 41 L1 v=        0.002 R= 0.000091  0.000092 lock= 2 x=-47.885 P=92.471
3 sat= 39- 42 L1 v=       -0.008 R= 0.000091  0.000338 lock= 2 x=-10.885 P=93.101
3 sat= 39- 48 L1 v=       -0.002 R= 0.000091  0.000133 lock= 2 x=-42.885 P=92.795
3 sat= 39- 50 L1 v=        0.028 R= 0.000091  0.000634 lock= 2 x=36.115 P=93.751
3 sat= 39- 40 L2 v=        0.030 R= 0.000091  0.000390 lock= 2 x=30.408 P=130.899
3 sat= 39- 41 L2 v=       -0.001 R= 0.000091  0.000092 lock= 2 x=-74.592 P=129.751
3 sat= 39- 48 L2 v=        0.000 R= 0.000091  0.000133 lock= 2 x=-52.592 P=129.751
3 sat= 39- 50 L2 v=        0.025 R= 0.000091  0.000634 lock= 2 x=-27.592 P=130.261
3 sat= 39- 38 P1 v=        2.056 R= 8.225512 10.965046 lock= 2 x=-63.885 P=93.058
3 sat= 39- 40 P1 v=       -2.204 R= 8.225512 35.065142 lock= 2 x=94.115 P=93.786
3 sat= 39- 41 P1 v=        1.789 R= 8.225512  8.264098 lock= 2 x=-47.885 P=92.471
3 sat= 39- 42 P1 v=        2.299 R= 8.225512 30.377932 lock= 2 x=-10.885 P=93.101
3 sat= 39- 48 P1 v=        1.258 R= 8.225512 11.961219 lock= 2 x=-42.885 P=92.795
3 sat= 39- 50 P1 v=        1.661 R= 8.225512 57.075990 lock= 2 x=36.115 P=93.751
3 sat= 39- 40 P2 v=       -0.410 R= 8.225512 35.065142 lock= 2 x=30.408 P=130.899
3 sat= 39- 41 P2 v=        0.002 R= 8.225512  8.264098 lock= 2 x=-74.592 P=129.751
3 sat= 39- 48 P2 v=       -0.818 R= 8.225512 11.961219 lock= 2 x=-52.592 P=129.751
3 sat= 39- 50 P2 v=       -0.397 R= 8.225512 57.075990 lock= 2 x=-27.592 P=130.261
3 sat= 60- 63 L1 v=       -0.005 R= 0.000036  0.000039 lock= 2 x=-61.685 P=84.786
3 sat= 60- 68 L1 v=       -0.002 R= 0.000036  0.000167 lock= 2 x=-27.685 P=87.056
3 sat= 60- 73 L1 v=        0.005 R= 0.000036  0.000105 lock= 2 x=-12.685 P=85.861
3 sat= 60- 78 L1 v=       -0.006 R= 0.000036  0.000060 lock= 2 x=-17.685 P=85.330
3 sat= 60- 80 L1 v=       -0.008 R= 0.000036  0.000060 lock= 2 x=-71.685 P=85.612
3 sat= 60- 90 L1 v=        0.000 R= 0.000036  0.000095 lock= 2 x=-36.685 P=85.781
3 sat= 60- 63 P1 v=       -0.238 R= 3.271681  3.469529 lock= 2 x=-61.685 P=84.786
3 sat= 60- 68 P1 v=       -0.262 R= 3.271681 15.040967 lock= 2 x=-27.685 P=87.056
3 sat= 60- 73 P1 v=        1.104 R= 3.271681  9.441391 lock= 2 x=-12.685 P=85.861
3 sat= 60- 78 P1 v=       -0.943 R= 3.271681  5.406173 lock= 2 x=-17.685 P=85.330
3 sat= 60- 80 P1 v=       -1.238 R= 3.271681  5.427135 lock= 2 x=-71.685 P=85.612
3 sat= 60- 90 P1 v=        0.891 R= 3.271681  8.550477 lock= 2 x=-36.685 P=85.781
3 valpos  : nv=42 thres=4.0
3 sol_rr=    -1276971.645    -4717196.857     4087248.823          -0.001          -0.001           0.002
1 
---------------------------------------------------------
1 relpos: dt=0.005 nu=24 nr=26
1 ---------------------------------------------------------
3 satposs  : teph= 2020/12/24 22:08:36.005 n=24 ephopt=0
3 satposs  : teph= 2020/12/24 22:08:36.000 n=26 ephopt=0
3 base station:
3 zdres: n=26 rr=-1283433.94 -4713073.29 4090105.09
3 sat= 4 rs=   -11244.621 -24844248.531   9324539.485 dts=-0.0001671608 az= 141.9 el= 59.6
3 unhealthy satellite: sat=7 svh=3f
3 sat= 8 rs=  5094453.120 -25894081.114   -829027.238 dts=-0.0000040918 az= 143.5 el= 29.5
3 sat= 9 rs= -9310877.685 -17139954.360  17951758.946 dts=-0.0003052095 az= 288.6 el= 76.5
3 sat=16 rs=  9925626.471 -11020336.711  21784030.482 dts=-0.0002551589 az=  47.3 el= 39.1
3 sat=27 rs= 12302522.741 -20676329.451  10694077.645 dts=-0.0000418404 az=  98.5 el= 37.3
3 sat=30 rs=-24317607.950  -1725888.680  10849443.662 dts=-0.0003578176 az= 277.7 el= 16.3
3 sat=38 rs= -8302947.166 -23986212.533   2362839.105 dts= 0.0001897532 az= 186.7 el= 44.8
3 sat=39 rs=-12402162.447 -13670938.042  17611583.716 dts=-0.0000419300 az= 289.0 el= 63.2
3 sat=40 rs=-10332450.972   3812666.073  23055273.850 dts=-0.0000564558 az= 329.0 el= 20.0
3 sat=41 rs=-11192481.570 -12552629.590  19219960.238 dts= 0.0000148842 az= 303.8 el= 62.8
3 sat=42 rs=-23296882.911  -8580590.286   5677052.836 dts=-0.0000649858 az= 256.3 el= 21.7
3 sat=48 rs=  7093294.122  -9563572.600  22550458.787 dts=-0.0000094939 az=  36.8 el= 41.4
3 sat=50 rs= 19291119.420 -11448248.597  12116882.942 dts= 0.0000607964 az=  75.9 el= 15.1
3 sat=60 rs= -8778006.061 -20444816.877  19520690.053 dts=-0.0010103687 az= 283.5 el= 82.1
3 sat=63 rs=-13414738.451 -18121726.178  19174738.030 dts=-0.0006747670 az= 277.9 el= 69.5
3 sat=68 rs=-16813285.477   4238305.751  23984450.488 dts= 0.0058217661 az= 316.3 el= 20.4
3 sat=73 rs=  6528945.042 -28196655.904  -2340408.023 dts=-0.0012706425 az= 143.0 el= 27.0
3 sat=78 rs=  -570954.747 -29566421.387   1228810.894 dts= 0.0001612760 az= 157.6 el= 40.8
3 sat=80 rs= 11129435.983 -12461595.691  24435905.586 dts=-0.0006390823 az=  47.5 el= 40.7
3 sat=90 rs=-24347843.626 -16589643.797   2819705.930 dts=-0.0004767740 az= 237.3 el= 29.0
3 y=
        0.000         8.790         0.000        13.777        14.488         9.574         0.000        13.151         8.501        16.978        14.704        12.849        19.878        10.522        15.210         0.000        13.643         0.000        10.760        10.503         4.749         0.000         9.922         2.303        14.993        12.131
        0.000         0.000         0.000         0.000         0.000         0.000         0.000         0.000         0.000         0.000        23.920        21.269        30.432         0.000        24.947         0.000        22.439         0.000         0.000         0.000         0.000         0.000         0.000         0.000         0.000         0.000
        0.000         2.123         0.000         6.855         2.820         0.760         0.000         4.953         5.040         8.629        10.350        11.730        10.206         4.867         8.747         0.000        10.458         0.000         1.023        -0.174         1.254         0.000         2.183         1.579         2.232         3.277
        0.000         0.000         0.000         0.000         0.000         0.000         0.000         0.000         0.000         0.000        13.649        14.311        12.508         0.000        10.110         0.000        14.919         0.000         0.000         0.000         0.000         0.000         0.000         0.000         0.000         0.000
3 selsat  : nu=24 nr=26
3 before udstate: x=-1276971.7896 -4717197.4063 4087248.4885 -0.0008 -0.0013 0.0024 -0.0021 -0.0006 0.0021
3 udstate : ns=20
3 udpos : tt=1.000
3 udbias  : tt=1.000 ns=20
3 after udstate x=-1276971.7914 -4717197.4079 4087248.4919 -0.0028 -0.0019 0.0045 -0.0021 -0.0006 0.0021
3 rover: dt=0.005
3 zdres: n=24 rr=-1276971.79 -4717197.41 4087248.49
3 unhealthy satellite: sat=7 svh=3f
3 y=
        0.000   1643051.348         0.000   1643059.877   1643049.162   1643047.324         0.000   1643053.010   1643029.108   1643057.603   1643065.159   1643081.998   1643062.956   1643060.712   1643058.971         0.000   1643072.304   1643045.269   1643043.282   1643043.473   1643052.384   1643043.864   1643045.524   1643049.881
        0.000   1643041.811         0.000   1643060.203   1643047.129         0.000         0.000   1643053.086   1643031.997         0.000   1643060.388   1643074.229   1643058.623         0.000   1643058.176         0.000   1643061.797         0.000         0.000         0.000         0.000         0.000         0.000         0.000
        0.000   1643049.289         0.000   1643054.321   1643049.649   1643047.973         0.000   1643051.993   1643053.480   1643060.524   1643064.039   1643067.316   1643061.946   1643056.352   1643060.569         0.000   1643062.198   1643045.719   1643044.896   1643045.956   1643046.309   1643047.525   1643047.957   1643047.438
        0.000   1643045.857         0.000   1643052.682   1643046.567         0.000         0.000   1643048.414   1643049.420         0.000   1643059.770   1643060.416   1643058.472         0.000   1643056.740         0.000   1643061.398         0.000         0.000         0.000         0.000         0.000         0.000         0.000
3 ddres   : dt=0.0050 ns=20
3 sat=  9-  4 L1 v=        0.000 R= 0.000037  0.000042 lock= 3 x=-27.218 P=92.225
3 sat=  9-  8 L1 v=        0.003 R= 0.000037  0.000092 lock= 3 x=-8.586 P=92.573
3 sat=  9- 16 L1 v=        0.002 R= 0.000037  0.000063 lock= 3 x=-52.469 P=92.854
3 sat=  9- 27 L1 v=        0.003 R= 0.000037  0.000067 lock= 3 x=-41.389 P=92.486
3 sat=  9- 30 L1 v=        0.002 R= 0.000037  0.000249 lock= 3 x=-142.562 P=95.997
3 sat=  9-  4 P1 v=       -0.336 R= 3.334552  3.795083 lock= 3 x=-27.218 P=92.225
3 sat=  9-  8 P1 v=       -0.636 R= 3.334552  8.252190 lock= 3 x=-8.586 P=92.573
3 sat=  9- 16 P1 v=       -0.384 R= 3.334552  5.681881 lock= 3 x=-52.469 P=92.854
3 sat=  9- 27 P1 v=       -0.211 R= 3.334552  6.024588 lock= 3 x=-41.389 P=92.486
3 sat=  9- 30 P1 v=       -1.610 R= 3.334552 22.426239 lock= 3 x=-142.562 P=95.997
3 sat= 39- 38 L1 v=        0.005 R= 0.000091  0.000122 lock= 3 x=-63.964 P=93.058
3 sat= 39- 40 L1 v=       -0.001 R= 0.000091  0.000389 lock= 3 x=88.520 P=93.786
3 sat= 39- 41 L1 v=        0.006 R= 0.000091  0.000092 lock= 3 x=-50.909 P=92.471
3 sat= 39- 42 L1 v=        0.005 R= 0.000091  0.000337 lock= 3 x=-12.914 P=93.101
3 sat= 39- 48 L1 v=        0.004 R= 0.000091  0.000133 lock= 3 x=-47.286 P=92.795
3 sat= 39- 50 L1 v=        0.009 R= 0.000091  0.000634 lock= 3 x=32.314 P=93.751
3 sat= 39- 40 L2 v=       -0.002 R= 0.000091  0.000389 lock= 3 x=27.899 P=130.899
3 sat= 39- 41 L2 v=        0.003 R= 0.000091  0.000092 lock= 3 x=-75.036 P=129.751
3 sat= 39- 48 L2 v=       -0.001 R= 0.000091  0.000133 lock= 3 x=-54.141 P=129.751
3 sat= 39- 50 L2 v=        0.000 R= 0.000091  0.000634 lock= 3 x=-28.656 P=130.261
3 sat= 39- 38 P1 v=        1.794 R= 8.225266 10.967544 lock= 3 x=-63.964 P=93.058
3 sat= 39- 40 P1 v=       -1.897 R= 8.225266 35.042963 lock= 3 x=88.520 P=93.786
3 sat= 39- 41 P1 v=        1.949 R= 8.225266  8.263951 lock= 3 x=-50.909 P=92.471
3 sat= 39- 42 P1 v=        2.204 R= 8.225266 30.364803 lock= 3 x=-12.914 P=93.101
3 sat= 39- 48 P1 v=        1.867 R= 8.225266 11.963438 lock= 3 x=-47.286 P=92.795
3 sat= 39- 50 P1 v=        1.949 R= 8.225266 57.047705 lock= 3 x=32.314 P=93.751
3 sat= 39- 40 P2 v=        0.016 R= 8.225266 35.042963 lock= 3 x=27.899 P=130.899
3 sat= 39- 41 P2 v=        0.157 R= 8.225266  8.263951 lock= 3 x=-75.036 P=129.751
3 sat= 39- 48 P2 v=       -0.509 R= 8.225266 11.963438 lock= 3 x=-54.141 P=129.751
3 sat= 39- 50 P2 v=       -0.358 R= 8.225266 57.047705 lock= 3 x=-28.656 P=130.261
3 sat= 60- 63 L1 v=       -0.002 R= 0.000036  0.000039 lock= 3 x=-61.865 P=84.786
3 sat= 60- 68 L1 v=       -0.002 R= 0.000036  0.000167 lock= 3 x=-30.619 P=87.056
3 sat= 60- 73 L1 v=        0.004 R= 0.000036  0.000105 lock= 3 x=-10.949 P=85.861
3 sat= 60- 78 L1 v=       -0.000 R= 0.000036  0.000060 lock= 3 x=-15.705 P=85.330
3 sat= 60- 80 L1 v=        0.001 R= 0.000036  0.000060 lock= 3 x=-73.660 P=85.612
3 sat= 60- 90 L1 v=        0.005 R= 0.000036  0.000095 lock= 3 x=-35.708 P=85.781
3 sat= 60- 63 P1 v=       -0.374 R= 3.271666  3.469476 lock= 3 x=-61.865 P=84.786
3 sat= 60- 68 P1 v=       -0.006 R= 3.271666 15.034556 lock= 3 x=-30.619 P=87.056
3 sat= 60- 73 P1 v=        0.569 R= 3.271666  9.438742 lock= 3 x=-10.949 P=85.861
3 sat= 60- 78 P1 v=       -1.250 R= 3.271666  5.407160 lock= 3 x=-15.705 P=85.330
3 sat= 60- 80 P1 v=       -1.029 R= 3.271666  5.427979 lock= 3 x=-73.660 P=85.612
3 sat= 60- 90 P1 v=        0.535 R= 3.271666  8.548336 lock= 3 x=-35.708 P=85.781
3 before filter x=-1276971.7914 -4717197.4079 4087248.4919 -0.0028 -0.0019 0.0045 -0.0021 -0.0006 0.0021
3 after filter x=-1276971.7885 -4717197.4035 4087248.5053 -0.0008 0.0013 -0.0019 -0.0002 0.0023 -0.0036
3 posvar=0.086609 
3 zdres: n=24 rr=-1276971.79 -4717197.40 4087248.51
3 unhealthy satellite: sat=7 svh=3f
3 y=
        0.000   1643051.347         0.000   1643059.871   1643049.167   1643047.335         0.000   1643053.012   1643029.109   1643057.597   1643065.164   1643082.009   1643062.963   1643060.709   1643058.983         0.000   1643072.310   1643045.274   1643043.287   1643043.483   1643052.377   1643043.858   1643045.535   1643049.876
        0.000   1643041.811         0.000   1643060.197   1643047.134         0.000         0.000   1643053.088   1643031.998         0.000   1643060.394   1643074.241   1643058.630         0.000   1643058.188         0.000   1643061.803         0.000         0.000         0.000         0.000         0.000         0.000         0.000
        0.000   1643049.288         0.000   1643054.315   1643049.655   1643047.984         0.000   1643051.996   1643053.481   1643060.518   1643064.045   1643067.328   1643061.953   1643056.350   1643060.581         0.000   1643062.204   1643045.724   1643044.900   1643045.965   1643046.303   1643047.519   1643047.968   1643047.432
        0.000   1643045.856         0.000   1643052.676   1643046.573         0.000         0.000   1643048.417   1643049.421         0.000   1643059.776   1643060.428   1643058.479         0.000   1643056.752         0.000   1643061.404         0.000         0.000         0.000         0.000         0.000         0.000         0.000
3 ddres   : dt=0.0050 ns=20
3 sat=  9-  4 L1 v=       -0.001 R= 0.000037  0.000042 lock= 3 x=-27.227 P=92.217
3 sat=  9-  8 L1 v=       -0.000 R= 0.000037  0.000092 lock= 3 x=-8.634 P=92.548
3 sat=  9- 16 L1 v=        0.001 R= 0.000037  0.000063 lock= 3 x=-52.416 P=92.817
3 sat=  9- 27 L1 v=        0.000 R= 0.000037  0.000067 lock= 3 x=-41.385 P=92.470
3 sat=  9- 30 L1 v=        0.000 R= 0.000037  0.000249 lock= 3 x=-142.564 P=95.848
3 sat=  9-  4 P1 v=       -0.330 R= 3.334552  3.795083 lock= 3 x=-27.227 P=92.217
3 sat=  9-  8 P1 v=       -0.625 R= 3.334552  8.252190 lock= 3 x=-8.634 P=92.548
3 sat=  9- 16 P1 v=       -0.390 R= 3.334552  5.681881 lock= 3 x=-52.416 P=92.817
3 sat=  9- 27 P1 v=       -0.208 R= 3.334552  6.024588 lock= 3 x=-41.385 P=92.470
3 sat=  9- 30 P1 v=       -1.606 R= 3.334552 22.426239 lock= 3 x=-142.564 P=95.848
3 sat= 39- 38 L1 v=        0.003 R= 0.000091  0.000122 lock= 3 x=-64.028 P=93.006
3 sat= 39- 40 L1 v=       -0.002 R= 0.000091  0.000389 lock= 3 x=88.557 P=93.735
3 sat= 39- 41 L1 v=        0.006 R= 0.000091  0.000092 lock= 3 x=-50.891 P=92.449
3 sat= 39- 42 L1 v=        0.003 R= 0.000091  0.000337 lock= 3 x=-12.960 P=93.043
3 sat= 39- 48 L1 v=        0.004 R= 0.000091  0.000133 lock= 3 x=-47.246 P=92.765
3 sat= 39- 50 L1 v=        0.005 R= 0.000091  0.000634 lock= 3 x=32.308 P=93.687
3 sat= 39- 40 L2 v=       -0.003 R= 0.000091  0.000389 lock= 3 x=27.914 P=130.870
3 sat= 39- 41 L2 v=        0.003 R= 0.000091  0.000092 lock= 3 x=-75.035 P=129.737
3 sat= 39- 48 L2 v=       -0.002 R= 0.000091  0.000133 lock= 3 x=-54.123 P=129.741
3 sat= 39- 50 L2 v=       -0.003 R= 0.000091  0.000634 lock= 3 x=-28.672 P=130.227
3 sat= 39- 38 P1 v=        1.806 R= 8.225266 10.967544 lock= 3 x=-64.028 P=93.006
3 sat= 39- 40 P1 v=       -1.903 R= 8.225266 35.042963 lock= 3 x=88.557 P=93.735
3 sat= 39- 41 P1 v=        1.948 R= 8.225266  8.263951 lock= 3 x=-50.891 P=92.449
3 sat= 39- 42 P1 v=        2.213 R= 8.225266 30.364803 lock= 3 x=-12.960 P=93.043
3 sat= 39- 48 P1 v=        1.861 R= 8.225266 11.963438 lock= 3 x=-47.246 P=92.765
3 sat= 39- 50 P1 v=        1.949 R= 8.225266 57.047705 lock= 3 x=32.308 P=93.687
3 sat= 39- 40 P2 v=        0.010 R= 8.225266 35.042963 lock= 3 x=27.914 P=130.870
3 sat= 39- 41 P2 v=        0.156 R= 8.225266  8.263951 lock= 3 x=-75.035 P=129.737
3 sat= 39- 48 P2 v=       -0.515 R= 8.225266 11.963438 lock= 3 x=-54.123 P=129.741
3 sat= 39- 50 P2 v=       -0.358 R= 8.225266 57.047705 lock= 3 x=-28.672 P=130.227
3 sat= 60- 63 L1 v=       -0.002 R= 0.000036  0.000039 lock= 3 x=-61.849 P=84.777
3 sat= 60- 68 L1 v=       -0.003 R= 0.000036  0.000167 lock= 3 x=-30.582 P=86.957
3 sat= 60- 73 L1 v=        0.001 R= 0.000036  0.000105 lock= 3 x=-11.010 P=85.810
3 sat= 60- 78 L1 v=       -0.002 R= 0.000036  0.000060 lock= 3 x=-15.757 P=85.301
3 sat= 60- 80 L1 v=        0.000 R= 0.000036  0.000060 lock= 3 x=-73.617 P=85.571
3 sat= 60- 90 L1 v=        0.002 R= 0.000036  0.000095 lock= 3 x=-35.757 P=85.729
3 sat= 60- 63 P1 v=       -0.374 R= 3.271666  3.469476 lock= 3 x=-61.849 P=84.777
3 sat= 60- 68 P1 v=       -0.011 R= 3.271666 15.034556 lock= 3 x=-30.582 P=86.957
3 sat= 60- 73 P1 v=        0.581 R= 3.271666  9.438742 lock= 3 x=-11.010 P=85.810
3 sat= 60- 78 P1 v=       -1.239 R= 3.271666  5.407160 lock= 3 x=-15.757 P=85.301
3 sat= 60- 80 P1 v=       -1.035 R= 3.271666  5.427979 lock= 3 x=-73.617 P=85.571
3 sat= 60- 90 P1 v=        0.545 R= 3.271666  8.548336 lock= 3 x=-35.757 P=85.729
3 valpos  : nv=42 thres=4.0
3 posvar=0.086609
3 prevRatios = 3.861 3.861
3 refSats=       4       4       4       4       4      38      38      38      38      38      38      39      39      39      39      60      60      60      60      60      60
3 fixSats=       8       9      16      27      30      39      40      41      42      48      50      40      41      48      50      63      68      73      78      80      90
3 N(0)=       -18.59   41.39   25.19   14.16  115.34  -52.46 -152.59  -13.14  -51.07  -16.78  -96.34  -68.69   34.26   13.35  -12.10    9.10  -22.16  -41.74  -36.99   20.87  -16.99
3 Qb*1000=   632.3655 658.4564 1388.3781 612.6707 5361.7768 1052.6850 4374.8067 1222.4497 2334.8660 2343.9761 3160.8083 1410.9091 10.0284 843.7323 2207.5806 93.3951 3533.3736 1957.3278 1082.2719 1280.4847 2065.0472
3 N(1)=       -18.00   40.00   22.00   13.00  113.00  -55.00 -158.00  -16.00  -53.00  -21.00 -100.00  -71.00   34.00   12.00  -13.00    9.00  -25.00  -40.00  -35.00   19.00  -16.00
3 N(2)=       -18.00   40.00   22.00   13.00  113.00  -55.00 -158.00  -16.00  -53.00  -21.00  -99.00  -71.00   34.00   12.00  -13.00    9.00  -25.00  -40.00  -35.00   19.00  -16.00
3 resamb : validation ok (nb=21 ratio=3.90 thresh=3.00 s=992.11/254.44
3 restamb :
3 lambda: nb=21 r1= 3.861 r2=3.861 r=3.899
3 zdres: n=24 rr=-1276971.65 -4717196.86 4087248.82
3 unhealthy satellite: sat=7 svh=3f
3 y=
        0.000   1643050.907         0.000   1643059.331   1643048.993   1643047.508         0.000   1643052.799   1643029.130   1643057.010   1643065.054   1643082.424   1643062.919   1643060.497   1643059.194         0.000   1643072.388   1643045.069   1643043.106   1643043.819   1643051.839   1643043.283   1643045.695   1643049.484
        0.000   1643041.371         0.000   1643059.657   1643046.960         0.000         0.000   1643052.875   1643032.019         0.000   1643060.283   1643074.655   1643058.585         0.000   1643058.400         0.000   1643061.881         0.000         0.000         0.000         0.000         0.000         0.000         0.000
        0.000   1643048.849         0.000   1643053.774   1643049.481   1643048.157         0.000   1643051.782   1643053.502   1643059.931   1643063.934   1643067.743   1643061.909   1643056.138   1643060.793         0.000   1643062.282   1643045.519   1643044.719   1643046.302   1643045.764   1643046.943   1643048.128   1643047.040
        0.000   1643045.417         0.000   1643052.135   1643046.399         0.000         0.000   1643048.203   1643049.442         0.000   1643059.665   1643060.843   1643058.435         0.000   1643056.964         0.000   1643061.482         0.000         0.000         0.000         0.000         0.000         0.000         0.000
3 ddres   : dt=0.0050 ns=20
3 sat=  9-  4 L1 v=       -0.000 R= 0.000037  0.000042 lock= 3 x=-27.227 P=92.217
3 sat=  9-  8 L1 v=       -0.012 R= 0.000037  0.000092 lock= 3 x=-9.227 P=92.548
3 sat=  9- 16 L1 v=       -0.004 R= 0.000037  0.000063 lock= 3 x=-49.227 P=92.817
3 sat=  9- 27 L1 v=       -0.005 R= 0.000037  0.000067 lock= 3 x=-40.227 P=92.470
3 sat=  9- 30 L1 v=       -0.015 R= 0.000037  0.000249 lock= 3 x=-140.227 P=95.848
3 sat=  9-  4 P1 v=       -0.064 R= 3.334552  3.795083 lock= 3 x=-27.227 P=92.217
3 sat=  9-  8 P1 v=       -0.258 R= 3.334552  8.252192 lock= 3 x=-9.227 P=92.548
3 sat=  9- 16 P1 v=       -0.737 R= 3.334552  5.681880 lock= 3 x=-49.227 P=92.817
3 sat=  9- 27 P1 v=       -0.168 R= 3.334552  6.024588 lock= 3 x=-40.227 P=92.470
3 sat=  9- 30 P1 v=       -1.801 R= 3.334552 22.426236 lock= 3 x=-140.227 P=95.848
3 sat= 39- 38 L1 v=        0.006 R= 0.000091  0.000122 lock= 3 x=-64.028 P=93.006
3 sat= 39- 40 L1 v=        0.010 R= 0.000091  0.000389 lock= 3 x=93.972 P=93.735
3 sat= 39- 41 L1 v=        0.002 R= 0.000091  0.000092 lock= 3 x=-48.028 P=92.449
3 sat= 39- 42 L1 v=       -0.007 R= 0.000091  0.000337 lock= 3 x=-11.028 P=93.043
3 sat= 39- 48 L1 v=       -0.003 R= 0.000091  0.000133 lock= 3 x=-43.028 P=92.765
3 sat= 39- 50 L1 v=        0.029 R= 0.000091  0.000634 lock= 3 x=35.972 P=93.687
3 sat= 39- 40 L2 v=        0.027 R= 0.000091  0.000389 lock= 3 x=30.226 P=130.870
3 sat= 39- 41 L2 v=       -0.000 R= 0.000091  0.000092 lock= 3 x=-74.774 P=129.737
3 sat= 39- 48 L2 v=        0.001 R= 0.000091  0.000133 lock= 3 x=-52.774 P=129.741
3 sat= 39- 50 L2 v=        0.025 R= 0.000091  0.000634 lock= 3 x=-27.774 P=130.227
3 sat= 39- 38 P1 v=        2.282 R= 8.225266 10.967546 lock= 3 x=-64.028 P=93.006
3 sat= 39- 40 P1 v=       -2.428 R= 8.225266 35.042945 lock= 3 x=93.972 P=93.735
3 sat= 39- 41 P1 v=        1.882 R= 8.225266  8.263950 lock= 3 x=-48.028 P=92.449
3 sat= 39- 42 P1 v=        2.313 R= 8.225266 30.364806 lock= 3 x=-11.028 P=93.043
3 sat= 39- 48 P1 v=        1.538 R= 8.225266 11.963436 lock= 3 x=-43.028 P=92.765
3 sat= 39- 50 P1 v=        1.760 R= 8.225266 57.047692 lock= 3 x=35.972 P=93.687
3 sat= 39- 40 P2 v=       -0.515 R= 8.225266 35.042945 lock= 3 x=30.226 P=130.870
3 sat= 39- 41 P2 v=        0.090 R= 8.225266  8.263950 lock= 3 x=-74.774 P=129.737
3 sat= 39- 48 P2 v=       -0.838 R= 8.225266 11.963436 lock= 3 x=-52.774 P=129.741
3 sat= 39- 50 P2 v=       -0.547 R= 8.225266 57.047692 lock= 3 x=-27.774 P=130.227
3 sat= 60- 63 L1 v=       -0.006 R= 0.000036  0.000039 lock= 3 x=-61.746 P=84.777
3 sat= 60- 68 L1 v=       -0.004 R= 0.000036  0.000167 lock= 3 x=-27.746 P=86.957
3 sat= 60- 73 L1 v=        0.005 R= 0.000036  0.000105 lock= 3 x=-12.746 P=85.810
3 sat= 60- 78 L1 v=       -0.010 R= 0.000036  0.000060 lock= 3 x=-17.746 P=85.301
3 sat= 60- 80 L1 v=       -0.008 R= 0.000036  0.000060 lock= 3 x=-71.746 P=85.571
3 sat= 60- 90 L1 v=        0.002 R= 0.000036  0.000095 lock= 3 x=-36.746 P=85.729
3 sat= 60- 63 P1 v=       -0.397 R= 3.271666  3.469476 lock= 3 x=-61.746 P=84.777
3 sat= 60- 68 P1 v=       -0.552 R= 3.271666 15.034550 lock= 3 x=-27.746 P=86.957
3 sat= 60- 73 P1 v=        0.915 R= 3.271666  9.438744 lock= 3 x=-12.746 P=85.810
3 sat= 60- 78 P1 v=       -0.868 R= 3.271666  5.407161 lock= 3 x=-17.746 P=85.301
3 sat= 60- 80 P1 v=       -1.399 R= 3.271666  5.427978 lock= 3 x=-71.746 P=85.571
3 sat= 60- 90 P1 v=        0.733 R= 3.271666  8.548337 lock= 3 x=-36.746 P=85.729
3 valpos  : nv=42 thres=4.0
3 sol_rr=    -1276971.646    -4717196.857     4087248.823          -0.001           0.001          -0.002
1 
---------------------------------------------------------
1 relpos: dt=0.005 nu=24 nr=26
1 ---------------------------------------------------------
3 satposs  : teph= 2020/12/24 22:08:37.005 n=24 ephopt=0
3 satposs  : teph= 2020/12/24 22:08:37.000 n=26 ephopt=0
3 base station:
3 zdres: n=26 rr=-1283433.94 -4713073.29 4090105.09
3 sat= 4 rs=   -10681.011 -24845323.640   9321669.852 dts=-0.0001671608 az= 141.9 el= 59.6
3 unhealthy satellite: sat=7 svh=3f
3 sat= 8 rs=  5094752.190 -25894125.248   -825818.544 dts=-0.0000040918 az= 143.5 el= 29.6
3 sat= 9 rs= -9310215.395 -17142159.515  17950001.154 dts=-0.0003052095 az= 288.6 el= 76.5
3 sat=16 rs=  9927523.458 -11018250.906  21784263.890 dts=-0.0002551589 az=  47.3 el= 39.1
3 sat=27 rs= 12302429.246 -20674922.857  10696899.771 dts=-0.0000418404 az=  98.5 el= 37.3
3 sat=30 rs=-24316361.435  -1726522.111  10852125.815 dts=-0.0003578176 az= 277.7 el= 16.3
3 sat=38 rs= -8303172.411 -23986485.464   2359296.096 dts= 0.0001897532 az= 186.7 el= 44.8
3 sat=39 rs=-12402892.574 -13673233.538  17609279.325 dts=-0.0000419300 az= 289.0 el= 63.2
3 sat=40 rs=-10333268.447   3809630.757  23055407.444 dts=-0.0000564558 az= 329.0 el= 20.0
3 sat=41 rs=-11189953.642 -12551923.177  19221888.866 dts= 0.0000148842 az= 303.8 el= 62.8
3 sat=42 rs=-23296161.936  -8580256.105   5680517.117 dts=-0.0000649858 az= 256.3 el= 21.7
3 sat=48 rs=  7096309.067  -9562892.685  22549811.484 dts=-0.0000094939 az=  36.8 el= 41.4
3 sat=50 rs= 19289798.645 -11447223.289  12119963.730 dts= 0.0000607964 az=  75.9 el= 15.1
3 sat=60 rs= -8776358.128 -20443755.123  19522544.061 dts=-0.0010103687 az= 283.6 el= 82.1
3 sat=63 rs=-13414740.763 -18123649.413  19172918.819 dts=-0.0006747671 az= 277.9 el= 69.5
3 sat=68 rs=-16813267.282   4235899.628  23984889.257 dts= 0.0058217661 az= 316.3 el= 20.4
3 sat=73 rs=  6529034.577 -28196263.665  -2337606.154 dts=-0.0012706425 az= 143.0 el= 27.0
3 sat=78 rs=  -571006.035 -29566545.349   1225808.890 dts= 0.0001612760 az= 157.6 el= 40.8
3 sat=80 rs= 11131553.401 -12460358.968  24435572.450 dts=-0.0006390823 az=  47.5 el= 40.7
3 sat=90 rs=-24347658.180 -16589402.933   2822733.847 dts=-0.0004767740 az= 237.3 el= 29.0
3 y=
        0.000         8.794         0.000        13.783        14.494         9.577         0.000        13.155         8.503        16.985        14.713        12.850        19.883        10.525        15.214         0.000        13.650         0.000        10.763        10.507         4.755         0.000         9.924         2.306        14.995        12.136
        0.000         0.000         0.000         0.000         0.000         0.000         0.000         0.000         0.000         0.000        23.928        21.268        30.437         0.000        24.950         0.000        22.446         0.000         0.000         0.000         0.000         0.000         0.000         0.000         0.000         0.000
        0.000         2.098         0.000         6.820         2.810         0.786         0.000         4.962         5.379         8.580        10.297        11.748        10.183         4.656         8.682         0.000        10.186         0.000         1.038        -0.189         1.402         0.000         2.278         1.605         2.260         3.231
        0.000         0.000         0.000         0.000         0.000         0.000         0.000         0.000         0.000         0.000        13.610        14.333        12.477         0.000        10.041         0.000        14.804         0.000         0.000         0.000         0.000         0.000         0.000         0.000         0.000         0.000
3 selsat  : nu=24 nr=26
3 before udstate: x=-1276971.7885 -4717197.4035 4087248.5053 -0.0008 0.0013 -0.0019 -0.0002 0.0023 -0.0036
3 udstate : ns=20
3 udpos : tt=1.000
3 udbias  : tt=1.000 ns=20
3 after udstate x=-1276971.7893 -4717197.4011 4087248.5017 -0.0010 0.0036 -0.0054 -0.0002 0.0023 -0.0036
3 rover: dt=0.005
3 zdres: n=24 rr=-1276971.79 -4717197.40 4087248.50
3 unhealthy satellite: sat=7 svh=3f
3 y=
        0.000   1643133.672         0.000   1643142.200   1643131.492   1643129.657         0.000   1643135.337   1643111.435   1643139.926   1643147.494   1643164.331   1643145.287   1643143.038   1643141.308         0.000   1643154.635   1643127.598   1643125.613   1643125.810   1643134.706   1643126.181   1643127.859   1643132.205
        0.000   1643124.135         0.000   1643142.525   1643129.459         0.000         0.000   1643135.411   1643114.325         0.000   1643142.725   1643156.564   1643140.954         0.000   1643140.510         0.000   1643144.128         0.000         0.000         0.000         0.000         0.000         0.000         0.000
        0.000   1643131.578         0.000   1643136.695   1643132.047   1643130.294         0.000   1643134.394   1643135.741   1643142.743   1643146.471   1643149.679   1643144.314   1643138.589   1643143.007         0.000   1643144.549   1643128.019   1643127.244   1643128.240   1643128.803   1643129.869   1643130.112   1643129.916
        0.000   1643128.198         0.000   1643135.043   1643128.930         0.000         0.000   1643130.734   1643131.727         0.000   1643141.998   1643142.704   1643140.725         0.000   1643139.094         0.000   1643143.695         0.000         0.000         0.000         0.000         0.000         0.000         0.000
3 ddres   : dt=0.0050 ns=20
3 sat=  9-  4 L1 v=       -0.003 R= 0.000037  0.000042 lock= 4 x=-27.351 P=92.217
3 sat=  9-  8 L1 v=       -0.004 R= 0.000037  0.000092 lock= 4 x=-8.758 P=92.548
3 sat=  9- 16 L1 v=        0.001 R= 0.000037  0.000063 lock= 4 x=-52.539 P=92.817
3 sat=  9- 27 L1 v=       -0.001 R= 0.000037  0.000067 lock= 4 x=-41.509 P=92.470
3 sat=  9- 30 L1 v=       -0.006 R= 0.000037  0.000249 lock= 4 x=-142.687 P=95.848
3 sat=  9-  4 P1 v=       -0.242 R= 3.334469  3.795438 lock= 4 x=-27.351 P=92.217
3 sat=  9-  8 P1 v=       -0.637 R= 3.334469  8.249440 lock= 4 x=-8.758 P=92.548
3 sat=  9- 16 P1 v=       -0.270 R= 3.334469  5.683129 lock= 4 x=-52.539 P=92.817
3 sat=  9- 27 P1 v=       -0.195 R= 3.334469  6.023968 lock= 4 x=-41.509 P=92.470
3 sat=  9- 30 P1 v=       -1.125 R= 3.334469 22.413365 lock= 4 x=-142.687 P=95.848
3 sat= 39- 38 L1 v=        0.001 R= 0.000091  0.000122 lock= 4 x=-64.152 P=93.006
3 sat= 39- 40 L1 v=       -0.002 R= 0.000091  0.000389 lock= 4 x=88.434 P=93.735
3 sat= 39- 41 L1 v=        0.007 R= 0.000091  0.000092 lock= 4 x=-51.015 P=92.449
3 sat= 39- 42 L1 v=       -0.002 R= 0.000091  0.000337 lock= 4 x=-13.084 P=93.043
3 sat= 39- 48 L1 v=        0.003 R= 0.000091  0.000133 lock= 4 x=-47.370 P=92.765
3 sat= 39- 50 L1 v=        0.008 R= 0.000091  0.000634 lock= 4 x=32.184 P=93.687
3 sat= 39- 40 L2 v=       -0.004 R= 0.000091  0.000389 lock= 4 x=27.911 P=130.870
3 sat= 39- 41 L2 v=        0.007 R= 0.000091  0.000092 lock= 4 x=-75.039 P=129.737
3 sat= 39- 48 L2 v=        0.003 R= 0.000091  0.000133 lock= 4 x=-54.127 P=129.741
3 sat= 39- 50 L2 v=        0.003 R= 0.000091  0.000634 lock= 4 x=-28.675 P=130.227
3 sat= 39- 38 P1 v=        2.011 R= 8.225021 10.970046 lock= 4 x=-64.152 P=93.006
3 sat= 39- 40 P1 v=       -1.758 R= 8.225021 35.020790 lock= 4 x=88.434 P=93.735
3 sat= 39- 41 P1 v=        2.042 R= 8.225021  8.263804 lock= 4 x=-51.015 P=92.449
3 sat= 39- 42 P1 v=        2.240 R= 8.225021 30.351687 lock= 4 x=-13.084 P=93.043
3 sat= 39- 48 P1 v=        1.848 R= 8.225021 11.965656 lock= 4 x=-47.370 P=92.765
3 sat= 39- 50 P1 v=        1.811 R= 8.225021 57.019436 lock= 4 x=32.184 P=93.687
3 sat= 39- 40 P2 v=        0.016 R= 8.225021 35.020790 lock= 4 x=27.911 P=130.870
3 sat= 39- 41 P2 v=        0.139 R= 8.225021  8.263804 lock= 4 x=-75.039 P=129.737
3 sat= 39- 48 P2 v=       -0.666 R= 8.225021 11.965656 lock= 4 x=-54.127 P=129.741
3 sat= 39- 50 P2 v=       -0.503 R= 8.225021 57.019436 lock= 4 x=-28.675 P=130.227
3 sat= 60- 63 L1 v=       -0.003 R= 0.000036  0.000039 lock= 4 x=-61.973 P=84.777
3 sat= 60- 68 L1 v=       -0.002 R= 0.000036  0.000167 lock= 4 x=-30.705 P=86.957
3 sat= 60- 73 L1 v=       -0.005 R= 0.000036  0.000105 lock= 4 x=-11.133 P=85.810
3 sat= 60- 78 L1 v=       -0.002 R= 0.000036  0.000060 lock= 4 x=-15.880 P=85.301
3 sat= 60- 80 L1 v=       -0.001 R= 0.000036  0.000060 lock= 4 x=-73.740 P=85.571
3 sat= 60- 90 L1 v=       -0.001 R= 0.000036  0.000095 lock= 4 x=-35.880 P=85.729
3 sat= 60- 63 P1 v=       -0.452 R= 3.271652  3.469424 lock= 4 x=-61.973 P=84.777
3 sat= 60- 68 P1 v=        0.143 R= 3.271652 15.028143 lock= 4 x=-30.705 P=86.957
3 sat= 60- 73 P1 v=        0.456 R= 3.271652  9.436096 lock= 4 x=-11.133 P=85.810
3 sat= 60- 78 P1 v=       -1.283 R= 3.271652  5.408149 lock= 4 x=-15.880 P=85.301
3 sat= 60- 80 P1 v=       -0.872 R= 3.271652  5.428822 lock= 4 x=-73.740 P=85.571
3 sat= 60- 90 P1 v=        0.295 R= 3.271652  8.546197 lock= 4 x=-35.880 P=85.729
3 before filter x=-1276971.7893 -4717197.4011 4087248.5017 -0.0010 0.0036 -0.0054 -0.0002 0.0023 -0.0036
3 after filter x=-1276971.7847 -4717197.3855 4087248.5142 0.0002 -0.0004 0.0021 0.0009 -0.0014 0.0034
3 posvar=0.082771 
3 zdres: n=24 rr=-1276971.78 -4717197.39 4087248.51
3 unhealthy satellite: sat=7 svh=3f
3 y=
        0.000   1643133.660         0.000   1643142.184   1643131.489   1643129.665         0.000   1643135.332   1643111.436   1643139.909   1643147.493   1643164.345   1643145.288   1643143.031   1643141.317         0.000   1643154.639   1643127.594   1643125.610   1643125.822   1643134.690   1643126.165   1643127.866   1643132.193
        0.000   1643124.124         0.000   1643142.509   1643129.456         0.000         0.000   1643135.406   1643114.326         0.000   1643142.724   1643156.579   1643140.955         0.000   1643140.519         0.000   1643144.132         0.000         0.000         0.000         0.000         0.000         0.000         0.000
        0.000   1643131.567         0.000   1643136.679   1643132.044   1643130.302         0.000   1643134.390   1643135.742   1643142.726   1643146.470   1643149.693   1643144.315   1643138.583   1643143.016         0.000   1643144.553   1643128.015   1643127.240   1643128.252   1643128.787   1643129.853   1643130.119   1643129.904
        0.000   1643128.187         0.000   1643135.027   1643128.927         0.000         0.000   1643130.730   1643131.728         0.000   1643141.997   1643142.718   1643140.726         0.000   1643139.103         0.000   1643143.699         0.000         0.000         0.000         0.000         0.000         0.000         0.000
3 ddres   : dt=0.0050 ns=20
3 sat=  9-  4 L1 v=       -0.002 R= 0.000037  0.000042 lock= 4 x=-27.376 P=92.210
3 sat=  9-  8 L1 v=       -0.002 R= 0.000037  0.000092 lock= 4 x=-8.797 P=92.524
3 sat=  9- 16 L1 v=        0.001 R= 0.000037  0.000063 lock= 4 x=-52.468 P=92.782
3 sat=  9- 27 L1 v=       -0.001 R= 0.000037  0.000067 lock= 4 x=-41.498 P=92.456
3 sat=  9- 30 L1 v=       -0.002 R= 0.000037  0.000249 lock= 4 x=-142.631 P=95.708
3 sat=  9-  4 P1 v=       -0.234 R= 3.334469  3.795438 lock= 4 x=-27.376 P=92.210
3 sat=  9-  8 P1 v=       -0.624 R= 3.334469  8.249440 lock= 4 x=-8.797 P=92.524
3 sat=  9- 16 P1 v=       -0.281 R= 3.334469  5.683129 lock= 4 x=-52.468 P=92.782
3 sat=  9- 27 P1 v=       -0.193 R= 3.334469  6.023968 lock= 4 x=-41.498 P=92.456
3 sat=  9- 30 P1 v=       -1.128 R= 3.334469 22.413365 lock= 4 x=-142.631 P=95.708
3 sat= 39- 38 L1 v=        0.003 R= 0.000091  0.000122 lock= 4 x=-64.244 P=92.957
3 sat= 39- 40 L1 v=       -0.000 R= 0.000091  0.000389 lock= 4 x=88.507 P=93.688
3 sat= 39- 41 L1 v=        0.006 R= 0.000091  0.000092 lock= 4 x=-51.022 P=92.429
3 sat= 39- 42 L1 v=        0.001 R= 0.000091  0.000337 lock= 4 x=-13.110 P=92.989
3 sat= 39- 48 L1 v=        0.002 R= 0.000091  0.000133 lock= 4 x=-47.335 P=92.737
3 sat= 39- 50 L1 v=        0.009 R= 0.000091  0.000634 lock= 4 x=32.198 P=93.627
3 sat= 39- 40 L2 v=       -0.003 R= 0.000091  0.000389 lock= 4 x=27.955 P=130.842
3 sat= 39- 41 L2 v=        0.006 R= 0.000091  0.000092 lock= 4 x=-75.058 P=129.723
3 sat= 39- 48 L2 v=        0.002 R= 0.000091  0.000133 lock= 4 x=-54.113 P=129.733
3 sat= 39- 50 L2 v=        0.004 R= 0.000091  0.000634 lock= 4 x=-28.677 P=130.195
3 sat= 39- 38 P1 v=        2.027 R= 8.225021 10.970046 lock= 4 x=-64.244 P=92.957
3 sat= 39- 40 P1 v=       -1.773 R= 8.225021 35.020790 lock= 4 x=88.507 P=93.688
3 sat= 39- 41 P1 v=        2.040 R= 8.225021  8.263804 lock= 4 x=-51.022 P=92.429
3 sat= 39- 42 P1 v=        2.246 R= 8.225021 30.351687 lock= 4 x=-13.110 P=92.989
3 sat= 39- 48 P1 v=        1.838 R= 8.225021 11.965656 lock= 4 x=-47.335 P=92.737
3 sat= 39- 50 P1 v=        1.805 R= 8.225021 57.019436 lock= 4 x=32.198 P=93.627
3 sat= 39- 40 P2 v=        0.001 R= 8.225021 35.020790 lock= 4 x=27.955 P=130.842
3 sat= 39- 41 P2 v=        0.137 R= 8.225021  8.263804 lock= 4 x=-75.058 P=129.723
3 sat= 39- 48 P2 v=       -0.676 R= 8.225021 11.965656 lock= 4 x=-54.113 P=129.733
3 sat= 39- 50 P2 v=       -0.509 R= 8.225021 57.019436 lock= 4 x=-28.677 P=130.195
3 sat= 60- 63 L1 v=       -0.003 R= 0.000036  0.000039 lock= 4 x=-61.969 P=84.769
3 sat= 60- 68 L1 v=       -0.000 R= 0.000036  0.000167 lock= 4 x=-30.615 P=86.863
3 sat= 60- 73 L1 v=       -0.002 R= 0.000036  0.000105 lock= 4 x=-11.184 P=85.761
3 sat= 60- 78 L1 v=        0.000 R= 0.000036  0.000060 lock= 4 x=-15.939 P=85.273
3 sat= 60- 80 L1 v=       -0.001 R= 0.000036  0.000060 lock= 4 x=-73.684 P=85.532
3 sat= 60- 90 L1 v=        0.003 R= 0.000036  0.000095 lock= 4 x=-35.906 P=85.681
3 sat= 60- 63 P1 v=       -0.452 R= 3.271652  3.469424 lock= 4 x=-61.969 P=84.769
3 sat= 60- 68 P1 v=        0.127 R= 3.271652 15.028143 lock= 4 x=-30.615 P=86.863
3 sat= 60- 73 P1 v=        0.468 R= 3.271652  9.436096 lock= 4 x=-11.184 P=85.761
3 sat= 60- 78 P1 v=       -1.270 R= 3.271652  5.408149 lock= 4 x=-15.939 P=85.273
3 sat= 60- 80 P1 v=       -0.883 R= 3.271652  5.428822 lock= 4 x=-73.684 P=85.532
3 sat= 60- 90 P1 v=        0.303 R= 3.271652  8.546197 lock= 4 x=-35.906 P=85.681
3 valpos  : nv=42 thres=4.0
3 posvar=0.082771
3 prevRatios = 3.899 3.899
3 refSats=       4       4       4       4       4      38      38      38      38      38      38      39      39      39      39      60      60      60      60      60      60
3 fixSats=       8       9      16      27      30      39      40      41      42      48      50      40      41      48      50      63      68      73      78      80      90
3 N(0)=       -18.58   41.35   25.09   14.12  115.26  -52.54 -152.75  -13.22  -51.13  -16.91  -96.44  -68.76   34.25   13.31  -12.13    9.10  -22.26  -41.69  -36.93   20.81  -16.97
3 Qb*1000=   600.7812 635.1049 1327.2570 587.7698 5159.8317 1006.4136 4193.9138 1167.7715 2248.6626 2236.8623 3030.9961 1348.9348  9.6324 812.5101 2124.0431 90.0992 3384.9927 1869.5257 1033.2947 1228.7628 1968.8984
3 N(1)=       -18.00   40.00   22.00   13.00  113.00  -55.00 -158.00  -16.00  -53.00  -21.00 -100.00  -71.00   34.00   12.00  -13.00    9.00  -25.00  -40.00  -35.00   19.00  -16.00
3 N(2)=       -18.00   40.00   22.00   13.00  113.00  -55.00 -158.00  -16.00  -53.00  -21.00  -99.00  -71.00   34.00   12.00  -13.00    9.00  -25.00  -40.00  -35.00   19.00  -16.00
3 resamb : validation ok (nb=21 ratio=3.92 thresh=3.00 s=1032.45/263.31
3 restamb :
3 lambda: nb=21 r1= 3.899 r2=3.899 r=3.921
3 zdres: n=24 rr=-1276971.65 -4717196.86 4087248.82
3 unhealthy satellite: sat=7 svh=3f
3 y=
        0.000   1643133.235         0.000   1643141.661   1643131.322   1643129.834         0.000   1643135.127   1643111.456   1643139.340   1643147.387   1643164.748   1643145.246   1643142.826   1643141.524         0.000   1643154.716   1643127.397   1643125.436   1643126.148   1643134.169   1643125.608   1643128.023   1643131.813
        0.000   1643123.699         0.000   1643141.986   1643129.289         0.000         0.000   1643135.201   1643114.346         0.000   1643142.618   1643156.981   1643140.913         0.000   1643140.726         0.000   1643144.208         0.000         0.000         0.000         0.000         0.000         0.000         0.000
        0.000   1643131.142         0.000   1643136.156   1643131.877   1643130.471         0.000   1643134.184   1643135.762   1643142.157   1643146.363   1643150.096   1643144.273   1643138.378   1643143.223         0.000   1643144.629   1643127.819   1643127.066   1643128.578   1643128.266   1643129.296   1643130.276   1643129.525
        0.000   1643127.762         0.000   1643134.504   1643128.760         0.000         0.000   1643130.524   1643131.748         0.000   1643141.890   1643143.121   1643140.684         0.000   1643139.310         0.000   1643143.775         0.000         0.000         0.000         0.000         0.000         0.000         0.000
3 ddres   : dt=0.0050 ns=20
3 sat=  9-  4 L1 v=       -0.002 R= 0.000037  0.000042 lock= 4 x=-27.376 P=92.210
3 sat=  9-  8 L1 v=       -0.013 R= 0.000037  0.000092 lock= 4 x=-9.376 P=92.524
3 sat=  9- 16 L1 v=       -0.004 R= 0.000037  0.000063 lock= 4 x=-49.376 P=92.782
3 sat=  9- 27 L1 v=       -0.006 R= 0.000037  0.000067 lock= 4 x=-40.376 P=92.456
3 sat=  9- 30 L1 v=       -0.017 R= 0.000037  0.000249 lock= 4 x=-140.376 P=95.708
3 sat=  9-  4 P1 v=        0.024 R= 3.334469  3.795439 lock= 4 x=-27.376 P=92.210
3 sat=  9-  8 P1 v=       -0.269 R= 3.334469  8.249442 lock= 4 x=-9.376 P=92.524
3 sat=  9- 16 P1 v=       -0.617 R= 3.334469  5.683128 lock= 4 x=-49.376 P=92.782
3 sat=  9- 27 P1 v=       -0.155 R= 3.334469  6.023968 lock= 4 x=-40.376 P=92.456
3 sat=  9- 30 P1 v=       -1.316 R= 3.334469 22.413362 lock= 4 x=-140.376 P=95.708
3 sat= 39- 38 L1 v=        0.006 R= 0.000091  0.000122 lock= 4 x=-64.244 P=92.957
3 sat= 39- 40 L1 v=        0.011 R= 0.000091  0.000389 lock= 4 x=93.756 P=93.688
3 sat= 39- 41 L1 v=        0.003 R= 0.000091  0.000092 lock= 4 x=-48.244 P=92.429
3 sat= 39- 42 L1 v=       -0.010 R= 0.000091  0.000337 lock= 4 x=-11.244 P=92.989
3 sat= 39- 48 L1 v=       -0.004 R= 0.000091  0.000133 lock= 4 x=-43.244 P=92.737
3 sat= 39- 50 L1 v=        0.033 R= 0.000091  0.000634 lock= 4 x=35.756 P=93.627
3 sat= 39- 40 L2 v=        0.027 R= 0.000091  0.000389 lock= 4 x=30.197 P=130.842
3 sat= 39- 41 L2 v=        0.003 R= 0.000091  0.000092 lock= 4 x=-74.803 P=129.723
3 sat= 39- 48 L2 v=        0.005 R= 0.000091  0.000133 lock= 4 x=-52.803 P=129.733
3 sat= 39- 50 L2 v=        0.031 R= 0.000091  0.000634 lock= 4 x=-27.803 P=130.195
3 sat= 39- 38 P1 v=        2.489 R= 8.225021 10.970047 lock= 4 x=-64.244 P=92.957
3 sat= 39- 40 P1 v=       -2.282 R= 8.225021 35.020773 lock= 4 x=93.756 P=93.688
3 sat= 39- 41 P1 v=        1.976 R= 8.225021  8.263803 lock= 4 x=-48.244 P=92.429
3 sat= 39- 42 P1 v=        2.344 R= 8.225021 30.351689 lock= 4 x=-11.244 P=92.989
3 sat= 39- 48 P1 v=        1.525 R= 8.225021 11.965654 lock= 4 x=-43.244 P=92.737
3 sat= 39- 50 P1 v=        1.623 R= 8.225021 57.019423 lock= 4 x=35.756 P=93.627
3 sat= 39- 40 P2 v=       -0.508 R= 8.225021 35.020773 lock= 4 x=30.197 P=130.842
3 sat= 39- 41 P2 v=        0.073 R= 8.225021  8.263803 lock= 4 x=-74.803 P=129.723
3 sat= 39- 48 P2 v=       -0.989 R= 8.225021 11.965654 lock= 4 x=-52.803 P=129.733
3 sat= 39- 50 P2 v=       -0.691 R= 8.225021 57.019423 lock= 4 x=-27.803 P=130.195
3 sat= 60- 63 L1 v=       -0.007 R= 0.000036  0.000039 lock= 4 x=-61.871 P=84.769
3 sat= 60- 68 L1 v=       -0.002 R= 0.000036  0.000167 lock= 4 x=-27.871 P=86.863
3 sat= 60- 73 L1 v=        0.002 R= 0.000036  0.000105 lock= 4 x=-12.871 P=85.761
3 sat= 60- 78 L1 v=       -0.007 R= 0.000036  0.000060 lock= 4 x=-17.871 P=85.273
3 sat= 60- 80 L1 v=       -0.010 R= 0.000036  0.000060 lock= 4 x=-71.871 P=85.532
3 sat= 60- 90 L1 v=        0.002 R= 0.000036  0.000095 lock= 4 x=-36.871 P=85.681
3 sat= 60- 63 P1 v=       -0.475 R= 3.271652  3.469424 lock= 4 x=-61.871 P=84.769
3 sat= 60- 68 P1 v=       -0.396 R= 3.271652 15.028137 lock= 4 x=-27.871 P=86.863
3 sat= 60- 73 P1 v=        0.793 R= 3.271652  9.436098 lock= 4 x=-12.871 P=85.761
3 sat= 60- 78 P1 v=       -0.910 R= 3.271652  5.408150 lock= 4 x=-17.871 P=85.273
3 sat= 60- 80 P1 v=       -1.236 R= 3.271652  5.428821 lock= 4 x=-71.871 P=85.532
3 sat= 60- 90 P1 v=        0.486 R= 3.271652  8.546198 lock= 4 x=-36.871 P=85.681
3 valpos  : nv=42 thres=4.0
3 sol_rr=    -1276971.646    -4717196.857     4087248.824           0.000          -0.000           0.002
1 
---------------------------------------------------------
1 relpos: dt=0.005 nu=24 nr=26
1 ---------------------------------------------------------
3 satposs  : teph= 2020/12/24 22:08:38.005 n=24 ephopt=0
3 satposs  : teph= 2020/12/24 22:08:38.000 n=26 ephopt=0
3 base station:
3 zdres: n=26 rr=-1283433.94 -4713073.29 4090105.09
3 sat= 4 rs=   -10117.558 -24846398.433   9318800.020 dts=-0.0001671608 az= 141.9 el= 59.6
3 unhealthy satellite: sat=7 svh=3f
3 sat= 8 rs=  5095051.171 -25894169.003   -822609.832 dts=-0.0000040918 az= 143.5 el= 29.6
3 sat= 9 rs= -9309553.276 -17144364.491  17948242.977 dts=-0.0003052095 az= 288.6 el= 76.5
3 sat=16 rs=  9929420.586 -11016165.196  21784496.825 dts=-0.0002551589 az=  47.3 el= 39.1
3 sat=27 rs= 12302335.752 -20673515.908  10699721.663 dts=-0.0000418404 az=  98.5 el= 37.3
3 sat=30 rs=-24315114.631  -1727155.696  10854807.740 dts=-0.0003578176 az= 277.7 el= 16.3
3 sat=38 rs= -8303397.541 -23986757.913   2355753.030 dts= 0.0001897532 az= 186.7 el= 44.8
3 sat=39 rs=-12403622.804 -13675528.672  17606974.512 dts=-0.0000419300 az= 289.0 el= 63.2
3 sat=40 rs=-10334086.173   3806595.489  23055540.488 dts=-0.0000564558 az= 329.0 el= 20.0
3 sat=41 rs=-11187425.403 -12551216.900  19223817.035 dts= 0.0000148842 az= 303.8 el= 62.8
3 sat=42 rs=-23295440.474  -8579921.867   5683981.262 dts=-0.0000649858 az= 256.3 el= 21.7
3 sat=48 rs=  7099323.978  -9562213.030  22549163.639 dts=-0.0000094939 az=  36.8 el= 41.4
3 sat=50 rs= 19288477.659 -11446197.573  12123044.226 dts= 0.0000607964 az=  75.9 el= 15.1
3 sat=60 rs= -8774709.952 -20442693.405  19524397.770 dts=-0.0010103687 az= 283.6 el= 82.1
3 sat=63 rs=-13414743.221 -18125572.466  19171099.313 dts=-0.0006747671 az= 277.9 el= 69.5
3 sat=68 rs=-16813249.269   4233493.460  23985327.658 dts= 0.0058217661 az= 316.3 el= 20.4
3 sat=73 rs=  6529124.097 -28195871.131  -2334804.248 dts=-0.0012706425 az= 143.0 el= 27.0
3 sat=78 rs=  -571057.336 -29566669.006   1222806.868 dts= 0.0001612760 az= 157.6 el= 40.8
3 sat=80 rs= 11133670.889 -12459122.428  24435238.939 dts=-0.0006390823 az=  47.5 el= 40.7
3 sat=90 rs=-24347472.453 -16589161.929   2825761.720 dts=-0.0004767740 az= 237.4 el= 29.0
3 y=
        0.000         8.825         0.000        13.820        14.526         9.607         0.000        13.186         8.538        17.021        14.746        12.879        19.911        10.556        15.244         0.000        13.684         0.000        10.795        10.541         4.787         0.000         9.959         2.339        15.027        12.168
        0.000         0.000         0.000         0.000         0.000         0.000         0.000         0.000         0.000         0.000        23.960        21.300        30.465         0.000        24.980         0.000        22.482         0.000         0.000         0.000         0.000         0.000         0.000         0.000         0.000         0.000
        0.000         2.165         0.000         6.778         2.865         0.767         0.000         5.043         5.413         8.699        10.342        12.054        10.238         4.306         8.592         0.000        10.214         0.000         1.034        -0.167         1.478         0.000         2.344         1.632         2.330         3.253
        0.000         0.000         0.000         0.000         0.000         0.000         0.000         0.000         0.000         0.000        13.583        14.540        12.495         0.000        10.153         0.000        14.867         0.000         0.000         0.000         0.000         0.000         0.000         0.000         0.000         0.000
3 selsat  : nu=24 nr=26
3 before udstate: x=-1276971.7847 -4717197.3855 4087248.5142 0.0002 -0.0004 0.0021 0.0009 -0.0014 0.0034
3 udstate : ns=20
3 udpos : tt=1.000
3 udbias  : tt=1.000 ns=20
3 after udstate x=-1276971.7840 -4717197.3866 4087248.5181 0.0012 -0.0018 0.0056 0.0009 -0.0014 0.0034
3 rover: dt=0.005
3 zdres: n=24 rr=-1276971.78 -4717197.39 4087248.52
3 unhealthy satellite: sat=7 svh=3f
3 y=
        0.000   1643215.949         0.000   1643224.478   1643213.780   1643211.956         0.000   1643217.624   1643193.726   1643222.202   1643229.786   1643246.634   1643227.578   1643225.317   1643223.607         0.000   1643236.933   1643209.886   1643207.902   1643208.112   1643216.976   1643208.454   1643210.158   1643214.482
        0.000   1643206.414         0.000   1643224.802   1643211.747         0.000         0.000   1643217.698   1643196.613         0.000   1643225.015   1643238.867   1643223.242         0.000   1643222.810         0.000   1643226.427         0.000         0.000         0.000         0.000         0.000         0.000         0.000
        0.000   1643213.880         0.000   1643219.017   1643214.372   1643212.578         0.000   1643216.836   1643218.076   1643224.869   1643228.921   1643232.005   1643226.732   1643220.919   1643225.355         0.000   1643226.849   1643210.070   1643209.442   1643210.623   1643211.388   1643212.040   1643212.300   1643212.246
        0.000   1643210.461         0.000   1643217.255   1643211.159         0.000         0.000   1643212.937   1643213.989         0.000   1643224.425   1643225.093   1643222.957         0.000   1643221.333         0.000   1643226.045         0.000         0.000         0.000         0.000         0.000         0.000         0.000
3 ddres   : dt=0.0050 ns=20
3 sat=  9-  4 L1 v=       -0.001 R= 0.000037  0.000042 lock= 5 x=-27.523 P=92.210
3 sat=  9-  8 L1 v=        0.000 R= 0.000037  0.000092 lock= 5 x=-8.944 P=92.524
3 sat=  9- 16 L1 v=       -0.000 R= 0.000037  0.000063 lock= 5 x=-52.615 P=92.782
3 sat=  9- 27 L1 v=       -0.002 R= 0.000037  0.000067 lock= 5 x=-41.645 P=92.456
3 sat=  9- 30 L1 v=        0.003 R= 0.000037  0.000249 lock= 5 x=-142.779 P=95.708
3 sat=  9-  4 P1 v=       -0.207 R= 3.334387  3.795794 lock= 5 x=-27.523 P=92.210
3 sat=  9-  8 P1 v=       -0.731 R= 3.334387  8.246693 lock= 5 x=-8.944 P=92.524
3 sat=  9- 16 P1 v=       -0.304 R= 3.334387  5.684378 lock= 5 x=-52.615 P=92.782
3 sat=  9- 27 P1 v=       -0.286 R= 3.334387  6.023349 lock= 5 x=-41.645 P=92.456
3 sat=  9- 30 P1 v=       -1.157 R= 3.334387 22.400503 lock= 5 x=-142.779 P=95.708
3 sat= 39- 38 L1 v=        0.006 R= 0.000091  0.000122 lock= 5 x=-64.391 P=92.957
3 sat= 39- 40 L1 v=       -0.001 R= 0.000091  0.000389 lock= 5 x=88.360 P=93.688
3 sat= 39- 41 L1 v=        0.006 R= 0.000091  0.000092 lock= 5 x=-51.169 P=92.429
3 sat= 39- 42 L1 v=        0.006 R= 0.000091  0.000337 lock= 5 x=-13.258 P=92.989
3 sat= 39- 48 L1 v=        0.002 R= 0.000091  0.000133 lock= 5 x=-47.482 P=92.737
3 sat= 39- 50 L1 v=        0.010 R= 0.000091  0.000633 lock= 5 x=32.051 P=93.627
3 sat= 39- 40 L2 v=        0.000 R= 0.000091  0.000389 lock= 5 x=27.999 P=130.842
3 sat= 39- 41 L2 v=        0.006 R= 0.000091  0.000092 lock= 5 x=-75.013 P=129.723
3 sat= 39- 48 L2 v=        0.001 R= 0.000091  0.000133 lock= 5 x=-54.069 P=129.733
3 sat= 39- 50 L2 v=        0.002 R= 0.000091  0.000633 lock= 5 x=-28.633 P=130.195
3 sat= 39- 38 P1 v=        2.409 R= 8.224777 10.972549 lock= 5 x=-64.391 P=92.957
3 sat= 39- 40 P1 v=       -1.372 R= 8.224777 34.998643 lock= 5 x=88.360 P=93.688
3 sat= 39- 41 P1 v=        2.085 R= 8.224777  8.263657 lock= 5 x=-51.169 P=92.429
3 sat= 39- 42 P1 v=        1.966 R= 8.224777 30.338582 lock= 5 x=-13.258 P=92.989
3 sat= 39- 48 P1 v=        1.817 R= 8.224777 11.967874 lock= 5 x=-47.482 P=92.737
3 sat= 39- 50 P1 v=        1.944 R= 8.224777 56.991197 lock= 5 x=32.051 P=93.627
3 sat= 39- 40 P2 v=        0.289 R= 8.224777 34.998643 lock= 5 x=27.999 P=130.842
3 sat= 39- 41 P2 v=        0.380 R= 8.224777  8.263657 lock= 5 x=-75.013 P=129.723
3 sat= 39- 48 P2 v=       -0.337 R= 8.224777 11.967874 lock= 5 x=-54.069 P=129.733
3 sat= 39- 50 P2 v=       -0.336 R= 8.224777 56.991197 lock= 5 x=-28.633 P=130.195
3 sat= 60- 63 L1 v=       -0.002 R= 0.000036  0.000039 lock= 5 x=-62.117 P=84.769
3 sat= 60- 68 L1 v=        0.001 R= 0.000036  0.000167 lock= 5 x=-30.762 P=86.863
3 sat= 60- 73 L1 v=        0.006 R= 0.000036  0.000105 lock= 5 x=-11.332 P=85.761
3 sat= 60- 78 L1 v=        0.004 R= 0.000036  0.000060 lock= 5 x=-16.086 P=85.273
3 sat= 60- 80 L1 v=       -0.000 R= 0.000036  0.000060 lock= 5 x=-73.831 P=85.532
3 sat= 60- 90 L1 v=        0.005 R= 0.000036  0.000095 lock= 5 x=-36.053 P=85.681
3 sat= 60- 63 P1 v=       -0.574 R= 3.271638  3.469371 lock= 5 x=-62.117 P=84.769
3 sat= 60- 68 P1 v=       -0.109 R= 3.271638 15.021736 lock= 5 x=-30.762 P=86.863
3 sat= 60- 73 P1 v=       -0.008 R= 3.271638  9.433452 lock= 5 x=-11.332 P=85.761
3 sat= 60- 78 P1 v=       -1.371 R= 3.271638  5.409138 lock= 5 x=-16.086 P=85.273
3 sat= 60- 80 P1 v=       -0.934 R= 3.271638  5.429665 lock= 5 x=-73.831 P=85.532
3 sat= 60- 90 P1 v=        0.043 R= 3.271638  8.544059 lock= 5 x=-36.053 P=85.681
3 before filter x=-1276971.7840 -4717197.3866 4087248.5181 0.0012 -0.0018 0.0056 0.0009 -0.0014 0.0034
3 after filter x=-1276971.7792 -4717197.3755 4087248.5200 0.0006 0.0018 -0.0041 0.0004 0.0019 -0.0057
3 posvar=0.079162 
3 zdres: n=24 rr=-1276971.78 -4717197.38 4087248.52
3 unhealthy satellite: sat=7 svh=3f
3 y=
        0.000   1643215.940         0.000   1643224.469   1643213.772   1643211.957         0.000   1643217.619   1643193.723   1643222.190   1643229.779   1643246.638   1643227.572   1643225.311   1643223.608         0.000   1643236.934   1643209.878   1643207.894   1643208.114   1643216.967   1643208.443   1643210.158   1643214.472
        0.000   1643206.404         0.000   1643224.792   1643211.740         0.000         0.000   1643217.694   1643196.611         0.000   1643225.009   1643238.871   1643223.237         0.000   1643222.812         0.000   1643226.429         0.000         0.000         0.000         0.000         0.000         0.000         0.000
        0.000   1643213.870         0.000   1643219.007   1643214.365   1643212.579         0.000   1643216.832   1643218.074   1643224.857   1643228.915   1643232.009   1643226.727   1643220.913   1643225.356         0.000   1643226.851   1643210.062   1643209.435   1643210.625   1643211.379   1643212.028   1643212.301   1643212.237
        0.000   1643210.451         0.000   1643217.245   1643211.152         0.000         0.000   1643212.933   1643213.987         0.000   1643224.419   1643225.097   1643222.952         0.000   1643221.334         0.000   1643226.047         0.000         0.000         0.000         0.000         0.000         0.000         0.000
3 ddres   : dt=0.0050 ns=20
3 sat=  9-  4 L1 v=       -0.002 R= 0.000037  0.000042 lock= 5 x=-27.537 P=92.202
3 sat=  9-  8 L1 v=       -0.003 R= 0.000037  0.000092 lock= 5 x=-8.968 P=92.502
3 sat=  9- 16 L1 v=        0.000 R= 0.000037  0.000063 lock= 5 x=-52.564 P=92.750
3 sat=  9- 27 L1 v=       -0.003 R= 0.000037  0.000067 lock= 5 x=-41.631 P=92.442
3 sat=  9- 30 L1 v=       -0.001 R= 0.000037  0.000249 lock= 5 x=-142.766 P=95.576
3 sat=  9-  4 P1 v=       -0.205 R= 3.334387  3.795794 lock= 5 x=-27.537 P=92.202
3 sat=  9-  8 P1 v=       -0.729 R= 3.334387  8.246693 lock= 5 x=-8.968 P=92.502
3 sat=  9- 16 P1 v=       -0.312 R= 3.334387  5.684378 lock= 5 x=-52.564 P=92.750
3 sat=  9- 27 P1 v=       -0.289 R= 3.334387  6.023349 lock= 5 x=-41.631 P=92.442
3 sat=  9- 30 P1 v=       -1.161 R= 3.334387 22.400503 lock= 5 x=-142.766 P=95.576
3 sat= 39- 38 L1 v=        0.003 R= 0.000091  0.000122 lock= 5 x=-64.450 P=92.911
3 sat= 39- 40 L1 v=       -0.002 R= 0.000091  0.000389 lock= 5 x=88.400 P=93.642
3 sat= 39- 41 L1 v=        0.006 R= 0.000091  0.000092 lock= 5 x=-51.174 P=92.410
3 sat= 39- 42 L1 v=        0.002 R= 0.000091  0.000337 lock= 5 x=-13.290 P=92.937
3 sat= 39- 48 L1 v=        0.003 R= 0.000091  0.000133 lock= 5 x=-47.450 P=92.711
3 sat= 39- 50 L1 v=        0.008 R= 0.000091  0.000633 lock= 5 x=32.072 P=93.570
3 sat= 39- 40 L2 v=       -0.000 R= 0.000091  0.000389 lock= 5 x=28.019 P=130.816
3 sat= 39- 41 L2 v=        0.006 R= 0.000091  0.000092 lock= 5 x=-75.028 P=129.711
3 sat= 39- 48 L2 v=        0.001 R= 0.000091  0.000133 lock= 5 x=-54.054 P=129.725
3 sat= 39- 50 L2 v=        0.001 R= 0.000091  0.000633 lock= 5 x=-28.626 P=130.165
3 sat= 39- 38 P1 v=        2.414 R= 8.224777 10.972549 lock= 5 x=-64.450 P=92.911
3 sat= 39- 40 P1 v=       -1.382 R= 8.224777 34.998643 lock= 5 x=88.400 P=93.642
3 sat= 39- 41 P1 v=        2.084 R= 8.224777  8.263657 lock= 5 x=-51.174 P=92.410
3 sat= 39- 42 P1 v=        1.966 R= 8.224777 30.338582 lock= 5 x=-13.290 P=92.937
3 sat= 39- 48 P1 v=        1.809 R= 8.224777 11.967874 lock= 5 x=-47.450 P=92.711
3 sat= 39- 50 P1 v=        1.936 R= 8.224777 56.991197 lock= 5 x=32.072 P=93.570
3 sat= 39- 40 P2 v=        0.279 R= 8.224777 34.998643 lock= 5 x=28.019 P=130.816
3 sat= 39- 41 P2 v=        0.379 R= 8.224777  8.263657 lock= 5 x=-75.028 P=129.711
3 sat= 39- 48 P2 v=       -0.345 R= 8.224777 11.967874 lock= 5 x=-54.054 P=129.725
3 sat= 39- 50 P2 v=       -0.344 R= 8.224777 56.991197 lock= 5 x=-28.626 P=130.165
3 sat= 60- 63 L1 v=       -0.002 R= 0.000036  0.000039 lock= 5 x=-62.115 P=84.762
3 sat= 60- 68 L1 v=       -0.000 R= 0.000036  0.000167 lock= 5 x=-30.715 P=86.774
3 sat= 60- 73 L1 v=        0.002 R= 0.000036  0.000105 lock= 5 x=-11.360 P=85.716
3 sat= 60- 78 L1 v=        0.001 R= 0.000036  0.000060 lock= 5 x=-16.119 P=85.247
3 sat= 60- 80 L1 v=       -0.000 R= 0.000036  0.000060 lock= 5 x=-73.784 P=85.496
3 sat= 60- 90 L1 v=        0.001 R= 0.000036  0.000095 lock= 5 x=-36.083 P=85.635
3 sat= 60- 63 P1 v=       -0.574 R= 3.271638  3.469371 lock= 5 x=-62.115 P=84.762
3 sat= 60- 68 P1 v=       -0.119 R= 3.271638 15.021736 lock= 5 x=-30.715 P=86.774
3 sat= 60- 73 P1 v=       -0.007 R= 3.271638  9.433452 lock= 5 x=-11.360 P=85.716
3 sat= 60- 78 P1 v=       -1.368 R= 3.271638  5.409138 lock= 5 x=-16.119 P=85.247
3 sat= 60- 80 P1 v=       -0.943 R= 3.271638  5.429665 lock= 5 x=-73.784 P=85.496
3 sat= 60- 90 P1 v=        0.045 R= 3.271638  8.544059 lock= 5 x=-36.083 P=85.635
3 valpos  : nv=42 thres=4.0
3 posvar=0.079162
3 prevRatios = 3.921 3.921
3 refSats=       4       4       4       4       4      38      38      38      38      38      38      39      39      39      39      60      60      60      60      60      60
3 fixSats=       8       9      16      27      30      39      40      41      42      48      50      40      41      48      50      63      68      73      78      80      90
3 N(0)=       -18.57   41.33   25.03   14.09  115.23  -52.59 -152.85  -13.28  -51.16  -17.00  -96.52  -68.80   34.25   13.28  -12.15    9.10  -22.30  -41.66  -36.90   20.77  -16.93
3 Qb*1000=   571.2108 613.1099 1269.6403 564.3112 4969.3097 962.9710 4023.2660 1116.4263 2167.2919 2136.0828 2908.6345 1290.5334  9.2591 783.0628 2045.4121 86.9887 3245.1279 1787.2504 987.3882 1180.0162 1878.6590
3 N(1)=       -18.00   40.00   22.00   13.00  113.00  -55.00 -158.00  -16.00  -53.00  -21.00 -100.00  -71.00   34.00   12.00  -13.00    9.00  -25.00  -40.00  -35.00   19.00  -16.00
3 N(2)=       -18.00   40.00   22.00   13.00  113.00  -55.00 -158.00  -16.00  -53.00  -21.00  -99.00  -71.00   34.00   12.00  -13.00    9.00  -25.00  -40.00  -35.00   19.00  -16.00
3 resamb : validation ok (nb=21 ratio=3.94 thresh=3.00 s=1073.57/272.59
3 restamb :
3 lambda: nb=21 r1= 3.921 r2=3.921 r=3.938
3 zdres: n=24 rr=-1276971.65 -4717196.86 4087248.82
3 unhealthy satellite: sat=7 svh=3f
3 y=
        0.000   1643215.521         0.000   1643223.955   1643213.608   1643212.120         0.000   1643217.415   1643193.745   1643221.632   1643229.675   1643247.033   1643227.531   1643225.112   1643223.809         0.000   1643237.007   1643209.685   1643207.724   1643208.436   1643216.454   1643207.896   1643210.309   1643214.102
        0.000   1643205.986         0.000   1643224.278   1643211.575         0.000         0.000   1643217.490   1643196.633         0.000   1643224.905   1643239.266   1643223.195         0.000   1643223.012         0.000   1643226.501         0.000         0.000         0.000         0.000         0.000         0.000         0.000
        0.000   1643213.452         0.000   1643218.493   1643214.200   1643212.742         0.000   1643216.628   1643218.096   1643224.300   1643228.811   1643232.404   1643226.686   1643220.714   1643225.556         0.000   1643226.923   1643209.868   1643209.264   1643210.946   1643210.866   1643211.481   1643212.452   1643211.866
        0.000   1643210.033         0.000   1643216.731   1643210.987         0.000         0.000   1643212.729   1643214.009         0.000   1643224.315   1643225.492   1643222.911         0.000   1643221.534         0.000   1643226.119         0.000         0.000         0.000         0.000         0.000         0.000         0.000
3 ddres   : dt=0.0050 ns=20
3 sat=  9-  4 L1 v=       -0.002 R= 0.000037  0.000042 lock= 5 x=-27.537 P=92.202
3 sat=  9-  8 L1 v=       -0.015 R= 0.000037  0.000092 lock= 5 x=-9.537 P=92.502
3 sat=  9- 16 L1 v=       -0.005 R= 0.000037  0.000063 lock= 5 x=-49.537 P=92.750
3 sat=  9- 27 L1 v=       -0.008 R= 0.000037  0.000067 lock= 5 x=-40.537 P=92.442
3 sat=  9- 30 L1 v=       -0.016 R= 0.000037  0.000249 lock= 5 x=-140.537 P=95.576
3 sat=  9-  4 P1 v=        0.049 R= 3.334387  3.795795 lock= 5 x=-27.537 P=92.202
3 sat=  9-  8 P1 v=       -0.380 R= 3.334387  8.246695 lock= 5 x=-9.537 P=92.502
3 sat=  9- 16 P1 v=       -0.639 R= 3.334387  5.684378 lock= 5 x=-49.537 P=92.750
3 sat=  9- 27 P1 v=       -0.249 R= 3.334387  6.023349 lock= 5 x=-40.537 P=92.442
3 sat=  9- 30 P1 v=       -1.348 R= 3.334387 22.400500 lock= 5 x=-140.537 P=95.576
3 sat= 39- 38 L1 v=        0.006 R= 0.000091  0.000122 lock= 5 x=-64.450 P=92.911
3 sat= 39- 40 L1 v=        0.010 R= 0.000091  0.000389 lock= 5 x=93.550 P=93.642
3 sat= 39- 41 L1 v=        0.002 R= 0.000091  0.000092 lock= 5 x=-48.450 P=92.410
3 sat= 39- 42 L1 v=       -0.009 R= 0.000091  0.000337 lock= 5 x=-11.450 P=92.937
3 sat= 39- 48 L1 v=       -0.004 R= 0.000091  0.000133 lock= 5 x=-43.450 P=92.711
3 sat= 39- 50 L1 v=        0.032 R= 0.000091  0.000633 lock= 5 x=35.550 P=93.570
3 sat= 39- 40 L2 v=        0.029 R= 0.000091  0.000389 lock= 5 x=30.222 P=130.816
3 sat= 39- 41 L2 v=        0.003 R= 0.000091  0.000092 lock= 5 x=-74.778 P=129.711
3 sat= 39- 48 L2 v=        0.004 R= 0.000091  0.000133 lock= 5 x=-52.778 P=129.725
3 sat= 39- 50 L2 v=        0.028 R= 0.000091  0.000633 lock= 5 x=-27.778 P=130.165
3 sat= 39- 38 P1 v=        2.868 R= 8.224777 10.972550 lock= 5 x=-64.450 P=92.911
3 sat= 39- 40 P1 v=       -1.881 R= 8.224777 34.998626 lock= 5 x=93.550 P=93.642
3 sat= 39- 41 P1 v=        2.021 R= 8.224777  8.263656 lock= 5 x=-48.450 P=92.410
3 sat= 39- 42 P1 v=        2.060 R= 8.224777 30.338584 lock= 5 x=-11.450 P=92.937
3 sat= 39- 48 P1 v=        1.504 R= 8.224777 11.967873 lock= 5 x=-43.450 P=92.711
3 sat= 39- 50 P1 v=        1.760 R= 8.224777 56.991185 lock= 5 x=35.550 P=93.570
3 sat= 39- 40 P2 v=       -0.220 R= 8.224777 34.998626 lock= 5 x=30.222 P=130.816
3 sat= 39- 41 P2 v=        0.316 R= 8.224777  8.263656 lock= 5 x=-74.778 P=129.711
3 sat= 39- 48 P2 v=       -0.650 R= 8.224777 11.967873 lock= 5 x=-52.778 P=129.725
3 sat= 39- 50 P2 v=       -0.520 R= 8.224777 56.991185 lock= 5 x=-27.778 P=130.165
3 sat= 60- 63 L1 v=       -0.006 R= 0.000036  0.000039 lock= 5 x=-62.017 P=84.762
3 sat= 60- 68 L1 v=       -0.001 R= 0.000036  0.000167 lock= 5 x=-28.017 P=86.774
3 sat= 60- 73 L1 v=        0.006 R= 0.000036  0.000105 lock= 5 x=-13.017 P=85.716
3 sat= 60- 78 L1 v=       -0.007 R= 0.000036  0.000060 lock= 5 x=-18.017 P=85.247
3 sat= 60- 80 L1 v=       -0.008 R= 0.000036  0.000060 lock= 5 x=-72.017 P=85.496
3 sat= 60- 90 L1 v=        0.001 R= 0.000036  0.000095 lock= 5 x=-37.017 P=85.635
3 sat= 60- 63 P1 v=       -0.596 R= 3.271638  3.469371 lock= 5 x=-62.017 P=84.762
3 sat= 60- 68 P1 v=       -0.633 R= 3.271638 15.021730 lock= 5 x=-28.017 P=86.774
3 sat= 60- 73 P1 v=        0.313 R= 3.271638  9.433454 lock= 5 x=-13.017 P=85.716
3 sat= 60- 78 P1 v=       -1.014 R= 3.271638  5.409139 lock= 5 x=-18.017 P=85.247
3 sat= 60- 80 P1 v=       -1.287 R= 3.271638  5.429664 lock= 5 x=-72.017 P=85.496
3 sat= 60- 90 P1 v=        0.222 R= 3.271638  8.544060 lock= 5 x=-37.017 P=85.635
3 valpos  : nv=42 thres=4.0
3 sol_rr=    -1276971.646    -4717196.856     4087248.823           0.001           0.002          -0.004
1 
---------------------------------------------------------
1 relpos: dt=0.005 nu=24 nr=26
1 ---------------------------------------------------------
3 satposs  : teph= 2020/12/24 22:08:39.005 n=24 ephopt=0
3 satposs  : teph= 2020/12/24 22:08:39.000 n=26 ephopt=0
3 base station:
3 zdres: n=26 rr=-1283433.94 -4713073.29 4090105.09
3 sat= 4 rs=    -9554.261 -24847472.909   9315929.990 dts=-0.0001671608 az= 141.9 el= 59.5
3 unhealthy satellite: sat=7 svh=3f
3 sat= 8 rs=  5095350.062 -25894212.378   -819401.103 dts=-0.0000040918 az= 143.5 el= 29.6
3 sat= 9 rs= -9308891.330 -17146569.288  17946484.417 dts=-0.0003052095 az= 288.6 el= 76.5
3 sat=16 rs=  9931317.854 -11014079.582  21784729.285 dts=-0.0002551589 az=  47.3 el= 39.1
3 sat=27 rs= 12302242.260 -20672108.603  10702543.321 dts=-0.0000418404 az=  98.4 el= 37.3
3 sat=30 rs=-24313867.539  -1727789.435  10857489.437 dts=-0.0003578176 az= 277.7 el= 16.3
3 sat=38 rs= -8303622.554 -23987029.880   2352209.907 dts= 0.0001897532 az= 186.7 el= 44.8
3 sat=39 rs=-12404353.137 -13677823.445  17604669.276 dts=-0.0000419300 az= 288.9 el= 63.2
3 sat=40 rs=-10334904.149   3803560.270  23055672.981 dts=-0.0000564558 az= 329.0 el= 20.0
3 sat=41 rs=-11184896.852 -12550510.757  19225744.743 dts= 0.0000148842 az= 303.8 el= 62.8
3 sat=42 rs=-23294718.525  -8579587.572   5687445.269 dts=-0.0000649858 az= 256.4 el= 21.8
3 sat=48 rs=  7102338.856  -9561533.637  22548515.251 dts=-0.0000094939 az=  36.8 el= 41.4
3 sat=50 rs= 19287156.460 -11445171.450  12126124.430 dts= 0.0000607964 az=  75.9 el= 15.1
3 sat=60 rs= -8773061.533 -20441631.721  19526251.178 dts=-0.0010103687 az= 283.7 el= 82.1
3 sat=63 rs=-13414745.825 -18127495.336  19169279.512 dts=-0.0006747671 az= 277.9 el= 69.5
3 sat=68 rs=-16813231.437   4231087.246  23985765.690 dts= 0.0058217661 az= 316.3 el= 20.4
3 sat=73 rs=  6529213.604 -28195478.300  -2332002.303 dts=-0.0012706425 az= 143.0 el= 27.0
3 sat=78 rs=  -571108.648 -29566792.357   1219804.826 dts= 0.0001612760 az= 157.6 el= 40.8
3 sat=80 rs= 11135788.445 -12457886.073  24434905.052 dts=-0.0006390823 az=  47.5 el= 40.7
3 sat=90 rs=-24347286.447 -16588920.785   2828789.550 dts=-0.0004767740 az= 237.4 el= 29.0
3 y=
        0.000         8.842         0.000        13.839        14.542         9.623         0.000        13.204         8.555        17.041        14.760        12.898        19.930        10.569        15.257         0.000        13.700         0.000        10.813        10.558         4.804         0.000         9.976         2.356        15.044        12.184
        0.000         0.000         0.000         0.000         0.000         0.000         0.000         0.000         0.000         0.000        23.975        21.320        30.483         0.000        24.993         0.000        22.500         0.000         0.000         0.000         0.000         0.000         0.000         0.000         0.000         0.000
        0.000         2.218         0.000         6.822         2.854         0.782         0.000         5.008         5.475         8.682        10.426        12.254        10.223         4.395         8.520         0.000        10.177         0.000         1.084        -0.174         1.477         0.000         2.443         1.674         2.325         3.234
        0.000         0.000         0.000         0.000         0.000         0.000         0.000         0.000         0.000         0.000        13.560        14.920        12.503         0.000        10.268         0.000        14.969         0.000         0.000         0.000         0.000         0.000         0.000         0.000         0.000         0.000
3 selsat  : nu=24 nr=26
3 before udstate: x=-1276971.7792 -4717197.3755 4087248.5200 0.0006 0.0018 -0.0041 0.0004 0.0019 -0.0057
3 udstate : ns=20
3 udpos : tt=1.000
3 udbias  : tt=1.000 ns=20
3 after udstate x=-1276971.7785 -4717197.3727 4087248.5131 0.0009 0.0037 -0.0097 0.0004 0.0019 -0.0057
3 rover: dt=0.005
3 zdres: n=24 rr=-1276971.78 -4717197.37 4087248.51
3 unhealthy satellite: sat=7 svh=3f
3 y=
        0.000   1643298.186         0.000   1643306.721   1643296.016   1643294.201         0.000   1643299.870   1643275.971   1643304.443   1643312.021   1643328.886   1643309.818   1643307.558   1643305.847         0.000   1643319.183   1643292.123   1643290.139   1643290.363   1643299.221   1643290.695   1643292.402   1643296.723
        0.000   1643288.649         0.000   1643307.044   1643293.983         0.000         0.000   1643299.939   1643278.866         0.000   1643307.250   1643321.123   1643305.483         0.000   1643305.053         0.000   1643308.684         0.000         0.000         0.000         0.000         0.000         0.000         0.000
        0.000   1643296.009         0.000   1643301.275   1643296.535   1643294.825         0.000   1643299.201   1643300.297   1643307.044   1643311.233   1643314.173   1643308.936   1643303.268   1643307.703         0.000   1643309.122   1643292.318   1643291.573   1643292.873   1643293.813   1643294.065   1643294.455   1643294.583
        0.000   1643292.663         0.000   1643299.348   1643293.406         0.000         0.000   1643295.099   1643296.199         0.000   1643306.711   1643307.273   1643305.174         0.000   1643303.623         0.000   1643308.394         0.000         0.000         0.000         0.000         0.000         0.000         0.000
3 ddres   : dt=0.0050 ns=20
3 sat=  9-  4 L1 v=       -0.005 R= 0.000037  0.000042 lock= 6 x=-27.473 P=92.202
3 sat=  9-  8 L1 v=       -0.010 R= 0.000037  0.000092 lock= 6 x=-8.904 P=92.502
3 sat=  9- 16 L1 v=       -0.001 R= 0.000037  0.000063 lock= 6 x=-52.499 P=92.750
3 sat=  9- 27 L1 v=       -0.009 R= 0.000037  0.000067 lock= 6 x=-41.567 P=92.442
3 sat=  9- 30 L1 v=       -0.005 R= 0.000037  0.000249 lock= 6 x=-142.702 P=95.576
3 sat=  9-  4 P1 v=       -0.109 R= 3.334305  3.796151 lock= 6 x=-27.473 P=92.202
3 sat=  9-  8 P1 v=       -0.772 R= 3.334305  8.243947 lock= 6 x=-8.904 P=92.502
3 sat=  9- 16 P1 v=       -0.362 R= 3.334305  5.685628 lock= 6 x=-52.499 P=92.750
3 sat=  9- 27 P1 v=       -0.512 R= 3.334305  6.022730 lock= 6 x=-41.567 P=92.442
3 sat=  9- 30 P1 v=       -1.141 R= 3.334305 22.387653 lock= 6 x=-142.702 P=95.576
3 sat= 39- 38 L1 v=       -0.002 R= 0.000091  0.000122 lock= 6 x=-64.386 P=92.911
3 sat= 39- 40 L1 v=       -0.002 R= 0.000091  0.000389 lock= 6 x=88.464 P=93.642
3 sat= 39- 41 L1 v=        0.006 R= 0.000091  0.000092 lock= 6 x=-51.110 P=92.410
3 sat= 39- 42 L1 v=       -0.005 R= 0.000091  0.000337 lock= 6 x=-13.226 P=92.937
3 sat= 39- 48 L1 v=        0.005 R= 0.000091  0.000133 lock= 6 x=-47.386 P=92.711
3 sat= 39- 50 L1 v=        0.003 R= 0.000091  0.000633 lock= 6 x=32.136 P=93.570
3 sat= 39- 40 L2 v=       -0.006 R= 0.000091  0.000389 lock= 6 x=28.355 P=130.816
3 sat= 39- 41 L2 v=        0.005 R= 0.000091  0.000092 lock= 6 x=-74.692 P=129.711
3 sat= 39- 48 L2 v=       -0.001 R= 0.000091  0.000133 lock= 6 x=-53.719 P=129.725
3 sat= 39- 50 L2 v=       -0.009 R= 0.000091  0.000633 lock= 6 x=-28.290 P=130.165
3 sat= 39- 38 P1 v=        2.445 R= 8.224532 10.975053 lock= 6 x=-64.386 P=92.911
3 sat= 39- 40 P1 v=       -1.113 R= 8.224532 34.976521 lock= 6 x=88.464 P=93.642
3 sat= 39- 41 P1 v=        2.094 R= 8.224532  8.263510 lock= 6 x=-51.110 P=92.410
3 sat= 39- 42 P1 v=        1.934 R= 8.224532 30.325487 lock= 6 x=-13.226 P=92.937
3 sat= 39- 48 P1 v=        1.623 R= 8.224532 11.970094 lock= 6 x=-47.386 P=92.711
3 sat= 39- 50 P1 v=        1.861 R= 8.224532 56.962988 lock= 6 x=32.136 P=93.570
3 sat= 39- 40 P2 v=        0.797 R= 8.224532 34.976521 lock= 6 x=28.355 P=130.816
3 sat= 39- 41 P2 v=        0.480 R= 8.224532  8.263510 lock= 6 x=-74.692 P=129.711
3 sat= 39- 48 P2 v=       -0.205 R= 8.224532 11.970094 lock= 6 x=-53.719 P=129.725
3 sat= 39- 50 P2 v=       -0.275 R= 8.224532 56.962988 lock= 6 x=-28.290 P=130.165
3 sat= 60- 63 L1 v=       -0.001 R= 0.000036  0.000039 lock= 6 x=-62.051 P=84.762
3 sat= 60- 68 L1 v=       -0.004 R= 0.000036  0.000167 lock= 6 x=-30.651 P=86.774
3 sat= 60- 73 L1 v=       -0.006 R= 0.000036  0.000105 lock= 6 x=-11.295 P=85.716
3 sat= 60- 78 L1 v=       -0.007 R= 0.000036  0.000060 lock= 6 x=-16.055 P=85.247
3 sat= 60- 80 L1 v=        0.001 R= 0.000036  0.000060 lock= 6 x=-73.720 P=85.496
3 sat= 60- 90 L1 v=       -0.006 R= 0.000036  0.000095 lock= 6 x=-36.019 P=85.635
3 sat= 60- 63 P1 v=       -0.511 R= 3.271624  3.469319 lock= 6 x=-62.051 P=84.762
3 sat= 60- 68 P1 v=       -0.161 R= 3.271624 15.015333 lock= 6 x=-30.651 P=86.774
3 sat= 60- 73 P1 v=       -0.134 R= 3.271624  9.430808 lock= 6 x=-11.295 P=85.716
3 sat= 60- 78 P1 v=       -1.156 R= 3.271624  5.410128 lock= 6 x=-16.055 P=85.247
3 sat= 60- 80 P1 v=       -0.895 R= 3.271624  5.430509 lock= 6 x=-73.720 P=85.496
3 sat= 60- 90 P1 v=       -0.114 R= 3.271624  8.541922 lock= 6 x=-36.019 P=85.635
3 before filter x=-1276971.7785 -4717197.3727 4087248.5131 0.0009 0.0037 -0.0097 0.0004 0.0019 -0.0057
3 after filter x=-1276971.7756 -4717197.3714 4087248.5259 -0.0017 -0.0044 0.0097 -0.0022 -0.0057 0.0128
3 posvar=0.075765 
3 zdres: n=24 rr=-1276971.78 -4717197.37 4087248.53
3 unhealthy satellite: sat=7 svh=3f
3 y=
        0.000   1643298.188         0.000   1643306.718   1643296.023   1643294.212         0.000   1643299.875   1643275.972   1643304.440   1643312.028   1643328.896   1643309.826   1643307.556   1643305.860         0.000   1643319.189   1643292.130   1643290.145   1643290.371   1643299.217   1643290.692   1643292.414   1643296.720
        0.000   1643288.651         0.000   1643307.041   1643293.990         0.000         0.000   1643299.944   1643278.867         0.000   1643307.257   1643321.133   1643305.491         0.000   1643305.065         0.000   1643308.690         0.000         0.000         0.000         0.000         0.000         0.000         0.000
        0.000   1643296.011         0.000   1643301.272   1643296.542   1643294.837         0.000   1643299.206   1643300.298   1643307.041   1643311.240   1643314.184   1643308.943   1643303.266   1643307.715         0.000   1643309.129   1643292.325   1643291.579   1643292.881   1643293.809   1643294.062   1643294.466   1643294.579
        0.000   1643292.665         0.000   1643299.345   1643293.413         0.000         0.000   1643295.104   1643296.200         0.000   1643306.718   1643307.284   1643305.181         0.000   1643303.635         0.000   1643308.401         0.000         0.000         0.000         0.000         0.000         0.000         0.000
3 ddres   : dt=0.0050 ns=20
3 sat=  9-  4 L1 v=       -0.001 R= 0.000037  0.000042 lock= 6 x=-27.481 P=92.196
3 sat=  9-  8 L1 v=       -0.001 R= 0.000037  0.000092 lock= 6 x=-8.912 P=92.481
3 sat=  9- 16 L1 v=       -0.000 R= 0.000037  0.000063 lock= 6 x=-52.470 P=92.719
3 sat=  9- 27 L1 v=       -0.004 R= 0.000037  0.000067 lock= 6 x=-41.554 P=92.429
3 sat=  9- 30 L1 v=        0.002 R= 0.000037  0.000249 lock= 6 x=-142.700 P=95.451
3 sat=  9-  4 P1 v=       -0.104 R= 3.334305  3.796151 lock= 6 x=-27.481 P=92.196
3 sat=  9-  8 P1 v=       -0.762 R= 3.334305  8.243947 lock= 6 x=-8.912 P=92.481
3 sat=  9- 16 P1 v=       -0.367 R= 3.334305  5.685628 lock= 6 x=-52.470 P=92.719
3 sat=  9- 27 P1 v=       -0.510 R= 3.334305  6.022730 lock= 6 x=-41.554 P=92.429
3 sat=  9- 30 P1 v=       -1.135 R= 3.334305 22.387653 lock= 6 x=-142.700 P=95.451
3 sat= 39- 38 L1 v=        0.004 R= 0.000091  0.000122 lock= 6 x=-64.417 P=92.867
3 sat= 39- 40 L1 v=        0.001 R= 0.000091  0.000389 lock= 6 x=88.484 P=93.600
3 sat= 39- 41 L1 v=        0.006 R= 0.000091  0.000092 lock= 6 x=-51.117 P=92.392
3 sat= 39- 42 L1 v=        0.002 R= 0.000091  0.000337 lock= 6 x=-13.246 P=92.889
3 sat= 39- 48 L1 v=        0.005 R= 0.000091  0.000133 lock= 6 x=-47.365 P=92.686
3 sat= 39- 50 L1 v=        0.009 R= 0.000091  0.000633 lock= 6 x=32.158 P=93.516
3 sat= 39- 40 L2 v=       -0.004 R= 0.000091  0.000389 lock= 6 x=28.365 P=130.792
3 sat= 39- 41 L2 v=        0.005 R= 0.000091  0.000092 lock= 6 x=-74.705 P=129.699
3 sat= 39- 48 L2 v=       -0.001 R= 0.000091  0.000133 lock= 6 x=-53.709 P=129.717
3 sat= 39- 50 L2 v=       -0.003 R= 0.000091  0.000633 lock= 6 x=-28.278 P=130.137
3 sat= 39- 38 P1 v=        2.455 R= 8.224532 10.975053 lock= 6 x=-64.417 P=92.867
3 sat= 39- 40 P1 v=       -1.117 R= 8.224532 34.976521 lock= 6 x=88.484 P=93.600
3 sat= 39- 41 P1 v=        2.092 R= 8.224532  8.263510 lock= 6 x=-51.117 P=92.392
3 sat= 39- 42 P1 v=        1.942 R= 8.224532 30.325487 lock= 6 x=-13.246 P=92.889
3 sat= 39- 48 P1 v=        1.617 R= 8.224532 11.970094 lock= 6 x=-47.365 P=92.686
3 sat= 39- 50 P1 v=        1.861 R= 8.224532 56.962988 lock= 6 x=32.158 P=93.516
3 sat= 39- 40 P2 v=        0.793 R= 8.224532 34.976521 lock= 6 x=28.365 P=130.792
3 sat= 39- 41 P2 v=        0.478 R= 8.224532  8.263510 lock= 6 x=-74.705 P=129.699
3 sat= 39- 48 P2 v=       -0.211 R= 8.224532 11.970094 lock= 6 x=-53.709 P=129.717
3 sat= 39- 50 P2 v=       -0.275 R= 8.224532 56.962988 lock= 6 x=-28.278 P=130.137
3 sat= 60- 63 L1 v=       -0.000 R= 0.000036  0.000039 lock= 6 x=-62.054 P=84.755
3 sat= 60- 68 L1 v=       -0.001 R= 0.000036  0.000167 lock= 6 x=-30.627 P=86.691
3 sat= 60- 73 L1 v=        0.003 R= 0.000036  0.000105 lock= 6 x=-11.303 P=85.673
3 sat= 60- 78 L1 v=        0.001 R= 0.000036  0.000060 lock= 6 x=-16.069 P=85.222
3 sat= 60- 80 L1 v=        0.002 R= 0.000036  0.000060 lock= 6 x=-73.690 P=85.461
3 sat= 60- 90 L1 v=        0.002 R= 0.000036  0.000095 lock= 6 x=-36.036 P=85.591
3 sat= 60- 63 P1 v=       -0.511 R= 3.271624  3.469319 lock= 6 x=-62.054 P=84.755
3 sat= 60- 68 P1 v=       -0.163 R= 3.271624 15.015333 lock= 6 x=-30.627 P=86.691
3 sat= 60- 73 P1 v=       -0.124 R= 3.271624  9.430808 lock= 6 x=-11.303 P=85.673
3 sat= 60- 78 P1 v=       -1.146 R= 3.271624  5.410128 lock= 6 x=-16.069 P=85.222
3 sat= 60- 80 P1 v=       -0.899 R= 3.271624  5.430509 lock= 6 x=-73.690 P=85.461
3 sat= 60- 90 P1 v=       -0.104 R= 3.271624  8.541922 lock= 6 x=-36.036 P=85.591
3 valpos  : nv=42 thres=4.0
3 posvar=0.075765
3 prevRatios = 3.938 3.938
3 refSats=       4       4       4       4       4      38      38      38      38      38      38      39      39      39      39      60      60      60      60      60      60
3 fixSats=       8       9      16      27      30      39      40      41      42      48      50      40      41      48      50      63      68      73      78      80      90
3 N(0)=       -18.57   41.32   24.99   14.07  115.22  -52.61 -152.90  -13.30  -51.17  -17.05  -96.57  -68.82   34.25   13.25  -12.18    9.10  -22.33  -41.65  -36.89   20.74  -16.92
3 Qb*1000=   543.4958 592.3605 1215.2621 542.1804 4789.3323 922.1348 3862.0823 1068.1542 2090.3809 2041.1579 2793.1410 1235.4332  8.9067 755.2487 1971.2847 84.0492 3113.1326 1710.0573 944.3079 1134.0099 1793.8808
3 N(1)=       -18.00   40.00   22.00   13.00  113.00  -55.00 -158.00  -16.00  -53.00  -21.00 -100.00  -71.00   34.00   12.00  -13.00    9.00  -25.00  -40.00  -35.00   19.00  -16.00
3 N(2)=       -18.00   40.00   22.00   13.00  113.00  -55.00 -158.00  -16.00  -53.00  -21.00  -99.00  -71.00   34.00   12.00  -13.00    9.00  -25.00  -40.00  -35.00   19.00  -16.00
3 resamb : validation ok (nb=21 ratio=3.97 thresh=3.00 s=1113.33/280.76
3 restamb :
3 lambda: nb=21 r1= 3.938 r2=3.938 r=3.965
3 zdres: n=24 rr=-1276971.65 -4717196.86 4087248.83
3 unhealthy satellite: sat=7 svh=3f
3 y=
        0.000   1643297.775         0.000   1643306.209   1643295.862   1643294.373         0.000   1643299.671   1643275.997   1643303.889   1643311.927   1643329.288   1643309.787   1643307.362   1643306.057         0.000   1643319.258   1643291.940   1643289.978   1643290.691   1643298.709   1643290.151   1643292.562   1643296.356
        0.000   1643288.238         0.000   1643306.532   1643293.829         0.000         0.000   1643299.740   1643278.892         0.000   1643307.156   1643321.525   1643305.452         0.000   1643305.263         0.000   1643308.759         0.000         0.000         0.000         0.000         0.000         0.000         0.000
        0.000   1643295.597         0.000   1643300.762   1643296.381   1643294.997         0.000   1643299.003   1643300.322   1643306.490   1643311.139   1643314.576   1643308.905   1643303.072   1643307.913         0.000   1643309.198   1643292.135   1643291.412   1643293.201   1643293.301   1643293.521   1643294.615   1643294.215
        0.000   1643292.251         0.000   1643298.835   1643293.252         0.000         0.000   1643294.901   1643296.224         0.000   1643306.617   1643307.676   1643305.143         0.000   1643303.833         0.000   1643308.470         0.000         0.000         0.000         0.000         0.000         0.000         0.000
3 ddres   : dt=0.0050 ns=20
3 sat=  9-  4 L1 v=       -0.001 R= 0.000037  0.000042 lock= 6 x=-27.481 P=92.196
3 sat=  9-  8 L1 v=       -0.013 R= 0.000037  0.000092 lock= 6 x=-9.481 P=92.481
3 sat=  9- 16 L1 v=       -0.005 R= 0.000037  0.000063 lock= 6 x=-49.481 P=92.719
3 sat=  9- 27 L1 v=       -0.009 R= 0.000037  0.000067 lock= 6 x=-40.481 P=92.429
3 sat=  9- 30 L1 v=       -0.013 R= 0.000037  0.000249 lock= 6 x=-140.481 P=95.451
3 sat=  9-  4 P1 v=        0.148 R= 3.334305  3.796151 lock= 6 x=-27.481 P=92.196
3 sat=  9-  8 P1 v=       -0.414 R= 3.334305  8.243949 lock= 6 x=-9.481 P=92.481
3 sat=  9- 16 P1 v=       -0.689 R= 3.334305  5.685627 lock= 6 x=-49.481 P=92.719
3 sat=  9- 27 P1 v=       -0.467 R= 3.334305  6.022730 lock= 6 x=-40.481 P=92.429
3 sat=  9- 30 P1 v=       -1.321 R= 3.334305 22.387649 lock= 6 x=-140.481 P=95.451
3 sat= 39- 38 L1 v=        0.006 R= 0.000091  0.000122 lock= 6 x=-64.417 P=92.867
3 sat= 39- 40 L1 v=        0.013 R= 0.000091  0.000389 lock= 6 x=93.583 P=93.600
3 sat= 39- 41 L1 v=        0.002 R= 0.000091  0.000092 lock= 6 x=-48.417 P=92.392
3 sat= 39- 42 L1 v=       -0.009 R= 0.000091  0.000337 lock= 6 x=-11.417 P=92.889
3 sat= 39- 48 L1 v=       -0.002 R= 0.000091  0.000133 lock= 6 x=-43.417 P=92.686
3 sat= 39- 50 L1 v=        0.033 R= 0.000091  0.000633 lock= 6 x=35.583 P=93.516
3 sat= 39- 40 L2 v=        0.026 R= 0.000091  0.000389 lock= 6 x=30.542 P=130.792
3 sat= 39- 41 L2 v=        0.002 R= 0.000091  0.000092 lock= 6 x=-74.458 P=129.699
3 sat= 39- 48 L2 v=        0.002 R= 0.000091  0.000133 lock= 6 x=-52.458 P=129.717
3 sat= 39- 50 L2 v=        0.025 R= 0.000091  0.000633 lock= 6 x=-27.458 P=130.137
3 sat= 39- 38 P1 v=        2.904 R= 8.224532 10.975055 lock= 6 x=-64.417 P=92.867
3 sat= 39- 40 P1 v=       -1.610 R= 8.224532 34.976505 lock= 6 x=93.583 P=93.600
3 sat= 39- 41 P1 v=        2.030 R= 8.224532  8.263510 lock= 6 x=-48.417 P=92.392
3 sat= 39- 42 P1 v=        2.035 R= 8.224532 30.325489 lock= 6 x=-11.417 P=92.889
3 sat= 39- 48 P1 v=        1.318 R= 8.224532 11.970092 lock= 6 x=-43.417 P=92.686
3 sat= 39- 50 P1 v=        1.691 R= 8.224532 56.962976 lock= 6 x=35.583 P=93.516
3 sat= 39- 40 P2 v=        0.300 R= 8.224532 34.976505 lock= 6 x=30.542 P=130.792
3 sat= 39- 41 P2 v=        0.416 R= 8.224532  8.263510 lock= 6 x=-74.458 P=129.699
3 sat= 39- 48 P2 v=       -0.510 R= 8.224532 11.970092 lock= 6 x=-52.458 P=129.717
3 sat= 39- 50 P2 v=       -0.445 R= 8.224532 56.962976 lock= 6 x=-27.458 P=130.137
3 sat= 60- 63 L1 v=       -0.004 R= 0.000036  0.000039 lock= 6 x=-61.954 P=84.755
3 sat= 60- 68 L1 v=       -0.002 R= 0.000036  0.000167 lock= 6 x=-27.954 P=86.691
3 sat= 60- 73 L1 v=        0.007 R= 0.000036  0.000105 lock= 6 x=-12.954 P=85.673
3 sat= 60- 78 L1 v=       -0.007 R= 0.000036  0.000060 lock= 6 x=-17.954 P=85.222
3 sat= 60- 80 L1 v=       -0.006 R= 0.000036  0.000060 lock= 6 x=-71.954 P=85.461
3 sat= 60- 90 L1 v=        0.001 R= 0.000036  0.000095 lock= 6 x=-36.954 P=85.591
3 sat= 60- 63 P1 v=       -0.534 R= 3.271624  3.469319 lock= 6 x=-61.954 P=84.755
3 sat= 60- 68 P1 v=       -0.673 R= 3.271624 15.015327 lock= 6 x=-27.954 P=86.691
3 sat= 60- 73 P1 v=        0.194 R= 3.271624  9.430811 lock= 6 x=-12.954 P=85.673
3 sat= 60- 78 P1 v=       -0.795 R= 3.271624  5.410129 lock= 6 x=-17.954 P=85.222
3 sat= 60- 80 P1 v=       -1.238 R= 3.271624  5.430508 lock= 6 x=-71.954 P=85.461
3 sat= 60- 90 P1 v=        0.070 R= 3.271624  8.541923 lock= 6 x=-36.954 P=85.591
3 valpos  : nv=42 thres=4.0
3 sol_rr=    -1276971.647    -4717196.857     4087248.826          -0.002          -0.004           0.010
1 
---------------------------------------------------------
1 relpos: dt=0.005 nu=24 nr=26
1 ---------------------------------------------------------
3 satposs  : teph= 2020/12/24 22:08:40.005 n=24 ephopt=0
3 satposs  : teph= 2020/12/24 22:08:40.000 n=26 ephopt=0
3 base station:
3 zdres: n=26 rr=-1283433.94 -4713073.29 4090105.09
3 sat= 4 rs=    -8991.120 -24848547.071   9313059.760 dts=-0.0001671608 az= 141.9 el= 59.5
3 unhealthy satellite: sat=7 svh=3f
3 sat= 8 rs=  5095648.864 -25894255.374   -816192.355 dts=-0.0000040918 az= 143.5 el= 29.6
3 sat= 9 rs= -9308229.555 -17148773.906  17944725.473 dts=-0.0003052095 az= 288.5 el= 76.5
3 sat=16 rs=  9933215.264 -11011994.064  21784961.270 dts=-0.0002551589 az=  47.3 el= 39.1
3 sat=27 rs= 12302148.771 -20670700.944  10705364.746 dts=-0.0000418405 az=  98.4 el= 37.3
3 sat=30 rs=-24312620.159  -1728423.330  10860170.907 dts=-0.0003578176 az= 277.8 el= 16.3
3 sat=38 rs= -8303847.452 -23987301.364   2348666.728 dts= 0.0001897532 az= 186.7 el= 44.8
3 sat=39 rs=-12405083.573 -13680117.855  17602363.617 dts=-0.0000419300 az= 288.9 el= 63.2
3 sat=40 rs=-10335722.376   3800525.099  23055804.924 dts=-0.0000564558 az= 329.0 el= 20.0
3 sat=41 rs=-11182367.990 -12549804.750  19227671.992 dts= 0.0000148842 az= 303.8 el= 62.8
3 sat=42 rs=-23293996.089  -8579253.222   5690909.139 dts=-0.0000649858 az= 256.4 el= 21.8
3 sat=48 rs=  7105353.699  -9560854.504  22547866.322 dts=-0.0000094939 az=  36.8 el= 41.4
3 sat=50 rs= 19285835.050 -11444144.920  12129204.343 dts= 0.0000607964 az=  75.9 el= 15.1
3 sat=60 rs= -8771412.871 -20440570.072  19528104.287 dts=-0.0010103687 az= 283.7 el= 82.1
3 sat=63 rs=-13414748.574 -18129418.023  19167459.416 dts=-0.0006747671 az= 277.9 el= 69.5
3 sat=68 rs=-16813213.788   4228680.988  23986203.353 dts= 0.0058217661 az= 316.3 el= 20.4
3 sat=73 rs=  6529303.096 -28195085.173  -2329200.321 dts=-0.0012706425 az= 143.0 el= 27.0
3 sat=78 rs=  -571159.974 -29566915.405   1216802.766 dts= 0.0001612760 az= 157.6 el= 40.8
3 sat=80 rs= 11137906.069 -12456649.901  24434570.789 dts=-0.0006390823 az=  47.5 el= 40.7
3 sat=90 rs=-24347100.160 -16588679.501   2831817.336 dts=-0.0004767740 az= 237.4 el= 29.0
3 y=
        0.000         8.913         0.000        13.910        14.612         9.693         0.000        13.276         8.626        17.113        14.825        12.976        19.998        10.636        15.327         0.000        13.766         0.000        10.883        10.628         4.873         0.000        10.048         2.426        15.115        12.257
        0.000         0.000         0.000         0.000         0.000         0.000         0.000         0.000         0.000         0.000        24.041        21.396        30.552         0.000        25.063         0.000        22.567         0.000         0.000         0.000         0.000         0.000         0.000         0.000         0.000         0.000
        0.000         2.241         0.000         6.940         2.909         0.909         0.000         5.004         5.394         8.789        10.458        12.169        10.309         4.572         8.708         0.000        10.137         0.000         1.148        -0.107         1.513         0.000         2.532         1.884         2.374         3.310
        0.000         0.000         0.000         0.000         0.000         0.000         0.000         0.000         0.000         0.000        13.655        14.946        12.549         0.000        10.340         0.000        14.946         0.000         0.000         0.000         0.000         0.000         0.000         0.000         0.000         0.000
3 selsat  : nu=24 nr=26
3 before udstate: x=-1276971.7756 -4717197.3714 4087248.5259 -0.0017 -0.0044 0.0097 -0.0022 -0.0057 0.0128
3 udstate : ns=20
3 udpos : tt=1.000
3 udbias  : tt=1.000 ns=20
3 after udstate x=-1276971.7784 -4717197.3787 4087248.5421 -0.0039 -0.0102 0.0226 -0.0022 -0.0057 0.0128
3 rover: dt=0.005
3 zdres: n=24 rr=-1276971.78 -4717197.38 4087248.54
3 unhealthy satellite: sat=7 svh=3f
3 y=
        0.000   1643380.439         0.000   1643388.962   1643378.278   1643376.464         0.000   1643382.122   1643358.219   1643386.686   1643394.277   1643411.152   1643392.078   1643389.796   1643388.114         0.000   1643401.428   1643374.384   1643372.399   1643372.620   1643381.459   1643372.933   1643374.668   1643378.963
        0.000   1643370.901         0.000   1643389.284   1643376.247         0.000         0.000   1643382.195   1643361.110         0.000   1643389.507   1643403.382   1643387.745         0.000   1643387.315         0.000   1643390.925         0.000         0.000         0.000         0.000         0.000         0.000         0.000
        0.000   1643378.202         0.000   1643383.612   1643378.859   1643377.182         0.000   1643381.335   1643382.549   1643389.223   1643393.576   1643396.446   1643391.356   1643385.506   1643390.017         0.000   1643391.441   1643374.410   1643373.815   1643375.164   1643375.992   1643376.403   1643376.936   1643377.024
        0.000   1643374.850         0.000   1643381.541   1643375.625         0.000         0.000   1643377.270   1643378.435         0.000   1643388.904   1643389.435   1643387.427         0.000   1643385.943         0.000   1643390.703         0.000         0.000         0.000         0.000         0.000         0.000         0.000
3 ddres   : dt=0.0050 ns=20
3 sat=  9-  4 L1 v=        0.003 R= 0.000037  0.000042 lock= 7 x=-27.696 P=92.196
3 sat=  9-  8 L1 v=        0.011 R= 0.000037  0.000092 lock= 7 x=-9.128 P=92.481
3 sat=  9- 16 L1 v=        0.003 R= 0.000037  0.000063 lock= 7 x=-52.685 P=92.719
3 sat=  9- 27 L1 v=        0.005 R= 0.000037  0.000067 lock= 7 x=-41.769 P=92.429
3 sat=  9- 30 L1 v=        0.011 R= 0.000037  0.000249 lock= 7 x=-142.916 P=95.451
3 sat=  9-  4 P1 v=       -0.011 R= 3.334222  3.796507 lock= 7 x=-27.696 P=92.196
3 sat=  9-  8 P1 v=       -0.721 R= 3.334222  8.241203 lock= 7 x=-9.128 P=92.481
3 sat=  9- 16 P1 v=       -0.323 R= 3.334222  5.686879 lock= 7 x=-52.685 P=92.719
3 sat=  9- 27 P1 v=       -0.381 R= 3.334222  6.022111 lock= 7 x=-41.769 P=92.429
3 sat=  9- 30 P1 v=       -1.205 R= 3.334222 22.374814 lock= 7 x=-142.916 P=95.451
3 sat= 39- 38 L1 v=        0.013 R= 0.000091  0.000122 lock= 7 x=-64.632 P=92.867
3 sat= 39- 40 L1 v=        0.007 R= 0.000091  0.000388 lock= 7 x=88.269 P=93.600
3 sat= 39- 41 L1 v=        0.005 R= 0.000091  0.000092 lock= 7 x=-51.333 P=92.392
3 sat= 39- 42 L1 v=        0.013 R= 0.000091  0.000337 lock= 7 x=-13.462 P=92.889
3 sat= 39- 48 L1 v=        0.004 R= 0.000091  0.000133 lock= 7 x=-47.581 P=92.686
3 sat= 39- 50 L1 v=        0.021 R= 0.000091  0.000633 lock= 7 x=31.942 P=93.516
3 sat= 39- 40 L2 v=        0.008 R= 0.000091  0.000388 lock= 7 x=28.291 P=130.792
3 sat= 39- 41 L2 v=        0.004 R= 0.000091  0.000092 lock= 7 x=-74.778 P=129.699
3 sat= 39- 48 L2 v=        0.004 R= 0.000091  0.000133 lock= 7 x=-53.782 P=129.717
3 sat= 39- 50 L2 v=        0.014 R= 0.000091  0.000633 lock= 7 x=-28.352 P=130.137
3 sat= 39- 38 P1 v=        2.685 R= 8.224289 10.977559 lock= 7 x=-64.632 P=92.867
3 sat= 39- 40 P1 v=       -1.158 R= 8.224289 34.954424 lock= 7 x=88.269 P=93.600
3 sat= 39- 41 P1 v=        2.072 R= 8.224289  8.263364 lock= 7 x=-51.333 P=92.392
3 sat= 39- 42 P1 v=        2.184 R= 8.224289 30.312403 lock= 7 x=-13.462 P=92.889
3 sat= 39- 48 P1 v=        1.809 R= 8.224289 11.972315 lock= 7 x=-47.581 P=92.686
3 sat= 39- 50 P1 v=        1.814 R= 8.224289 56.934809 lock= 7 x=31.942 P=93.516
3 sat= 39- 40 P2 v=        0.761 R= 8.224289 34.954424 lock= 7 x=28.291 P=130.792
3 sat= 39- 41 P2 v=        0.372 R= 8.224289  8.263364 lock= 7 x=-74.778 P=129.699
3 sat= 39- 48 P2 v=       -0.354 R= 8.224289 11.972315 lock= 7 x=-53.782 P=129.717
3 sat= 39- 50 P2 v=       -0.508 R= 8.224289 56.934809 lock= 7 x=-28.352 P=130.137
3 sat= 60- 63 L1 v=       -0.001 R= 0.000036  0.000039 lock= 7 x=-62.270 P=84.755
3 sat= 60- 68 L1 v=        0.003 R= 0.000036  0.000167 lock= 7 x=-30.843 P=86.691
3 sat= 60- 73 L1 v=        0.017 R= 0.000036  0.000105 lock= 7 x=-11.518 P=85.673
3 sat= 60- 78 L1 v=        0.013 R= 0.000036  0.000060 lock= 7 x=-16.284 P=85.222
3 sat= 60- 80 L1 v=        0.002 R= 0.000036  0.000060 lock= 7 x=-73.906 P=85.461
3 sat= 60- 90 L1 v=        0.015 R= 0.000036  0.000095 lock= 7 x=-36.252 P=85.591
3 sat= 60- 63 P1 v=       -0.659 R= 3.271609  3.469266 lock= 7 x=-62.270 P=84.755
3 sat= 60- 68 P1 v=       -0.389 R= 3.271609 15.008935 lock= 7 x=-30.843 P=86.691
3 sat= 60- 73 P1 v=       -0.197 R= 3.271609  9.428167 lock= 7 x=-11.518 P=85.673
3 sat= 60- 78 P1 v=       -1.257 R= 3.271609  5.411118 lock= 7 x=-16.284 P=85.222
3 sat= 60- 80 P1 v=       -1.299 R= 3.271609  5.431353 lock= 7 x=-73.906 P=85.461
3 sat= 60- 90 P1 v=       -0.452 R= 3.271609  8.539786 lock= 7 x=-36.252 P=85.591
3 before filter x=-1276971.7784 -4717197.3787 4087248.5421 -0.0039 -0.0102 0.0226 -0.0022 -0.0057 0.0128
3 after filter x=-1276971.7729 -4717197.3659 4087248.5285 0.0017 0.0065 -0.0110 0.0032 0.0100 -0.0193
3 posvar=0.072564 
3 zdres: n=24 rr=-1276971.77 -4717197.37 4087248.53
3 unhealthy satellite: sat=7 svh=3f
3 y=
        0.000   1643380.423         0.000   1643388.954   1643378.259   1643376.452         0.000   1643382.112   1643358.211   1643386.674   1643394.259   1643411.143   1643392.060   1643389.788   1643388.101         0.000   1643401.424   1643374.365   1643372.380   1643372.611   1643381.452   1643372.922   1643374.655   1643378.953
        0.000   1643370.886         0.000   1643389.277   1643376.228         0.000         0.000   1643382.185   1643361.103         0.000   1643389.489   1643403.373   1643387.726         0.000   1643387.302         0.000   1643390.921         0.000         0.000         0.000         0.000         0.000         0.000         0.000
        0.000   1643378.187         0.000   1643383.604   1643378.840   1643377.170         0.000   1643381.325   1643382.541   1643389.210   1643393.558   1643396.437   1643391.338   1643385.498   1643390.004         0.000   1643391.437   1643374.391   1643373.796   1643375.155   1643375.985   1643376.392   1643376.923   1643377.014
        0.000   1643374.835         0.000   1643381.533   1643375.606         0.000         0.000   1643377.260   1643378.427         0.000   1643388.886   1643389.426   1643387.409         0.000   1643385.930         0.000   1643390.699         0.000         0.000         0.000         0.000         0.000         0.000         0.000
3 ddres   : dt=0.0050 ns=20
3 sat=  9-  4 L1 v=       -0.002 R= 0.000037  0.000042 lock= 7 x=-27.703 P=92.189
3 sat=  9-  8 L1 v=       -0.003 R= 0.000037  0.000092 lock= 7 x=-9.140 P=92.462
3 sat=  9- 16 L1 v=        0.000 R= 0.000037  0.000063 lock= 7 x=-52.660 P=92.690
3 sat=  9- 27 L1 v=       -0.003 R= 0.000037  0.000067 lock= 7 x=-41.762 P=92.417
3 sat=  9- 30 L1 v=       -0.001 R= 0.000037  0.000249 lock= 7 x=-142.913 P=95.333
3 sat=  9-  4 P1 v=       -0.015 R= 3.334222  3.796507 lock= 7 x=-27.703 P=92.189
3 sat=  9-  8 P1 v=       -0.733 R= 3.334222  8.241203 lock= 7 x=-9.140 P=92.462
3 sat=  9- 16 P1 v=       -0.330 R= 3.334222  5.686879 lock= 7 x=-52.660 P=92.690
3 sat=  9- 27 P1 v=       -0.390 R= 3.334222  6.022111 lock= 7 x=-41.762 P=92.417
3 sat=  9- 30 P1 v=       -1.217 R= 3.334222 22.374814 lock= 7 x=-142.913 P=95.333
3 sat= 39- 38 L1 v=        0.003 R= 0.000091  0.000122 lock= 7 x=-64.661 P=92.826
3 sat= 39- 40 L1 v=        0.001 R= 0.000091  0.000388 lock= 7 x=88.288 P=93.559
3 sat= 39- 41 L1 v=        0.006 R= 0.000091  0.000092 lock= 7 x=-51.334 P=92.375
3 sat= 39- 42 L1 v=        0.001 R= 0.000091  0.000337 lock= 7 x=-13.480 P=92.844
3 sat= 39- 48 L1 v=        0.003 R= 0.000091  0.000133 lock= 7 x=-47.564 P=92.663
3 sat= 39- 50 L1 v=        0.009 R= 0.000091  0.000633 lock= 7 x=31.952 P=93.466
3 sat= 39- 40 L2 v=        0.003 R= 0.000091  0.000388 lock= 7 x=28.300 P=130.769
3 sat= 39- 41 L2 v=        0.004 R= 0.000091  0.000092 lock= 7 x=-74.785 P=129.688
3 sat= 39- 48 L2 v=        0.003 R= 0.000091  0.000133 lock= 7 x=-53.774 P=129.710
3 sat= 39- 50 L2 v=        0.002 R= 0.000091  0.000633 lock= 7 x=-28.349 P=130.111
3 sat= 39- 38 P1 v=        2.679 R= 8.224289 10.977559 lock= 7 x=-64.661 P=92.826
3 sat= 39- 40 P1 v=       -1.168 R= 8.224289 34.954424 lock= 7 x=88.288 P=93.559
3 sat= 39- 41 P1 v=        2.072 R= 8.224289  8.263364 lock= 7 x=-51.334 P=92.375
3 sat= 39- 42 P1 v=        2.174 R= 8.224289 30.312403 lock= 7 x=-13.480 P=92.844
3 sat= 39- 48 P1 v=        1.803 R= 8.224289 11.972315 lock= 7 x=-47.564 P=92.663
3 sat= 39- 50 P1 v=        1.799 R= 8.224289 56.934809 lock= 7 x=31.952 P=93.466
3 sat= 39- 40 P2 v=        0.751 R= 8.224289 34.954424 lock= 7 x=28.300 P=130.769
3 sat= 39- 41 P2 v=        0.372 R= 8.224289  8.263364 lock= 7 x=-74.785 P=129.688
3 sat= 39- 48 P2 v=       -0.360 R= 8.224289 11.972315 lock= 7 x=-53.774 P=129.710
3 sat= 39- 50 P2 v=       -0.523 R= 8.224289 56.934809 lock= 7 x=-28.349 P=130.111
3 sat= 60- 63 L1 v=       -0.002 R= 0.000036  0.000039 lock= 7 x=-62.268 P=84.749
3 sat= 60- 68 L1 v=       -0.003 R= 0.000036  0.000167 lock= 7 x=-30.821 P=86.612
3 sat= 60- 73 L1 v=        0.001 R= 0.000036  0.000105 lock= 7 x=-11.533 P=85.633
3 sat= 60- 78 L1 v=        0.001 R= 0.000036  0.000060 lock= 7 x=-16.301 P=85.199
3 sat= 60- 80 L1 v=       -0.001 R= 0.000036  0.000060 lock= 7 x=-73.882 P=85.429
3 sat= 60- 90 L1 v=        0.002 R= 0.000036  0.000095 lock= 7 x=-36.269 P=85.551
3 sat= 60- 63 P1 v=       -0.660 R= 3.271609  3.469266 lock= 7 x=-62.268 P=84.749
3 sat= 60- 68 P1 v=       -0.400 R= 3.271609 15.008935 lock= 7 x=-30.821 P=86.612
3 sat= 60- 73 P1 v=       -0.210 R= 3.271609  9.428167 lock= 7 x=-11.533 P=85.633
3 sat= 60- 78 P1 v=       -1.266 R= 3.271609  5.411118 lock= 7 x=-16.301 P=85.199
3 sat= 60- 80 P1 v=       -1.306 R= 3.271609  5.431353 lock= 7 x=-73.882 P=85.429
3 sat= 60- 90 P1 v=       -0.461 R= 3.271609  8.539786 lock= 7 x=-36.269 P=85.551
3 valpos  : nv=42 thres=4.0
3 posvar=0.072564
3 prevRatios = 3.965 3.965
3 refSats=       4       4       4       4       4      38      38      38      38      38      38      39      39      39      39      60      60      60      60      60      60
3 fixSats=       8       9      16      27      30      39      40      41      42      48      50      40      41      48      50      63      68      73      78      80      90
3 N(0)=       -18.56   41.31   24.96   14.06  115.21  -52.63 -152.95  -13.33  -51.18  -17.10  -96.61  -68.84   34.24   13.23  -12.19    9.10  -22.35  -41.64  -36.87   20.71  -16.90
3 Qb*1000=   517.4931 572.7574 1163.8835 521.2749 4619.1092 883.7047 3709.6612 1022.7210 2017.5939 1951.6547 2683.9939 1183.3901  8.5739 728.9410 1901.3016 81.2677 2988.4248 1637.5465 903.8339 1090.5337 1714.1576
3 N(1)=       -18.00   40.00   22.00   13.00  113.00  -55.00 -158.00  -16.00  -53.00  -21.00 -100.00  -71.00   34.00   12.00  -13.00    9.00  -25.00  -40.00  -35.00   19.00  -16.00
3 N(2)=       -18.00   40.00   22.00   13.00  113.00  -55.00 -158.00  -16.00  -53.00  -21.00  -99.00  -71.00   34.00   12.00  -13.00    9.00  -25.00  -40.00  -35.00   19.00  -16.00
3 resamb : validation ok (nb=21 ratio=3.97 thresh=3.00 s=1154.44/290.96
3 restamb :
3 lambda: nb=21 r1= 3.965 r2=3.965 r=3.968
3 zdres: n=24 rr=-1276971.65 -4717196.86 4087248.82
3 unhealthy satellite: sat=7 svh=3f
3 y=
        0.000   1643380.013         0.000   1643388.449   1643378.098   1643376.609         0.000   1643381.909   1643358.237   1643386.128   1643394.159   1643411.531   1643392.022   1643389.597   1643388.295         0.000   1643401.491   1643374.176   1643372.214   1643372.928   1643380.948   1643372.385   1643374.801   1643378.593
        0.000   1643370.475         0.000   1643388.771   1643376.067         0.000         0.000   1643381.982   1643361.129         0.000   1643389.389   1643403.762   1643387.688         0.000   1643387.496         0.000   1643390.988         0.000         0.000         0.000         0.000         0.000         0.000         0.000
        0.000   1643377.776         0.000   1643383.099   1643378.679   1643377.327         0.000   1643381.122   1643382.567   1643388.665   1643393.458   1643396.826   1643391.299   1643385.307   1643390.198         0.000   1643391.504   1643374.202   1643373.630   1643375.472   1643375.481   1643375.855   1643377.069   1643376.654
        0.000   1643374.424         0.000   1643381.028   1643375.445         0.000         0.000   1643377.057   1643378.453         0.000   1643388.786   1643389.815   1643387.370         0.000   1643386.124         0.000   1643390.766         0.000         0.000         0.000         0.000         0.000         0.000         0.000
3 ddres   : dt=0.0050 ns=20
3 sat=  9-  4 L1 v=       -0.002 R= 0.000037  0.000042 lock= 7 x=-27.703 P=92.189
3 sat=  9-  8 L1 v=       -0.015 R= 0.000037  0.000092 lock= 7 x=-9.703 P=92.462
3 sat=  9- 16 L1 v=       -0.005 R= 0.000037  0.000063 lock= 7 x=-49.703 P=92.690
3 sat=  9- 27 L1 v=       -0.009 R= 0.000037  0.000067 lock= 7 x=-40.703 P=92.417
3 sat=  9- 30 L1 v=       -0.016 R= 0.000037  0.000249 lock= 7 x=-140.703 P=95.333
3 sat=  9-  4 P1 v=        0.235 R= 3.334222  3.796507 lock= 7 x=-27.703 P=92.189
3 sat=  9-  8 P1 v=       -0.388 R= 3.334222  8.241205 lock= 7 x=-9.703 P=92.462
3 sat=  9- 16 P1 v=       -0.648 R= 3.334222  5.686878 lock= 7 x=-49.703 P=92.690
3 sat=  9- 27 P1 v=       -0.348 R= 3.334222  6.022112 lock= 7 x=-40.703 P=92.417
3 sat=  9- 30 P1 v=       -1.403 R= 3.334222 22.374811 lock= 7 x=-140.703 P=95.333
3 sat= 39- 38 L1 v=        0.005 R= 0.000091  0.000122 lock= 7 x=-64.661 P=92.826
3 sat= 39- 40 L1 v=        0.013 R= 0.000091  0.000388 lock= 7 x=93.339 P=93.559
3 sat= 39- 41 L1 v=        0.002 R= 0.000091  0.000092 lock= 7 x=-48.661 P=92.375
3 sat= 39- 42 L1 v=       -0.010 R= 0.000091  0.000337 lock= 7 x=-11.661 P=92.844
3 sat= 39- 48 L1 v=       -0.004 R= 0.000091  0.000133 lock= 7 x=-43.661 P=92.663
3 sat= 39- 50 L1 v=        0.034 R= 0.000091  0.000633 lock= 7 x=35.339 P=93.466
3 sat= 39- 40 L2 v=        0.032 R= 0.000091  0.000388 lock= 7 x=30.460 P=130.769
3 sat= 39- 41 L2 v=        0.002 R= 0.000091  0.000092 lock= 7 x=-74.540 P=129.688
3 sat= 39- 48 L2 v=        0.005 R= 0.000091  0.000133 lock= 7 x=-52.540 P=129.710
3 sat= 39- 50 L2 v=        0.030 R= 0.000091  0.000633 lock= 7 x=-27.540 P=130.111
3 sat= 39- 38 P1 v=        3.124 R= 8.224288 10.977561 lock= 7 x=-64.661 P=92.826
3 sat= 39- 40 P1 v=       -1.657 R= 8.224288 34.954408 lock= 7 x=93.339 P=93.559
3 sat= 39- 41 P1 v=        2.010 R= 8.224288  8.263363 lock= 7 x=-48.661 P=92.375
3 sat= 39- 42 P1 v=        2.265 R= 8.224288 30.312404 lock= 7 x=-11.661 P=92.844
3 sat= 39- 48 P1 v=        1.509 R= 8.224288 11.972313 lock= 7 x=-43.661 P=92.663
3 sat= 39- 50 P1 v=        1.632 R= 8.224288 56.934797 lock= 7 x=35.339 P=93.466
3 sat= 39- 40 P2 v=        0.262 R= 8.224288 34.954408 lock= 7 x=30.460 P=130.769
3 sat= 39- 41 P2 v=        0.310 R= 8.224288  8.263363 lock= 7 x=-74.540 P=129.688
3 sat= 39- 48 P2 v=       -0.654 R= 8.224288 11.972313 lock= 7 x=-52.540 P=129.710
3 sat= 39- 50 P2 v=       -0.690 R= 8.224288 56.934797 lock= 7 x=-27.540 P=130.111
3 sat= 60- 63 L1 v=       -0.005 R= 0.000036  0.000039 lock= 7 x=-62.168 P=84.749
3 sat= 60- 68 L1 v=       -0.004 R= 0.000036  0.000167 lock= 7 x=-28.168 P=86.612
3 sat= 60- 73 L1 v=        0.005 R= 0.000036  0.000105 lock= 7 x=-13.168 P=85.633
3 sat= 60- 78 L1 v=       -0.006 R= 0.000036  0.000060 lock= 7 x=-18.168 P=85.199
3 sat= 60- 80 L1 v=       -0.009 R= 0.000036  0.000060 lock= 7 x=-72.168 P=85.429
3 sat= 60- 90 L1 v=        0.002 R= 0.000036  0.000095 lock= 7 x=-37.168 P=85.551
3 sat= 60- 63 P1 v=       -0.683 R= 3.271609  3.469266 lock= 7 x=-62.168 P=84.749
3 sat= 60- 68 P1 v=       -0.905 R= 3.271609 15.008929 lock= 7 x=-28.168 P=86.612
3 sat= 60- 73 P1 v=        0.106 R= 3.271609  9.428169 lock= 7 x=-13.168 P=85.633
3 sat= 60- 78 P1 v=       -0.917 R= 3.271609  5.411119 lock= 7 x=-18.168 P=85.199
3 sat= 60- 80 P1 v=       -1.640 R= 3.271609  5.431352 lock= 7 x=-72.168 P=85.429
3 sat= 60- 90 P1 v=       -0.290 R= 3.271609  8.539788 lock= 7 x=-37.168 P=85.551
3 valpos  : nv=42 thres=4.0
3 sol_rr=    -1276971.647    -4717196.856     4087248.825           0.002           0.006          -0.011
1 
---------------------------------------------------------
1 relpos: dt=0.005 nu=24 nr=26
1 ---------------------------------------------------------
3 satposs  : teph= 2020/12/24 22:08:41.005 n=24 ephopt=0
3 satposs  : teph= 2020/12/24 22:08:41.000 n=26 ephopt=0
3 base station:
3 zdres: n=26 rr=-1283433.94 -4713073.29 4090105.09
3 sat= 4 rs=    -8428.136 -24849620.916   9310189.332 dts=-0.0001671608 az= 141.9 el= 59.5
3 unhealthy satellite: sat=7 svh=3f
3 sat= 8 rs=  5095947.576 -25894297.990   -812983.590 dts=-0.0000040918 az= 143.5 el= 29.6
3 sat= 9 rs= -9307567.952 -17150978.344  17942966.144 dts=-0.0003052095 az= 288.5 el= 76.5
3 sat=16 rs=  9935112.814 -11009908.641  21785192.781 dts=-0.0002551589 az=  47.3 el= 39.1
3 sat=27 rs= 12302055.283 -20669292.929  10708185.937 dts=-0.0000418405 az=  98.4 el= 37.3
3 sat=30 rs=-24311372.490  -1729057.379  10862852.148 dts=-0.0003578176 az= 277.8 el= 16.3
3 sat=38 rs= -8304072.234 -23987572.366   2345123.492 dts= 0.0001897532 az= 186.7 el= 44.8
3 sat=39 rs=-12405814.111 -13682411.903  17600057.536 dts=-0.0000419300 az= 288.9 el= 63.2
3 sat=40 rs=-10336540.854   3797489.977  23055936.315 dts=-0.0000564558 az= 329.0 el= 20.0
3 sat=41 rs=-11179838.818 -12549098.878  19229598.780 dts= 0.0000148842 az= 303.9 el= 62.8
3 sat=42 rs=-23293273.166  -8578918.816   5694372.872 dts=-0.0000649858 az= 256.4 el= 21.8
3 sat=48 rs=  7108368.509  -9560175.632  22547216.851 dts=-0.0000094939 az=  36.8 el= 41.4
3 sat=50 rs= 19284513.429 -11443117.983  12132283.964 dts= 0.0000607964 az=  75.9 el= 15.1
3 sat=60 rs= -8769763.966 -20439508.458  19529957.095 dts=-0.0010103687 az= 283.8 el= 82.1
3 sat=63 rs=-13414751.468 -18131340.528  19165639.026 dts=-0.0006747671 az= 277.8 el= 69.5
3 sat=68 rs=-16813196.320   4226274.684  23986640.647 dts= 0.0058217661 az= 316.3 el= 20.4
3 sat=73 rs=  6529392.573 -28194691.750  -2326398.300 dts=-0.0012706425 az= 143.0 el= 27.0
3 sat=78 rs=  -571211.311 -29567038.147   1213800.687 dts= 0.0001612760 az= 157.6 el= 40.7
3 sat=80 rs= 11140023.762 -12455413.913  24434236.151 dts=-0.0006390823 az=  47.5 el= 40.7
3 sat=90 rs=-24346913.594 -16588438.078   2834845.079 dts=-0.0004767740 az= 237.4 el= 29.0
3 y=
        0.000         8.888         0.000        13.887        14.588         9.667         0.000        13.249         8.602        17.090        14.798        12.951        19.975        10.609        15.302         0.000        13.733         0.000        10.858        10.602         4.851         0.000        10.025         2.400        15.089        12.232
        0.000         0.000         0.000         0.000         0.000         0.000         0.000         0.000         0.000         0.000        24.013        21.374        30.530         0.000        25.038         0.000        22.533         0.000         0.000         0.000         0.000         0.000         0.000         0.000         0.000         0.000
        0.000         2.183         0.000         6.874         2.870         0.965         0.000         5.082         5.312         8.461        10.363        12.079        10.332         4.641         8.626         0.000        10.280         0.000         1.118        -0.114         1.443         0.000         2.489         1.838         2.350         3.214
        0.000         0.000         0.000         0.000         0.000         0.000         0.000         0.000         0.000         0.000        13.693        15.012        12.509         0.000        10.374         0.000        14.700         0.000         0.000         0.000         0.000         0.000         0.000         0.000         0.000         0.000
3 selsat  : nu=24 nr=26
3 before udstate: x=-1276971.7729 -4717197.3659 4087248.5285 0.0017 0.0065 -0.0110 0.0032 0.0100 -0.0193
3 udstate : ns=20
3 udpos : tt=1.000
3 udbias  : tt=1.000 ns=20
3 after udstate x=-1276971.7697 -4717197.3545 4087248.5079 0.0048 0.0165 -0.0303 0.0032 0.0100 -0.0193
3 rover: dt=0.005
3 zdres: n=24 rr=-1276971.77 -4717197.35 4087248.51
3 unhealthy satellite: sat=7 svh=3f
3 y=
        0.000   1643462.588         0.000   1643471.131   1643460.417   1643458.614         0.000   1643464.281   1643440.382   1643468.843   1643476.416   1643493.311   1643474.222   1643471.960   1643470.260         0.000   1643483.590   1643456.521   1643454.538   1643454.780   1643463.630   1643455.092   1643456.817   1643461.127
        0.000   1643453.050         0.000   1643471.455   1643458.386         0.000         0.000   1643464.349   1643443.275         0.000   1643471.646   1643485.542   1643469.887         0.000   1643469.465         0.000   1643473.088         0.000         0.000         0.000         0.000         0.000         0.000         0.000
        0.000   1643460.355         0.000   1643465.687   1643460.919   1643459.255         0.000   1643463.626   1643464.599   1643471.272   1643475.952   1643478.530   1643473.465   1643467.732   1643472.077         0.000   1643473.619   1643456.506   1643456.061   1643457.275   1643458.148   1643458.505   1643459.115   1643459.215
        0.000   1643456.956         0.000   1643463.708   1643457.732         0.000         0.000   1643459.444   1643460.559         0.000   1643471.058   1643471.591   1643469.630         0.000   1643468.017         0.000   1643472.853         0.000         0.000         0.000         0.000         0.000         0.000         0.000
3 ddres   : dt=0.0050 ns=20
3 sat=  9-  4 L1 v=       -0.010 R= 0.000037  0.000042 lock= 8 x=-27.722 P=92.189
3 sat=  9-  8 L1 v=       -0.020 R= 0.000037  0.000092 lock= 8 x=-9.160 P=92.462
3 sat=  9- 16 L1 v=       -0.006 R= 0.000037  0.000063 lock= 8 x=-52.680 P=92.690
3 sat=  9- 27 L1 v=       -0.016 R= 0.000037  0.000067 lock= 8 x=-41.782 P=92.417
3 sat=  9- 30 L1 v=       -0.013 R= 0.000037  0.000248 lock= 8 x=-142.932 P=95.333
3 sat=  9-  4 P1 v=       -0.123 R= 3.334140  3.796863 lock= 8 x=-27.722 P=92.189
3 sat=  9-  8 P1 v=       -0.764 R= 3.334140  8.238461 lock= 8 x=-9.160 P=92.462
3 sat=  9- 16 P1 v=       -0.241 R= 3.334140  5.688130 lock= 8 x=-52.680 P=92.690
3 sat=  9- 27 P1 v=       -0.495 R= 3.334140  6.021493 lock= 8 x=-41.782 P=92.417
3 sat=  9- 30 P1 v=       -1.237 R= 3.334140 22.361988 lock= 8 x=-142.932 P=95.333
3 sat= 39- 38 L1 v=       -0.006 R= 0.000091  0.000122 lock= 8 x=-64.681 P=92.826
3 sat= 39- 40 L1 v=       -0.008 R= 0.000091  0.000388 lock= 8 x=88.268 P=93.559
3 sat= 39- 41 L1 v=        0.005 R= 0.000091  0.000092 lock= 8 x=-51.354 P=92.375
3 sat= 39- 42 L1 v=       -0.015 R= 0.000091  0.000337 lock= 8 x=-13.499 P=92.844
3 sat= 39- 48 L1 v=        0.003 R= 0.000091  0.000133 lock= 8 x=-47.583 P=92.663
3 sat= 39- 50 L1 v=       -0.006 R= 0.000091  0.000632 lock= 8 x=31.932 P=93.466
3 sat= 39- 40 L2 v=       -0.004 R= 0.000091  0.000388 lock= 8 x=28.300 P=130.769
3 sat= 39- 41 L2 v=        0.006 R= 0.000091  0.000092 lock= 8 x=-74.784 P=129.688
3 sat= 39- 48 L2 v=       -0.000 R= 0.000091  0.000133 lock= 8 x=-53.774 P=129.710
3 sat= 39- 50 L2 v=       -0.014 R= 0.000091  0.000632 lock= 8 x=-28.348 P=130.111
3 sat= 39- 38 P1 v=        2.778 R= 8.224045 10.980067 lock= 8 x=-64.681 P=92.826
3 sat= 39- 40 P1 v=       -0.862 R= 8.224045 34.932352 lock= 8 x=88.268 P=93.559
3 sat= 39- 41 P1 v=        2.456 R= 8.224045  8.263217 lock= 8 x=-51.354 P=92.375
3 sat= 39- 42 P1 v=        2.498 R= 8.224045 30.299329 lock= 8 x=-13.499 P=92.844
3 sat= 39- 48 P1 v=        2.138 R= 8.224045 11.974537 lock= 8 x=-47.583 P=92.663
3 sat= 39- 50 P1 v=        2.250 R= 8.224045 56.906659 lock= 8 x=31.932 P=93.466
3 sat= 39- 40 P2 v=        0.786 R= 8.224045 34.932352 lock= 8 x=28.300 P=130.769
3 sat= 39- 41 P2 v=        0.244 R= 8.224045  8.263217 lock= 8 x=-74.784 P=129.688
3 sat= 39- 48 P2 v=       -0.278 R= 8.224045 11.974537 lock= 8 x=-53.774 P=129.710
3 sat= 39- 50 P2 v=       -0.788 R= 8.224045 56.906659 lock= 8 x=-28.348 P=130.111
3 sat= 60- 63 L1 v=       -0.004 R= 0.000036  0.000039 lock= 8 x=-62.288 P=84.749
3 sat= 60- 68 L1 v=       -0.013 R= 0.000036  0.000167 lock= 8 x=-30.841 P=86.612
3 sat= 60- 73 L1 v=       -0.019 R= 0.000036  0.000105 lock= 8 x=-11.552 P=85.633
3 sat= 60- 78 L1 v=       -0.013 R= 0.000036  0.000060 lock= 8 x=-16.321 P=85.199
3 sat= 60- 80 L1 v=       -0.006 R= 0.000036  0.000060 lock= 8 x=-73.902 P=85.429
3 sat= 60- 90 L1 v=       -0.016 R= 0.000036  0.000095 lock= 8 x=-36.288 P=85.551
3 sat= 60- 63 P1 v=       -0.787 R= 3.271595  3.469214 lock= 8 x=-62.288 P=84.749
3 sat= 60- 68 P1 v=       -0.444 R= 3.271595 15.002542 lock= 8 x=-30.841 P=86.612
3 sat= 60- 73 P1 v=       -0.271 R= 3.271595  9.425527 lock= 8 x=-11.552 P=85.633
3 sat= 60- 78 P1 v=       -1.280 R= 3.271595  5.412108 lock= 8 x=-16.321 P=85.199
3 sat= 60- 80 P1 v=       -1.378 R= 3.271595  5.432197 lock= 8 x=-73.902 P=85.429
3 sat= 60- 90 P1 v=       -0.614 R= 3.271595  8.537652 lock= 8 x=-36.288 P=85.551
3 before filter x=-1276971.7697 -4717197.3545 4087248.5079 0.0048 0.0165 -0.0303 0.0032 0.0100 -0.0193
3 after filter x=-1276971.7681 -4717197.3570 4087248.5278 -0.0030 -0.0072 0.0096 -0.0044 -0.0125 0.0191
3 posvar=0.069544 
3 zdres: n=24 rr=-1276971.77 -4717197.36 4087248.53
3 unhealthy satellite: sat=7 svh=3f
3 y=
        0.000   1643462.596         0.000   1643471.129   1643460.432   1643458.632         0.000   1643464.289   1643440.386   1643468.843   1643476.430   1643493.326   1643474.238   1643471.961   1643470.279         0.000   1643483.599   1643456.535   1643454.552   1643454.793   1643463.628   1643455.092   1643456.835   1643461.126
        0.000   1643453.058         0.000   1643471.453   1643458.400         0.000         0.000   1643464.358   1643443.279         0.000   1643471.659   1643485.557   1643469.902         0.000   1643469.484         0.000   1643473.097         0.000         0.000         0.000         0.000         0.000         0.000         0.000
        0.000   1643460.363         0.000   1643465.685   1643460.934   1643459.272         0.000   1643463.635   1643464.603   1643471.272   1643475.966   1643478.545   1643473.481   1643467.732   1643472.096         0.000   1643473.628   1643456.520   1643456.074   1643457.288   1643458.146   1643458.506   1643459.133   1643459.214
        0.000   1643456.964         0.000   1643463.706   1643457.747         0.000         0.000   1643459.453   1643460.563         0.000   1643471.072   1643471.606   1643469.646         0.000   1643468.036         0.000   1643472.862         0.000         0.000         0.000         0.000         0.000         0.000         0.000
3 ddres   : dt=0.0050 ns=20
3 sat=  9-  4 L1 v=       -0.003 R= 0.000037  0.000042 lock= 8 x=-27.734 P=92.183
3 sat=  9-  8 L1 v=       -0.002 R= 0.000037  0.000092 lock= 8 x=-9.161 P=92.444
3 sat=  9- 16 L1 v=       -0.001 R= 0.000037  0.000063 lock= 8 x=-52.646 P=92.662
3 sat=  9- 27 L1 v=       -0.005 R= 0.000037  0.000067 lock= 8 x=-41.765 P=92.405
3 sat=  9- 30 L1 v=        0.003 R= 0.000037  0.000248 lock= 8 x=-142.919 P=95.221
3 sat=  9-  4 P1 v=       -0.116 R= 3.334140  3.796863 lock= 8 x=-27.734 P=92.183
3 sat=  9-  8 P1 v=       -0.748 R= 3.334140  8.238461 lock= 8 x=-9.161 P=92.444
3 sat=  9- 16 P1 v=       -0.244 R= 3.334140  5.688130 lock= 8 x=-52.646 P=92.662
3 sat=  9- 27 P1 v=       -0.489 R= 3.334140  6.021493 lock= 8 x=-41.765 P=92.405
3 sat=  9- 30 P1 v=       -1.227 R= 3.334140 22.361988 lock= 8 x=-142.919 P=95.221
3 sat= 39- 38 L1 v=        0.005 R= 0.000091  0.000122 lock= 8 x=-64.717 P=92.787
3 sat= 39- 40 L1 v=        0.000 R= 0.000091  0.000388 lock= 8 x=88.296 P=93.521
3 sat= 39- 41 L1 v=        0.004 R= 0.000091  0.000092 lock= 8 x=-51.370 P=92.359
3 sat= 39- 42 L1 v=       -0.001 R= 0.000091  0.000337 lock= 8 x=-13.515 P=92.801
3 sat= 39- 48 L1 v=        0.006 R= 0.000091  0.000133 lock= 8 x=-47.564 P=92.641
3 sat= 39- 50 L1 v=        0.008 R= 0.000091  0.000632 lock= 8 x=31.964 P=93.417
3 sat= 39- 40 L2 v=        0.004 R= 0.000091  0.000388 lock= 8 x=28.316 P=130.747
3 sat= 39- 41 L2 v=        0.005 R= 0.000091  0.000092 lock= 8 x=-74.803 P=129.678
3 sat= 39- 48 L2 v=        0.002 R= 0.000091  0.000133 lock= 8 x=-53.765 P=129.703
3 sat= 39- 50 L2 v=        0.001 R= 0.000091  0.000632 lock= 8 x=-28.328 P=130.086
3 sat= 39- 38 P1 v=        2.792 R= 8.224045 10.980067 lock= 8 x=-64.717 P=92.787
3 sat= 39- 40 P1 v=       -0.863 R= 8.224045 34.932352 lock= 8 x=88.296 P=93.521
3 sat= 39- 41 P1 v=        2.454 R= 8.224045  8.263217 lock= 8 x=-51.370 P=92.359
3 sat= 39- 42 P1 v=        2.512 R= 8.224045 30.299329 lock= 8 x=-13.515 P=92.801
3 sat= 39- 48 P1 v=        2.133 R= 8.224045 11.974537 lock= 8 x=-47.564 P=92.641
3 sat= 39- 50 P1 v=        2.255 R= 8.224045 56.906659 lock= 8 x=31.964 P=93.417
3 sat= 39- 40 P2 v=        0.785 R= 8.224045 34.932352 lock= 8 x=28.316 P=130.747
3 sat= 39- 41 P2 v=        0.242 R= 8.224045  8.263217 lock= 8 x=-74.803 P=129.678
3 sat= 39- 48 P2 v=       -0.283 R= 8.224045 11.974537 lock= 8 x=-53.765 P=129.703
3 sat= 39- 50 P2 v=       -0.783 R= 8.224045 56.906659 lock= 8 x=-28.328 P=130.086
3 sat= 60- 63 L1 v=       -0.003 R= 0.000036  0.000039 lock= 8 x=-62.296 P=84.742
3 sat= 60- 68 L1 v=       -0.003 R= 0.000036  0.000167 lock= 8 x=-30.804 P=86.537
3 sat= 60- 73 L1 v=       -0.001 R= 0.000036  0.000105 lock= 8 x=-11.550 P=85.595
3 sat= 60- 78 L1 v=        0.001 R= 0.000036  0.000060 lock= 8 x=-16.332 P=85.177
3 sat= 60- 80 L1 v=       -0.001 R= 0.000036  0.000060 lock= 8 x=-73.867 P=85.398
3 sat= 60- 90 L1 v=       -0.001 R= 0.000036  0.000095 lock= 8 x=-36.299 P=85.512
3 sat= 60- 63 P1 v=       -0.786 R= 3.271595  3.469214 lock= 8 x=-62.296 P=84.742
3 sat= 60- 68 P1 v=       -0.443 R= 3.271595 15.002542 lock= 8 x=-30.804 P=86.537
3 sat= 60- 73 P1 v=       -0.254 R= 3.271595  9.425527 lock= 8 x=-11.550 P=85.595
3 sat= 60- 78 P1 v=       -1.266 R= 3.271595  5.412108 lock= 8 x=-16.332 P=85.177
3 sat= 60- 80 P1 v=       -1.381 R= 3.271595  5.432197 lock= 8 x=-73.867 P=85.398
3 sat= 60- 90 P1 v=       -0.598 R= 3.271595  8.537652 lock= 8 x=-36.299 P=85.512
3 valpos  : nv=42 thres=4.0
3 posvar=0.069544
3 prevRatios = 3.968 3.968
3 refSats=       4       4       4       4       4      38      38      38      38      38      38      39      39      39      39      60      60      60      60      60      60
3 fixSats=       8       9      16      27      30      39      40      41      42      48      50      40      41      48      50      63      68      73      78      80      90
3 N(0)=       -18.57   41.31   24.91   14.03  115.18  -52.65 -153.01  -13.35  -51.20  -17.15  -96.68  -68.88   34.24   13.20  -12.23    9.10  -22.39  -41.65  -36.86   20.67  -16.90
3 Qb*1000=   493.0735 554.2117 1115.2893 501.5028 4457.9267 847.4997 3565.3706 979.9149 1948.6285 1867.1816 2580.7244 1134.1839  8.2591 704.0259 1835.1411 78.6324 2870.4788 1569.3573 865.7673 1049.3989 1639.1204
3 N(1)=       -18.00   40.00   22.00   13.00  113.00  -55.00 -158.00  -16.00  -53.00  -21.00 -100.00  -71.00   34.00   12.00  -13.00    9.00  -25.00  -40.00  -35.00   19.00  -16.00
3 N(2)=       -18.00   40.00   22.00   13.00  113.00  -55.00 -158.00  -16.00  -53.00  -21.00  -99.00  -71.00   34.00   12.00  -13.00    9.00  -25.00  -40.00  -35.00   19.00  -16.00
3 resamb : validation ok (nb=21 ratio=3.98 thresh=3.00 s=1195.13/300.43
3 restamb :
3 lambda: nb=21 r1= 3.968 r2=3.968 r=3.978
3 zdres: n=24 rr=-1276971.65 -4717196.86 4087248.82
3 unhealthy satellite: sat=7 svh=3f
3 y=
        0.000   1643462.194         0.000   1643470.631   1643460.280   1643458.790         0.000   1643464.090   1643440.416   1643468.309   1643476.338   1643493.714   1643474.207   1643471.777   1643470.474         0.000   1643483.664   1643456.356   1643454.395   1643455.111   1643463.131   1643454.565   1643456.981   1643460.776
        0.000   1643452.656         0.000   1643470.956   1643458.249         0.000         0.000   1643464.159   1643443.309         0.000   1643471.567   1643485.945   1643469.871         0.000   1643469.679         0.000   1643473.162         0.000         0.000         0.000         0.000         0.000         0.000         0.000
        0.000   1643459.961         0.000   1643465.187   1643460.782   1643459.430         0.000   1643463.436   1643464.633   1643470.738   1643475.874   1643478.933   1643473.450   1643467.549   1643472.291         0.000   1643473.693   1643456.340   1643455.917   1643457.605   1643457.648   1643457.978   1643459.279   1643458.864
        0.000   1643456.562         0.000   1643463.208   1643457.595         0.000         0.000   1643459.254   1643460.593         0.000   1643470.980   1643471.994   1643469.615         0.000   1643468.231         0.000   1643472.927         0.000         0.000         0.000         0.000         0.000         0.000         0.000
3 ddres   : dt=0.0050 ns=20
3 sat=  9-  4 L1 v=       -0.003 R= 0.000037  0.000042 lock= 8 x=-27.734 P=92.183
3 sat=  9-  8 L1 v=       -0.015 R= 0.000037  0.000092 lock= 8 x=-9.734 P=92.444
3 sat=  9- 16 L1 v=       -0.006 R= 0.000037  0.000063 lock= 8 x=-49.734 P=92.662
3 sat=  9- 27 L1 v=       -0.010 R= 0.000037  0.000067 lock= 8 x=-40.734 P=92.405
3 sat=  9- 30 L1 v=       -0.013 R= 0.000037  0.000248 lock= 8 x=-140.734 P=95.221
3 sat=  9-  4 P1 v=        0.134 R= 3.334140  3.796864 lock= 8 x=-27.734 P=92.183
3 sat=  9-  8 P1 v=       -0.401 R= 3.334140  8.238463 lock= 8 x=-9.734 P=92.444
3 sat=  9- 16 P1 v=       -0.553 R= 3.334140  5.688129 lock= 8 x=-49.734 P=92.662
3 sat=  9- 27 P1 v=       -0.441 R= 3.334140  6.021493 lock= 8 x=-40.734 P=92.405
3 sat=  9- 30 P1 v=       -1.408 R= 3.334140 22.361985 lock= 8 x=-140.734 P=95.221
3 sat= 39- 38 L1 v=        0.007 R= 0.000091  0.000122 lock= 8 x=-64.717 P=92.787
3 sat= 39- 40 L1 v=        0.012 R= 0.000091  0.000388 lock= 8 x=93.283 P=93.521
3 sat= 39- 41 L1 v=        0.000 R= 0.000091  0.000092 lock= 8 x=-48.717 P=92.359
3 sat= 39- 42 L1 v=       -0.012 R= 0.000091  0.000337 lock= 8 x=-11.717 P=92.801
3 sat= 39- 48 L1 v=       -0.001 R= 0.000091  0.000133 lock= 8 x=-43.717 P=92.641
3 sat= 39- 50 L1 v=        0.034 R= 0.000091  0.000632 lock= 8 x=35.283 P=93.417
3 sat= 39- 40 L2 v=        0.033 R= 0.000091  0.000388 lock= 8 x=30.438 P=130.747
3 sat= 39- 41 L2 v=        0.003 R= 0.000091  0.000092 lock= 8 x=-74.562 P=129.678
3 sat= 39- 48 L2 v=        0.004 R= 0.000091  0.000133 lock= 8 x=-52.562 P=129.703
3 sat= 39- 50 L2 v=        0.029 R= 0.000091  0.000632 lock= 8 x=-27.562 P=130.086
3 sat= 39- 38 P1 v=        3.234 R= 8.224045 10.980069 lock= 8 x=-64.717 P=92.787
3 sat= 39- 40 P1 v=       -1.343 R= 8.224045 34.932336 lock= 8 x=93.283 P=93.521
3 sat= 39- 41 P1 v=        2.393 R= 8.224045  8.263217 lock= 8 x=-48.717 P=92.359
3 sat= 39- 42 P1 v=        2.603 R= 8.224045 30.299331 lock= 8 x=-11.717 P=92.801
3 sat= 39- 48 P1 v=        1.846 R= 8.224045 11.974535 lock= 8 x=-43.717 P=92.641
3 sat= 39- 50 P1 v=        2.098 R= 8.224045 56.906648 lock= 8 x=35.283 P=93.417
3 sat= 39- 40 P2 v=        0.305 R= 8.224045 34.932336 lock= 8 x=30.438 P=130.747
3 sat= 39- 41 P2 v=        0.181 R= 8.224045  8.263217 lock= 8 x=-74.562 P=129.678
3 sat= 39- 48 P2 v=       -0.570 R= 8.224045 11.974535 lock= 8 x=-52.562 P=129.703
3 sat= 39- 50 P2 v=       -0.940 R= 8.224045 56.906648 lock= 8 x=-27.562 P=130.086
3 sat= 60- 63 L1 v=       -0.007 R= 0.000036  0.000039 lock= 8 x=-62.197 P=84.742
3 sat= 60- 68 L1 v=       -0.004 R= 0.000036  0.000167 lock= 8 x=-28.197 P=86.537
3 sat= 60- 73 L1 v=        0.004 R= 0.000036  0.000105 lock= 8 x=-13.197 P=85.595
3 sat= 60- 78 L1 v=       -0.006 R= 0.000036  0.000060 lock= 8 x=-18.197 P=85.177
3 sat= 60- 80 L1 v=       -0.009 R= 0.000036  0.000060 lock= 8 x=-72.197 P=85.398
3 sat= 60- 90 L1 v=       -0.001 R= 0.000036  0.000095 lock= 8 x=-37.197 P=85.512
3 sat= 60- 63 P1 v=       -0.809 R= 3.271595  3.469214 lock= 8 x=-62.197 P=84.742
3 sat= 60- 68 P1 v=       -0.940 R= 3.271595 15.002537 lock= 8 x=-28.197 P=86.537
3 sat= 60- 73 P1 v=        0.063 R= 3.271595  9.425529 lock= 8 x=-13.197 P=85.595
3 sat= 60- 78 P1 v=       -0.918 R= 3.271595  5.412109 lock= 8 x=-18.197 P=85.177
3 sat= 60- 80 P1 v=       -1.707 R= 3.271595  5.432196 lock= 8 x=-72.197 P=85.398
3 sat= 60- 90 P1 v=       -0.428 R= 3.271595  8.537653 lock= 8 x=-37.197 P=85.512
3 valpos  : nv=42 thres=4.0
3 sol_rr=    -1276971.648    -4717196.857     4087248.825          -0.003          -0.007           0.010
1 
---------------------------------------------------------
1 relpos: dt=0.005 nu=24 nr=26
1 ---------------------------------------------------------
3 satposs  : teph= 2020/12/24 22:08:42.005 n=24 ephopt=0
3 satposs  : teph= 2020/12/24 22:08:42.000 n=26 ephopt=0
3 base station:
3 zdres: n=26 rr=-1283433.94 -4713073.29 4090105.09
3 sat= 4 rs=    -7865.309 -24850694.446   9307318.705 dts=-0.0001671608 az= 141.9 el= 59.5
3 unhealthy satellite: sat=7 svh=3f
3 sat= 8 rs=  5096246.198 -25894340.227   -809774.807 dts=-0.0000040918 az= 143.5 el= 29.6
3 sat= 9 rs= -9306906.521 -17153182.604  17941206.432 dts=-0.0003052095 az= 288.5 el= 76.5
3 sat=16 rs=  9937010.505 -11007823.313  21785423.818 dts=-0.0002551590 az=  47.3 el= 39.1
3 sat=27 rs= 12301961.798 -20667884.559  10711006.894 dts=-0.0000418405 az=  98.4 el= 37.3
3 sat=30 rs=-24310124.533  -1729691.584  10865533.162 dts=-0.0003578177 az= 277.8 el= 16.3
3 sat=38 rs= -8304296.899 -23987842.885   2341580.200 dts= 0.0001897532 az= 186.7 el= 44.8
3 sat=39 rs=-12406544.753 -13684705.589  17597751.032 dts=-0.0000419300 az= 288.9 el= 63.2
3 sat=40 rs=-10337359.583   3794454.904  23056067.155 dts=-0.0000564558 az= 329.0 el= 20.0
3 sat=41 rs=-11177309.334 -12548393.141  19231525.108 dts= 0.0000148842 az= 303.9 el= 62.8
3 sat=42 rs=-23292549.756  -8578584.354   5697836.467 dts=-0.0000649858 az= 256.4 el= 21.8
3 sat=48 rs=  7111383.284  -9559497.020  22546566.838 dts=-0.0000094939 az=  36.8 el= 41.4
3 sat=50 rs= 19283191.596 -11442090.639  12135363.294 dts= 0.0000607964 az=  75.8 el= 15.1
3 sat=60 rs= -8768114.818 -20438446.879  19531809.602 dts=-0.0010103688 az= 283.8 el= 82.1
3 sat=63 rs=-13414754.508 -18133262.849  19163818.341 dts=-0.0006747671 az= 277.8 el= 69.5
3 sat=68 rs=-16813179.035   4223868.335  23987077.573 dts= 0.0058217660 az= 316.3 el= 20.4
3 sat=73 rs=  6529482.037 -28194298.031  -2323596.242 dts=-0.0012706425 az= 143.0 el= 27.0
3 sat=78 rs=  -571262.660 -29567160.584   1210798.589 dts= 0.0001612760 az= 157.6 el= 40.7
3 sat=80 rs= 11142141.523 -12454178.108  24433901.138 dts=-0.0006390823 az=  47.5 el= 40.6
3 sat=90 rs=-24346726.747 -16588196.515   2837872.778 dts=-0.0004767740 az= 237.4 el= 29.0
3 y=
        0.000         8.826         0.000        13.830        14.527         9.606         0.000        13.190         8.540        17.027        14.741        12.888        19.918        10.546        15.242         0.000        13.669         0.000        10.797        10.541         4.792         0.000         9.966         2.340        15.029        12.173
        0.000         0.000         0.000         0.000         0.000         0.000         0.000         0.000         0.000         0.000        23.957        21.316        30.472         0.000        24.977         0.000        22.469         0.000         0.000         0.000         0.000         0.000         0.000         0.000         0.000         0.000
        0.000         2.170         0.000         6.890         2.822         0.948         0.000         4.959         5.234         8.307        10.314        11.553        10.343         4.695         8.486         0.000        10.038         0.000         1.054        -0.167         1.443         0.000         2.396         1.677         2.274         3.167
        0.000         0.000         0.000         0.000         0.000         0.000         0.000         0.000         0.000         0.000        13.632        14.809        12.413         0.000        10.162         0.000        14.476         0.000         0.000         0.000         0.000         0.000         0.000         0.000         0.000         0.000
3 selsat  : nu=24 nr=26
3 before udstate: x=-1276971.7681 -4717197.3570 4087248.5278 -0.0030 -0.0072 0.0096 -0.0044 -0.0125 0.0191
3 udstate : ns=20
3 udpos : tt=1.000
3 udbias  : tt=1.000 ns=20
3 after udstate x=-1276971.7733 -4717197.3704 4087248.5470 -0.0074 -0.0197 0.0287 -0.0044 -0.0125 0.0191
3 rover: dt=0.005
3 zdres: n=24 rr=-1276971.77 -4717197.37 4087248.55
3 unhealthy satellite: sat=7 svh=3f
3 y=
        0.000   1643544.807         0.000   1643553.336   1643542.650   1643540.841         0.000   1643546.496   1643522.593   1643551.052   1643558.652   1643575.535   1643556.459   1643554.161   1643552.491         0.000   1643565.798   1643538.756   1643536.768   1643537.003   1643545.829   1643537.301   1643539.047   1643543.332
        0.000   1643535.270         0.000   1643553.656   1643540.618         0.000         0.000   1643546.568   1643525.486         0.000   1643553.880   1643567.768   1643552.123         0.000   1643551.698         0.000   1643555.293         0.000         0.000         0.000         0.000         0.000         0.000         0.000
        0.000   1643542.582         0.000   1643547.865   1643543.164   1643541.428         0.000   1643545.940   1643546.800   1643553.350   1643558.205   1643560.678   1643555.820   1643550.015   1643554.453         0.000   1643555.838   1643538.811   1643538.177   1643539.528   1643540.470   1643540.748   1643541.395   1643541.725
        0.000   1643539.249         0.000   1643545.915   1643539.950         0.000         0.000   1643541.664   1643542.727         0.000   1643553.371   1643553.798   1643551.896         0.000   1643550.205         0.000   1643555.020         0.000         0.000         0.000         0.000         0.000         0.000         0.000
3 ddres   : dt=0.0050 ns=20
3 sat=  9-  4 L1 v=        0.004 R= 0.000037  0.000042 lock= 9 x=-28.079 P=92.183
3 sat=  9-  8 L1 v=        0.013 R= 0.000037  0.000092 lock= 9 x=-9.507 P=92.444
3 sat=  9- 16 L1 v=        0.008 R= 0.000037  0.000063 lock= 9 x=-52.991 P=92.662
3 sat=  9- 27 L1 v=        0.008 R= 0.000037  0.000067 lock= 9 x=-42.110 P=92.405
3 sat=  9- 30 L1 v=        0.013 R= 0.000037  0.000248 lock= 9 x=-143.264 P=95.221
3 sat=  9-  4 P1 v=       -0.070 R= 3.334058  3.797220 lock= 9 x=-28.079 P=92.183
3 sat=  9-  8 P1 v=       -0.634 R= 3.334058  8.235721 lock= 9 x=-9.507 P=92.444
3 sat=  9- 16 P1 v=       -0.138 R= 3.334058  5.689382 lock= 9 x=-52.991 P=92.662
3 sat=  9- 27 P1 v=       -0.639 R= 3.334058  6.020876 lock= 9 x=-42.110 P=92.405
3 sat=  9- 30 P1 v=       -1.224 R= 3.334058 22.349173 lock= 9 x=-143.264 P=95.221
3 sat= 39- 38 L1 v=        0.013 R= 0.000091  0.000122 lock= 9 x=-65.062 P=92.787
3 sat= 39- 40 L1 v=        0.006 R= 0.000091  0.000388 lock= 9 x=87.951 P=93.521
3 sat= 39- 41 L1 v=        0.005 R= 0.000091  0.000092 lock= 9 x=-51.716 P=92.359
3 sat= 39- 42 L1 v=        0.015 R= 0.000091  0.000337 lock= 9 x=-13.860 P=92.801
3 sat= 39- 48 L1 v=        0.012 R= 0.000091  0.000133 lock= 9 x=-47.910 P=92.641
3 sat= 39- 50 L1 v=        0.025 R= 0.000091  0.000632 lock= 9 x=31.619 P=93.417
3 sat= 39- 40 L2 v=        0.012 R= 0.000091  0.000388 lock= 9 x=27.894 P=130.747
3 sat= 39- 41 L2 v=        0.004 R= 0.000091  0.000092 lock= 9 x=-75.225 P=129.678
3 sat= 39- 48 L2 v=        0.004 R= 0.000091  0.000133 lock= 9 x=-54.187 P=129.703
3 sat= 39- 50 L2 v=        0.018 R= 0.000091  0.000632 lock= 9 x=-28.750 P=130.086
3 sat= 39- 38 P1 v=        2.848 R= 8.223802 10.982577 lock= 9 x=-65.062 P=92.787
3 sat= 39- 40 P1 v=       -1.234 R= 8.223802 34.910305 lock= 9 x=87.951 P=93.521
3 sat= 39- 41 P1 v=        2.414 R= 8.223802  8.263071 lock= 9 x=-51.716 P=92.359
3 sat= 39- 42 P1 v=        2.571 R= 8.223802 30.286266 lock= 9 x=-13.860 P=92.801
3 sat= 39- 48 P1 v=        1.925 R= 8.223802 11.976760 lock= 9 x=-47.910 P=92.641
3 sat= 39- 50 P1 v=        2.091 R= 8.223802 56.878540 lock= 9 x=31.619 P=93.417
3 sat= 39- 40 P2 v=        0.750 R= 8.223802 34.910305 lock= 9 x=27.894 P=130.747
3 sat= 39- 41 P2 v=        0.256 R= 8.223802  8.263071 lock= 9 x=-75.225 P=129.678
3 sat= 39- 48 P2 v=       -0.303 R= 8.223802 11.976760 lock= 9 x=-54.187 P=129.703
3 sat= 39- 50 P2 v=       -0.805 R= 8.223802 56.878540 lock= 9 x=-28.750 P=130.086
3 sat= 60- 63 L1 v=       -0.000 R= 0.000036  0.000039 lock= 9 x=-62.642 P=84.742
3 sat= 60- 68 L1 v=        0.009 R= 0.000036  0.000167 lock= 9 x=-31.149 P=86.537
3 sat= 60- 73 L1 v=        0.021 R= 0.000036  0.000105 lock= 9 x=-11.896 P=85.595
3 sat= 60- 78 L1 v=        0.013 R= 0.000036  0.000060 lock= 9 x=-16.677 P=85.177
3 sat= 60- 80 L1 v=        0.008 R= 0.000036  0.000060 lock= 9 x=-74.213 P=85.398
3 sat= 60- 90 L1 v=        0.016 R= 0.000036  0.000095 lock= 9 x=-36.644 P=85.512
3 sat= 60- 63 P1 v=       -0.587 R= 3.271581  3.469161 lock= 9 x=-62.642 P=84.742
3 sat= 60- 68 P1 v=       -0.327 R= 3.271581 14.996154 lock= 9 x=-31.149 P=86.537
3 sat= 60- 73 P1 v=       -0.317 R= 3.271581  9.422888 lock= 9 x=-11.896 P=85.595
3 sat= 60- 78 P1 v=       -1.314 R= 3.271581  5.413099 lock= 9 x=-16.677 P=85.177
3 sat= 60- 80 P1 v=       -1.364 R= 3.271581  5.433042 lock= 9 x=-74.213 P=85.398
3 sat= 60- 90 P1 v=       -0.800 R= 3.271581  8.535519 lock= 9 x=-36.644 P=85.512
3 before filter x=-1276971.7733 -4717197.3704 4087248.5470 -0.0074 -0.0197 0.0287 -0.0044 -0.0125 0.0191
3 after filter x=-1276971.7649 -4717197.3539 4087248.5330 0.0046 0.0069 -0.0070 0.0073 0.0129 -0.0153
3 posvar=0.066693 
3 zdres: n=24 rr=-1276971.76 -4717197.35 4087248.53
3 unhealthy satellite: sat=7 svh=3f
3 y=
        0.000   1643544.788         0.000   1643553.326   1643542.627   1643540.830         0.000   1643546.485   1643522.583   1643551.034   1643558.630   1643575.526   1643556.438   1643554.149   1643552.478         0.000   1643565.796   1643538.733   1643536.745   1643536.993   1643545.820   1643537.287   1643539.035   1643543.318
        0.000   1643535.251         0.000   1643553.646   1643540.595         0.000         0.000   1643546.557   1643525.476         0.000   1643553.858   1643567.759   1643552.101         0.000   1643551.685         0.000   1643555.291         0.000         0.000         0.000         0.000         0.000         0.000         0.000
        0.000   1643542.563         0.000   1643547.855   1643543.141   1643541.416         0.000   1643545.929   1643546.790   1643553.333   1643558.183   1643560.669   1643555.798   1643550.003   1643554.440         0.000   1643555.836   1643538.788   1643538.154   1643539.518   1643540.461   1643540.733   1643541.383   1643541.711
        0.000   1643539.230         0.000   1643545.905   1643539.927         0.000         0.000   1643541.653   1643542.717         0.000   1643553.349   1643553.789   1643551.874         0.000   1643550.192         0.000   1643555.018         0.000         0.000         0.000         0.000         0.000         0.000         0.000
3 ddres   : dt=0.0050 ns=20
3 sat=  9-  4 L1 v=       -0.002 R= 0.000037  0.000042 lock= 9 x=-28.084 P=92.177
3 sat=  9-  8 L1 v=       -0.004 R= 0.000037  0.000092 lock= 9 x=-9.520 P=92.427
3 sat=  9- 16 L1 v=        0.000 R= 0.000037  0.000063 lock= 9 x=-52.968 P=92.636
3 sat=  9- 27 L1 v=       -0.003 R= 0.000037  0.000067 lock= 9 x=-42.104 P=92.394
3 sat=  9- 30 L1 v=       -0.001 R= 0.000037  0.000248 lock= 9 x=-143.265 P=95.115
3 sat=  9-  4 P1 v=       -0.074 R= 3.334058  3.797220 lock= 9 x=-28.084 P=92.177
3 sat=  9-  8 P1 v=       -0.647 R= 3.334058  8.235721 lock= 9 x=-9.520 P=92.427
3 sat=  9- 16 P1 v=       -0.150 R= 3.334058  5.689382 lock= 9 x=-52.968 P=92.636
3 sat=  9- 27 P1 v=       -0.651 R= 3.334058  6.020876 lock= 9 x=-42.104 P=92.394
3 sat=  9- 30 P1 v=       -1.238 R= 3.334058 22.349173 lock= 9 x=-143.265 P=95.115
3 sat= 39- 38 L1 v=        0.004 R= 0.000091  0.000122 lock= 9 x=-65.088 P=92.750
3 sat= 39- 40 L1 v=       -0.003 R= 0.000091  0.000388 lock= 9 x=87.966 P=93.485
3 sat= 39- 41 L1 v=        0.005 R= 0.000091  0.000092 lock= 9 x=-51.715 P=92.344
3 sat= 39- 42 L1 v=        0.002 R= 0.000091  0.000337 lock= 9 x=-13.878 P=92.760
3 sat= 39- 48 L1 v=        0.007 R= 0.000091  0.000133 lock= 9 x=-47.893 P=92.620
3 sat= 39- 50 L1 v=        0.007 R= 0.000091  0.000632 lock= 9 x=31.627 P=93.372
3 sat= 39- 40 L2 v=        0.002 R= 0.000091  0.000388 lock= 9 x=27.900 P=130.726
3 sat= 39- 41 L2 v=        0.004 R= 0.000091  0.000092 lock= 9 x=-75.230 P=129.668
3 sat= 39- 48 L2 v=       -0.002 R= 0.000091  0.000133 lock= 9 x=-54.179 P=129.697
3 sat= 39- 50 L2 v=        0.000 R= 0.000091  0.000632 lock= 9 x=-28.749 P=130.062
3 sat= 39- 38 P1 v=        2.843 R= 8.223802 10.982577 lock= 9 x=-65.088 P=92.750
3 sat= 39- 40 P1 v=       -1.247 R= 8.223802 34.910305 lock= 9 x=87.966 P=93.485
3 sat= 39- 41 P1 v=        2.414 R= 8.223802  8.263071 lock= 9 x=-51.715 P=92.344
3 sat= 39- 42 P1 v=        2.562 R= 8.223802 30.286266 lock= 9 x=-13.878 P=92.760
3 sat= 39- 48 P1 v=        1.916 R= 8.223802 11.976760 lock= 9 x=-47.893 P=92.620
3 sat= 39- 50 P1 v=        2.071 R= 8.223802 56.878540 lock= 9 x=31.627 P=93.372
3 sat= 39- 40 P2 v=        0.737 R= 8.223802 34.910305 lock= 9 x=27.900 P=130.726
3 sat= 39- 41 P2 v=        0.256 R= 8.223802  8.263071 lock= 9 x=-75.230 P=129.668
3 sat= 39- 48 P2 v=       -0.312 R= 8.223802 11.976760 lock= 9 x=-54.179 P=129.697
3 sat= 39- 50 P2 v=       -0.825 R= 8.223802 56.878540 lock= 9 x=-28.749 P=130.062
3 sat= 60- 63 L1 v=       -0.001 R= 0.000036  0.000039 lock= 9 x=-62.639 P=84.737
3 sat= 60- 68 L1 v=       -0.001 R= 0.000036  0.000167 lock= 9 x=-31.133 P=86.466
3 sat= 60- 73 L1 v=        0.003 R= 0.000036  0.000105 lock= 9 x=-11.911 P=85.559
3 sat= 60- 78 L1 v=        0.001 R= 0.000036  0.000060 lock= 9 x=-16.693 P=85.156
3 sat= 60- 80 L1 v=        0.000 R= 0.000036  0.000060 lock= 9 x=-74.191 P=85.369
3 sat= 60- 90 L1 v=        0.003 R= 0.000036  0.000095 lock= 9 x=-36.662 P=85.476
3 sat= 60- 63 P1 v=       -0.588 R= 3.271581  3.469161 lock= 9 x=-62.639 P=84.737
3 sat= 60- 68 P1 v=       -0.341 R= 3.271581 14.996154 lock= 9 x=-31.133 P=86.466
3 sat= 60- 73 P1 v=       -0.331 R= 3.271581  9.422888 lock= 9 x=-11.911 P=85.559
3 sat= 60- 78 P1 v=       -1.322 R= 3.271581  5.413099 lock= 9 x=-16.693 P=85.156
3 sat= 60- 80 P1 v=       -1.375 R= 3.271581  5.433042 lock= 9 x=-74.191 P=85.369
3 sat= 60- 90 P1 v=       -0.809 R= 3.271581  8.535519 lock= 9 x=-36.662 P=85.476
3 valpos  : nv=42 thres=4.0
3 posvar=0.066693
3 prevRatios = 3.978 3.978
3 refSats=       4       4       4       4       4      38      38      38      38      38      38      39      39      39      39      60      60      60      60      60      60
3 fixSats=       8       9      16      27      30      39      40      41      42      48      50      40      41      48      50      63      68      73      78      80      90
3 N(0)=       -18.56   41.30   24.88   14.02  115.18  -52.67 -153.05  -13.37  -51.21  -17.19  -96.71  -68.89   34.24   13.19  -12.24    9.10  -22.41  -41.63  -36.85   20.65  -16.88
3 Qb*1000=   470.1197 536.6432 1069.2845 482.7812 4305.1387 813.3560 3428.6386 939.5439 1883.2112 1787.3832 2482.9097 1087.6153  7.9611 680.4010 1772.5139 76.1328 2758.8185 1505.1636 829.9282 1010.4355 1568.4327
3 N(1)=       -18.00   40.00   22.00   13.00  113.00  -55.00 -158.00  -16.00  -53.00  -21.00 -100.00  -71.00   34.00   12.00  -13.00    9.00  -25.00  -40.00  -35.00   19.00  -16.00
3 N(2)=       -18.00   40.00   22.00   13.00  113.00  -55.00 -158.00  -16.00  -53.00  -21.00  -99.00  -71.00   34.00   12.00  -13.00    9.00  -25.00  -40.00  -35.00   19.00  -16.00
3 resamb : validation ok (nb=21 ratio=3.99 thresh=3.00 s=1237.29/310.31
3 restamb :
3 lambda: nb=21 r1= 3.978 r2=3.978 r=3.987
3 zdres: n=24 rr=-1276971.65 -4717196.86 4087248.83
3 unhealthy satellite: sat=7 svh=3f
3 y=
        0.000   1643544.388         0.000   1643552.831   1643542.475   1643540.984         0.000   1643546.285   1643522.614   1643550.504   1643558.537   1643575.910   1643556.405   1643553.968   1643552.669         0.000   1643565.858   1643538.553   1643536.588   1643537.307   1643545.326   1643536.763   1643539.177   1643542.971
        0.000   1643534.851         0.000   1643553.151   1643540.442         0.000         0.000   1643546.357   1643525.507         0.000   1643553.765   1643568.142   1643552.069         0.000   1643551.876         0.000   1643555.353         0.000         0.000         0.000         0.000         0.000         0.000         0.000
        0.000   1643542.163         0.000   1643547.360   1643542.989   1643541.570         0.000   1643545.729   1643546.821   1643552.803   1643558.090   1643561.053   1643555.766   1643549.822   1643554.631         0.000   1643555.898   1643538.608   1643537.997   1643539.833   1643539.967   1643540.209   1643541.525   1643541.364
        0.000   1643538.830         0.000   1643545.410   1643539.775         0.000         0.000   1643541.453   1643542.748         0.000   1643553.256   1643554.173   1643551.842         0.000   1643550.383         0.000   1643555.080         0.000         0.000         0.000         0.000         0.000         0.000         0.000
3 ddres   : dt=0.0050 ns=20
3 sat=  9-  4 L1 v=       -0.002 R= 0.000037  0.000042 lock= 9 x=-28.084 P=92.177
3 sat=  9-  8 L1 v=       -0.016 R= 0.000037  0.000092 lock= 9 x=-10.084 P=92.427
3 sat=  9- 16 L1 v=       -0.005 R= 0.000037  0.000063 lock= 9 x=-50.084 P=92.636
3 sat=  9- 27 L1 v=       -0.009 R= 0.000037  0.000067 lock= 9 x=-41.084 P=92.394
3 sat=  9- 30 L1 v=       -0.017 R= 0.000037  0.000248 lock= 9 x=-141.084 P=95.115
3 sat=  9-  4 P1 v=        0.174 R= 3.334058  3.797220 lock= 9 x=-28.084 P=92.177
3 sat=  9-  8 P1 v=       -0.304 R= 3.334058  8.235723 lock= 9 x=-10.084 P=92.427
3 sat=  9- 16 P1 v=       -0.456 R= 3.334058  5.689381 lock= 9 x=-50.084 P=92.636
3 sat=  9- 27 P1 v=       -0.604 R= 3.334058  6.020876 lock= 9 x=-41.084 P=92.394
3 sat=  9- 30 P1 v=       -1.420 R= 3.334058 22.349170 lock= 9 x=-141.084 P=95.115
3 sat= 39- 38 L1 v=        0.006 R= 0.000091  0.000122 lock= 9 x=-65.088 P=92.750
3 sat= 39- 40 L1 v=        0.009 R= 0.000091  0.000388 lock= 9 x=92.912 P=93.485
3 sat= 39- 41 L1 v=        0.001 R= 0.000091  0.000092 lock= 9 x=-49.088 P=92.344
3 sat= 39- 42 L1 v=       -0.009 R= 0.000091  0.000337 lock= 9 x=-12.088 P=92.760
3 sat= 39- 48 L1 v=        0.000 R= 0.000091  0.000133 lock= 9 x=-44.088 P=92.620
3 sat= 39- 50 L1 v=        0.032 R= 0.000091  0.000632 lock= 9 x=34.912 P=93.372
3 sat= 39- 40 L2 v=        0.032 R= 0.000091  0.000388 lock= 9 x=30.009 P=130.726
3 sat= 39- 41 L2 v=        0.001 R= 0.000091  0.000092 lock= 9 x=-74.991 P=129.668
3 sat= 39- 48 L2 v=        0.001 R= 0.000091  0.000133 lock= 9 x=-52.991 P=129.697
3 sat= 39- 50 L2 v=        0.028 R= 0.000091  0.000632 lock= 9 x=-27.991 P=130.062
3 sat= 39- 38 P1 v=        3.281 R= 8.223802 10.982578 lock= 9 x=-65.088 P=92.750
3 sat= 39- 40 P1 v=       -1.723 R= 8.223802 34.910289 lock= 9 x=92.912 P=93.485
3 sat= 39- 41 P1 v=        2.354 R= 8.223802  8.263071 lock= 9 x=-49.088 P=92.344
3 sat= 39- 42 P1 v=        2.650 R= 8.223802 30.286268 lock= 9 x=-12.088 P=92.760
3 sat= 39- 48 P1 v=        1.632 R= 8.223802 11.976758 lock= 9 x=-44.088 P=92.620
3 sat= 39- 50 P1 v=        1.916 R= 8.223802 56.878528 lock= 9 x=34.912 P=93.372
3 sat= 39- 40 P2 v=        0.261 R= 8.223802 34.910289 lock= 9 x=30.009 P=130.726
3 sat= 39- 41 P2 v=        0.196 R= 8.223802  8.263071 lock= 9 x=-74.991 P=129.668
3 sat= 39- 48 P2 v=       -0.596 R= 8.223802 11.976758 lock= 9 x=-52.991 P=129.697
3 sat= 39- 50 P2 v=       -0.980 R= 8.223802 56.878528 lock= 9 x=-27.991 P=130.062
3 sat= 60- 63 L1 v=       -0.005 R= 0.000036  0.000039 lock= 9 x=-62.539 P=84.737
3 sat= 60- 68 L1 v=       -0.002 R= 0.000036  0.000167 lock= 9 x=-28.539 P=86.466
3 sat= 60- 73 L1 v=        0.008 R= 0.000036  0.000105 lock= 9 x=-13.539 P=85.559
3 sat= 60- 78 L1 v=       -0.007 R= 0.000036  0.000060 lock= 9 x=-18.539 P=85.156
3 sat= 60- 80 L1 v=       -0.007 R= 0.000036  0.000060 lock= 9 x=-72.539 P=85.369
3 sat= 60- 90 L1 v=        0.003 R= 0.000036  0.000095 lock= 9 x=-37.539 P=85.476
3 sat= 60- 63 P1 v=       -0.611 R= 3.271581  3.469161 lock= 9 x=-62.539 P=84.737
3 sat= 60- 68 P1 v=       -0.835 R= 3.271581 14.996149 lock= 9 x=-28.539 P=86.466
3 sat= 60- 73 P1 v=       -0.017 R= 3.271581  9.422890 lock= 9 x=-13.539 P=85.559
3 sat= 60- 78 P1 v=       -0.978 R= 3.271581  5.413100 lock= 9 x=-18.539 P=85.156
3 sat= 60- 80 P1 v=       -1.697 R= 3.271581  5.433041 lock= 9 x=-72.539 P=85.369
3 sat= 60- 90 P1 v=       -0.643 R= 3.271581  8.535520 lock= 9 x=-37.539 P=85.476
3 valpos  : nv=42 thres=4.0
3 sol_rr=    -1276971.647    -4717196.857     4087248.825           0.005           0.007          -0.007
1 
---------------------------------------------------------
1 relpos: dt=0.005 nu=24 nr=26
1 ---------------------------------------------------------
3 satposs  : teph= 2020/12/24 22:08:43.005 n=24 ephopt=0
3 satposs  : teph= 2020/12/24 22:08:43.000 n=26 ephopt=0
3 base station:
3 zdres: n=26 rr=-1283433.94 -4713073.29 4090105.09
3 sat= 4 rs=    -7302.638 -24851767.659   9304447.880 dts=-0.0001671608 az= 141.9 el= 59.5
3 unhealthy satellite: sat=7 svh=3f
3 sat= 8 rs=  5096544.732 -25894382.084   -806566.007 dts=-0.0000040918 az= 143.5 el= 29.6
3 sat= 9 rs= -9306245.262 -17155386.684  17939446.336 dts=-0.0003052096 az= 288.5 el= 76.6
3 sat=16 rs=  9938908.336 -11005738.082  21785654.380 dts=-0.0002551590 az=  47.3 el= 39.1
3 sat=27 rs= 12301868.315 -20666475.834  10713827.617 dts=-0.0000418405 az=  98.4 el= 37.3
3 sat=30 rs=-24308876.287  -1730325.943  10868213.948 dts=-0.0003578177 az= 277.8 el= 16.3
3 sat=38 rs= -8304521.448 -23988112.922   2338036.851 dts= 0.0001897532 az= 186.7 el= 44.8
3 sat=39 rs=-12407275.497 -13686998.913  17595444.106 dts=-0.0000419300 az= 288.9 el= 63.3
3 sat=40 rs=-10338178.562   3791419.880  23056197.445 dts=-0.0000564558 az= 329.0 el= 20.0
3 sat=41 rs=-11174779.539 -12547687.540  19233450.976 dts= 0.0000148843 az= 303.9 el= 62.8
3 sat=42 rs=-23291825.859  -8578249.835   5701299.925 dts=-0.0000649858 az= 256.4 el= 21.8
3 sat=48 rs=  7114398.026  -9558818.670  22545916.283 dts=-0.0000094939 az=  36.8 el= 41.4
3 sat=50 rs= 19281869.551 -11441062.888  12138442.331 dts= 0.0000607964 az=  75.8 el= 15.1
3 sat=60 rs= -8766465.427 -20437385.335  19533661.810 dts=-0.0010103688 az= 283.9 el= 82.1
3 sat=63 rs=-13414757.693 -18135184.988  19161997.361 dts=-0.0006747671 az= 277.8 el= 69.5
3 sat=68 rs=-16813161.931   4221461.942  23987514.129 dts= 0.0058217660 az= 316.3 el= 20.4
3 sat=73 rs=  6529571.486 -28193904.016  -2320794.146 dts=-0.0012706425 az= 143.0 el= 27.0
3 sat=78 rs=  -571314.022 -29567282.717   1207796.473 dts= 0.0001612761 az= 157.6 el= 40.7
3 sat=80 rs= 11144259.352 -12452942.488  24433565.749 dts=-0.0006390823 az=  47.5 el= 40.6
3 sat=90 rs=-24346539.620 -16587954.813   2840900.433 dts=-0.0004767740 az= 237.4 el= 29.0
3 y=
        0.000         8.794         0.000        13.801        14.496         9.573         0.000        13.159         8.508        16.993        14.711        12.857        19.885        10.512        15.212         0.000        13.638         0.000        10.765        10.510         4.759         0.000         9.933         2.308        14.997        12.142
        0.000         0.000         0.000         0.000         0.000         0.000         0.000         0.000         0.000         0.000        23.926        21.282        30.439         0.000        24.948         0.000        22.440         0.000         0.000         0.000         0.000         0.000         0.000         0.000         0.000         0.000
        0.000         2.166         0.000         6.867         2.760         0.905         0.000         4.956         4.959         8.335        10.260        11.251        10.264         4.661         8.285         0.000         9.849         0.000         1.022        -0.177         1.311         0.000         2.270         1.644         2.304         3.184
        0.000         0.000         0.000         0.000         0.000         0.000         0.000         0.000         0.000         0.000        13.537        14.784        12.307         0.000        10.190         0.000        14.435         0.000         0.000         0.000         0.000         0.000         0.000         0.000         0.000         0.000
3 selsat  : nu=24 nr=26
3 before udstate: x=-1276971.7649 -4717197.3539 4087248.5330 0.0046 0.0069 -0.0070 0.0073 0.0129 -0.0153
3 udstate : ns=20
3 udpos : tt=1.000
3 udbias  : tt=1.000 ns=20
3 after udstate x=-1276971.7566 -4717197.3405 4087248.5184 0.0119 0.0199 -0.0223 0.0073 0.0129 -0.0153
3 rover: dt=0.005
3 zdres: n=24 rr=-1276971.76 -4717197.34 4087248.52
3 unhealthy satellite: sat=7 svh=3f
3 y=
        0.000   1643626.962         0.000   1643635.510   1643624.800   1643623.010         0.000   1643628.670   1643604.765   1643633.213   1643640.803   1643657.703   1643638.608   1643636.329   1643634.661         0.000   1643647.987   1643620.903   1643618.917   1643619.173   1643628.007   1643619.468   1643621.214   1643625.497
        0.000   1643617.424         0.000   1643635.832   1643622.768         0.000         0.000   1643628.738   1643607.658         0.000   1643636.031   1643649.940   1643634.269         0.000   1643633.867         0.000   1643637.482         0.000         0.000         0.000         0.000         0.000         0.000         0.000
        0.000   1643624.709         0.000   1643629.962   1643625.244   1643623.587         0.000   1643628.091   1643628.926   1643635.349   1643640.310   1643642.858   1643637.934   1643632.225   1643636.729         0.000   1643637.973   1643620.914   1643620.436   1643621.745   1643622.568   1643622.971   1643623.565   1643623.825
        0.000   1643621.428         0.000   1643628.054   1643622.155         0.000         0.000   1643623.880   1643624.916         0.000   1643635.629   1643635.810   1643633.985         0.000   1643632.338         0.000   1643637.302         0.000         0.000         0.000         0.000         0.000         0.000         0.000
3 ddres   : dt=0.0050 ns=20
3 sat=  9-  4 L1 v=       -0.004 R= 0.000037  0.000042 lock=10 x=-28.224 P=92.177
3 sat=  9-  8 L1 v=       -0.013 R= 0.000037  0.000091 lock=10 x=-9.660 P=92.427
3 sat=  9- 16 L1 v=       -0.009 R= 0.000037  0.000063 lock=10 x=-53.108 P=92.636
3 sat=  9- 27 L1 v=       -0.016 R= 0.000037  0.000067 lock=10 x=-42.244 P=92.394
3 sat=  9- 30 L1 v=       -0.011 R= 0.000037  0.000248 lock=10 x=-143.405 P=95.115
3 sat=  9-  4 P1 v=       -0.059 R= 3.333976  3.797577 lock=10 x=-28.224 P=92.177
3 sat=  9-  8 P1 v=       -0.611 R= 3.333976  8.232983 lock=10 x=-9.660 P=92.427
3 sat=  9- 16 P1 v=       -0.199 R= 3.333976  5.690634 lock=10 x=-53.108 P=92.636
3 sat=  9- 27 P1 v=       -0.652 R= 3.333976  6.020258 lock=10 x=-42.244 P=92.394
3 sat=  9- 30 P1 v=       -1.484 R= 3.333976 22.336371 lock=10 x=-143.405 P=95.115
3 sat= 39- 38 L1 v=       -0.006 R= 0.000091  0.000122 lock=10 x=-65.228 P=92.750
3 sat= 39- 40 L1 v=       -0.008 R= 0.000091  0.000388 lock=10 x=87.826 P=93.485
3 sat= 39- 41 L1 v=        0.004 R= 0.000091  0.000092 lock=10 x=-51.855 P=92.344
3 sat= 39- 42 L1 v=       -0.009 R= 0.000091  0.000336 lock=10 x=-14.018 P=92.760
3 sat= 39- 48 L1 v=       -0.002 R= 0.000091  0.000133 lock=10 x=-48.034 P=92.620
3 sat= 39- 50 L1 v=       -0.013 R= 0.000091  0.000632 lock=10 x=31.487 P=93.372
3 sat= 39- 40 L2 v=       -0.009 R= 0.000091  0.000388 lock=10 x=27.875 P=130.726
3 sat= 39- 41 L2 v=        0.007 R= 0.000091  0.000092 lock=10 x=-75.255 P=129.668
3 sat= 39- 48 L2 v=       -0.009 R= 0.000091  0.000133 lock=10 x=-54.203 P=129.697
3 sat= 39- 50 L2 v=       -0.015 R= 0.000091  0.000632 lock=10 x=-28.773 P=130.062
3 sat= 39- 38 P1 v=        3.036 R= 8.223559 10.985088 lock=10 x=-65.228 P=92.750
3 sat= 39- 40 P1 v=       -1.558 R= 8.223559 34.888283 lock=10 x=87.826 P=93.485
3 sat= 39- 41 P1 v=        2.380 R= 8.223559  8.262925 lock=10 x=-51.855 P=92.344
3 sat= 39- 42 P1 v=        2.486 R= 8.223559 30.273213 lock=10 x=-14.018 P=92.760
3 sat= 39- 48 P1 v=        1.606 R= 8.223559 11.978983 lock=10 x=-48.034 P=92.620
3 sat= 39- 50 P1 v=        1.926 R= 8.223559 56.850449 lock=10 x=31.487 P=93.372
3 sat= 39- 40 P2 v=        1.065 R= 8.223559 34.888283 lock=10 x=27.875 P=130.726
3 sat= 39- 41 P2 v=        0.414 R= 8.223559  8.262925 lock=10 x=-75.255 P=129.668
3 sat= 39- 48 P2 v=       -0.056 R= 8.223559 11.978983 lock=10 x=-54.203 P=129.697
3 sat= 39- 50 P2 v=       -0.775 R= 8.223559 56.850449 lock=10 x=-28.773 P=130.062
3 sat= 60- 63 L1 v=       -0.001 R= 0.000036  0.000039 lock=10 x=-62.780 P=84.737
3 sat= 60- 68 L1 v=       -0.013 R= 0.000036  0.000167 lock=10 x=-31.273 P=86.466
3 sat= 60- 73 L1 v=       -0.014 R= 0.000036  0.000105 lock=10 x=-12.051 P=85.559
3 sat= 60- 78 L1 v=       -0.010 R= 0.000036  0.000060 lock=10 x=-16.833 P=85.156
3 sat= 60- 80 L1 v=       -0.008 R= 0.000036  0.000060 lock=10 x=-74.332 P=85.369
3 sat= 60- 90 L1 v=       -0.006 R= 0.000036  0.000095 lock=10 x=-36.802 P=85.476
3 sat= 60- 63 P1 v=       -0.721 R= 3.271567  3.469109 lock=10 x=-62.780 P=84.737
3 sat= 60- 68 P1 v=       -0.542 R= 3.271567 14.989771 lock=10 x=-31.273 P=86.466
3 sat= 60- 73 P1 v=       -0.406 R= 3.271567  9.420250 lock=10 x=-12.051 P=85.559
3 sat= 60- 78 P1 v=       -1.435 R= 3.271567  5.414091 lock=10 x=-16.833 P=85.156
3 sat= 60- 80 P1 v=       -1.369 R= 3.271567  5.433887 lock=10 x=-74.332 P=85.369
3 sat= 60- 90 P1 v=       -0.749 R= 3.271567  8.533386 lock=10 x=-36.802 P=85.476
3 before filter x=-1276971.7566 -4717197.3405 4087248.5184 0.0119 0.0199 -0.0223 0.0073 0.0129 -0.0153
3 after filter x=-1276971.7612 -4717197.3575 4087248.5416 -0.0039 -0.0056 0.0049 -0.0081 -0.0114 0.0108
3 posvar=0.063999 
3 zdres: n=24 rr=-1276971.76 -4717197.36 4087248.54
3 unhealthy satellite: sat=7 svh=3f
3 y=
        0.000   1643626.984         0.000   1643635.520   1643624.828   1643623.031         0.000   1643628.687   1643604.773   1643633.228   1643640.829   1643657.718   1643638.635   1643636.338   1643634.683         0.000   1643647.996   1643620.931   1643618.944   1643619.188   1643628.015   1643619.482   1643621.236   1643625.508
        0.000   1643617.446         0.000   1643635.842   1643622.796         0.000         0.000   1643628.754   1643607.667         0.000   1643636.057   1643649.955   1643634.296         0.000   1643633.890         0.000   1643637.491         0.000         0.000         0.000         0.000         0.000         0.000         0.000
        0.000   1643624.731         0.000   1643629.971   1643625.272   1643623.608         0.000   1643628.108   1643628.935   1643635.364   1643640.336   1643642.873   1643637.960   1643632.234   1643636.751         0.000   1643637.982   1643620.942   1643620.463   1643621.759   1643622.577   1643622.985   1643623.587   1643623.836
        0.000   1643621.450         0.000   1643628.063   1643622.183         0.000         0.000   1643623.897   1643624.925         0.000   1643635.655   1643635.825   1643634.011         0.000   1643632.360         0.000   1643637.311         0.000         0.000         0.000         0.000         0.000         0.000         0.000
3 ddres   : dt=0.0050 ns=20
3 sat=  9-  4 L1 v=        0.001 R= 0.000037  0.000042 lock=10 x=-28.222 P=92.172
3 sat=  9-  8 L1 v=        0.000 R= 0.000037  0.000091 lock=10 x=-9.677 P=92.410
3 sat=  9- 16 L1 v=        0.001 R= 0.000037  0.000063 lock=10 x=-53.084 P=92.611
3 sat=  9- 27 L1 v=       -0.004 R= 0.000037  0.000067 lock=10 x=-42.233 P=92.383
3 sat=  9- 30 L1 v=       -0.000 R= 0.000037  0.000248 lock=10 x=-143.442 P=95.015
3 sat=  9-  4 P1 v=       -0.053 R= 3.333976  3.797577 lock=10 x=-28.222 P=92.172
3 sat=  9-  8 P1 v=       -0.593 R= 3.333976  8.232983 lock=10 x=-9.677 P=92.410
3 sat=  9- 16 P1 v=       -0.192 R= 3.333976  5.690634 lock=10 x=-53.084 P=92.611
3 sat=  9- 27 P1 v=       -0.641 R= 3.333976  6.020258 lock=10 x=-42.233 P=92.383
3 sat=  9- 30 P1 v=       -1.465 R= 3.333976 22.336371 lock=10 x=-143.442 P=95.015
3 sat= 39- 38 L1 v=        0.001 R= 0.000091  0.000122 lock=10 x=-65.246 P=92.715
3 sat= 39- 40 L1 v=        0.002 R= 0.000091  0.000388 lock=10 x=87.825 P=93.450
3 sat= 39- 41 L1 v=        0.004 R= 0.000091  0.000092 lock=10 x=-51.847 P=92.329
3 sat= 39- 42 L1 v=       -0.000 R= 0.000091  0.000336 lock=10 x=-14.057 P=92.722
3 sat= 39- 48 L1 v=        0.006 R= 0.000091  0.000133 lock=10 x=-48.005 P=92.600
3 sat= 39- 50 L1 v=        0.006 R= 0.000091  0.000632 lock=10 x=31.499 P=93.329
3 sat= 39- 40 L2 v=        0.001 R= 0.000091  0.000388 lock=10 x=27.867 P=130.707
3 sat= 39- 41 L2 v=        0.007 R= 0.000091  0.000092 lock=10 x=-75.256 P=129.659
3 sat= 39- 48 L2 v=       -0.001 R= 0.000091  0.000133 lock=10 x=-54.188 P=129.691
3 sat= 39- 50 L2 v=        0.003 R= 0.000091  0.000632 lock=10 x=-28.770 P=130.039
3 sat= 39- 38 P1 v=        3.047 R= 8.223559 10.985088 lock=10 x=-65.246 P=92.715
3 sat= 39- 40 P1 v=       -1.547 R= 8.223559 34.888283 lock=10 x=87.825 P=93.450
3 sat= 39- 41 P1 v=        2.380 R= 8.223559  8.262925 lock=10 x=-51.847 P=92.329
3 sat= 39- 42 P1 v=        2.503 R= 8.223559 30.273213 lock=10 x=-14.057 P=92.722
3 sat= 39- 48 P1 v=        1.610 R= 8.223559 11.978983 lock=10 x=-48.005 P=92.600
3 sat= 39- 50 P1 v=        1.943 R= 8.223559 56.850449 lock=10 x=31.499 P=93.329
3 sat= 39- 40 P2 v=        1.076 R= 8.223559 34.888283 lock=10 x=27.867 P=130.707
3 sat= 39- 41 P2 v=        0.414 R= 8.223559  8.262925 lock=10 x=-75.256 P=129.659
3 sat= 39- 48 P2 v=       -0.052 R= 8.223559 11.978983 lock=10 x=-54.188 P=129.691
3 sat= 39- 50 P2 v=       -0.758 R= 8.223559 56.850449 lock=10 x=-28.770 P=130.039
3 sat= 60- 63 L1 v=       -0.001 R= 0.000036  0.000039 lock=10 x=-62.774 P=84.731
3 sat= 60- 68 L1 v=       -0.002 R= 0.000036  0.000167 lock=10 x=-31.281 P=86.398
3 sat= 60- 73 L1 v=        0.001 R= 0.000036  0.000105 lock=10 x=-12.067 P=85.525
3 sat= 60- 78 L1 v=       -0.000 R= 0.000036  0.000060 lock=10 x=-16.846 P=85.137
3 sat= 60- 80 L1 v=        0.001 R= 0.000036  0.000060 lock=10 x=-74.304 P=85.341
3 sat= 60- 90 L1 v=        0.003 R= 0.000036  0.000095 lock=10 x=-36.840 P=85.442
3 sat= 60- 63 P1 v=       -0.719 R= 3.271567  3.469109 lock=10 x=-62.774 P=84.731
3 sat= 60- 68 P1 v=       -0.528 R= 3.271567 14.989771 lock=10 x=-31.281 P=86.398
3 sat= 60- 73 P1 v=       -0.386 R= 3.271567  9.420250 lock=10 x=-12.067 P=85.525
3 sat= 60- 78 P1 v=       -1.421 R= 3.271567  5.414091 lock=10 x=-16.846 P=85.137
3 sat= 60- 80 P1 v=       -1.362 R= 3.271567  5.433887 lock=10 x=-74.304 P=85.341
3 sat= 60- 90 P1 v=       -0.731 R= 3.271567  8.533386 lock=10 x=-36.840 P=85.442
3 valpos  : nv=42 thres=4.0
3 posvar=0.063999
3 prevRatios = 3.987 3.987
3 refSats=       4       4       4       4       4      38      38      38      38      38      38      39      39      39      39      60      60      60      60      60      60
3 fixSats=       8       9      16      27      30      39      40      41      42      48      50      40      41      48      50      63      68      73      78      80      90
3 N(0)=       -18.55   41.30   24.86   14.01  115.22  -52.69 -153.07  -13.40  -51.19  -17.24  -96.75  -68.89   34.24   13.17  -12.25    9.11  -22.39  -41.60  -36.82   20.64  -16.83
3 Qb*1000=   448.5247 519.9797 1025.6922 465.0355 4160.1584 781.1246 3298.9467 901.4336 1821.0939 1711.9358 2390.1672 1043.5033  7.6789 657.9738 1713.1595 73.7592 2653.0112 1444.6696 796.1531 973.4899 1501.7874
3 N(1)=       -18.00   40.00   22.00   13.00  113.00  -55.00 -158.00  -16.00  -53.00  -21.00 -100.00  -71.00   34.00   12.00  -13.00    9.00  -25.00  -40.00  -35.00   19.00  -16.00
3 N(2)=       -18.00   40.00   22.00   13.00  113.00  -55.00 -158.00  -16.00  -53.00  -21.00  -99.00  -71.00   34.00   12.00  -13.00    9.00  -25.00  -40.00  -35.00   19.00  -16.00
3 resamb : validation ok (nb=21 ratio=4.00 thresh=3.00 s=1278.64/319.78
3 restamb :
3 lambda: nb=21 r1= 3.987 r2=3.987 r=3.999
3 zdres: n=24 rr=-1276971.65 -4717196.86 4087248.82
3 unhealthy satellite: sat=7 svh=3f
3 y=
        0.000   1643626.578         0.000   1643635.022   1643624.668   1643623.175         0.000   1643628.479   1643604.806   1643632.696   1643640.730   1643658.097   1643638.596   1643636.160   1643634.864         0.000   1643648.051   1643620.744   1643618.781   1643619.499   1643627.519   1643618.955   1643621.368   1643625.164
        0.000   1643617.039         0.000   1643635.345   1643622.637         0.000         0.000   1643628.547   1643607.699         0.000   1643635.958   1643650.334   1643634.257         0.000   1643634.071         0.000   1643637.546         0.000         0.000         0.000         0.000         0.000         0.000         0.000
        0.000   1643624.324         0.000   1643629.474   1643625.113   1643623.752         0.000   1643627.900   1643628.967   1643634.832   1643640.237   1643643.252   1643637.921   1643632.056   1643636.932         0.000   1643638.037   1643620.755   1643620.299   1643622.070   1643622.080   1643622.458   1643623.719   1643623.491
        0.000   1643621.043         0.000   1643627.566   1643622.024         0.000         0.000   1643623.689   1643624.957         0.000   1643635.556   1643636.204   1643633.972         0.000   1643632.541         0.000   1643637.366         0.000         0.000         0.000         0.000         0.000         0.000         0.000
3 ddres   : dt=0.0050 ns=20
3 sat=  9-  4 L1 v=        0.001 R= 0.000037  0.000042 lock=10 x=-28.222 P=92.172
3 sat=  9-  8 L1 v=       -0.012 R= 0.000037  0.000091 lock=10 x=-10.222 P=92.410
3 sat=  9- 16 L1 v=       -0.004 R= 0.000037  0.000063 lock=10 x=-50.222 P=92.611
3 sat=  9- 27 L1 v=       -0.010 R= 0.000037  0.000067 lock=10 x=-41.222 P=92.383
3 sat=  9- 30 L1 v=       -0.016 R= 0.000037  0.000248 lock=10 x=-141.222 P=95.015
3 sat=  9-  4 P1 v=        0.194 R= 3.333976  3.797577 lock=10 x=-28.222 P=92.172
3 sat=  9-  8 P1 v=       -0.255 R= 3.333976  8.232985 lock=10 x=-10.222 P=92.410
3 sat=  9- 16 P1 v=       -0.495 R= 3.333976  5.690634 lock=10 x=-50.222 P=92.611
3 sat=  9- 27 P1 v=       -0.592 R= 3.333976  6.020259 lock=10 x=-41.222 P=92.383
3 sat=  9- 30 P1 v=       -1.656 R= 3.333976 22.336367 lock=10 x=-141.222 P=95.015
3 sat= 39- 38 L1 v=        0.004 R= 0.000091  0.000122 lock=10 x=-65.246 P=92.715
3 sat= 39- 40 L1 v=        0.014 R= 0.000091  0.000388 lock=10 x=92.754 P=93.450
3 sat= 39- 41 L1 v=        0.000 R= 0.000091  0.000092 lock=10 x=-49.246 P=92.329
3 sat= 39- 42 L1 v=       -0.011 R= 0.000091  0.000336 lock=10 x=-12.246 P=92.722
3 sat= 39- 48 L1 v=       -0.000 R= 0.000091  0.000133 lock=10 x=-44.246 P=92.600
3 sat= 39- 50 L1 v=        0.032 R= 0.000091  0.000632 lock=10 x=34.754 P=93.329
3 sat= 39- 40 L2 v=        0.031 R= 0.000091  0.000388 lock=10 x=29.981 P=130.707
3 sat= 39- 41 L2 v=        0.004 R= 0.000091  0.000092 lock=10 x=-75.019 P=129.659
3 sat= 39- 48 L2 v=        0.001 R= 0.000091  0.000133 lock=10 x=-53.019 P=129.691
3 sat= 39- 50 L2 v=        0.031 R= 0.000091  0.000632 lock=10 x=-28.019 P=130.039
3 sat= 39- 38 P1 v=        3.480 R= 8.223559 10.985089 lock=10 x=-65.246 P=92.715
3 sat= 39- 40 P1 v=       -2.024 R= 8.223559 34.888267 lock=10 x=92.754 P=93.450
3 sat= 39- 41 P1 v=        2.320 R= 8.223559  8.262925 lock=10 x=-49.246 P=92.329
3 sat= 39- 42 P1 v=        2.582 R= 8.223559 30.273215 lock=10 x=-12.246 P=92.722
3 sat= 39- 48 P1 v=        1.330 R= 8.223559 11.978982 lock=10 x=-44.246 P=92.600
3 sat= 39- 50 P1 v=        1.790 R= 8.223559 56.850438 lock=10 x=34.754 P=93.329
3 sat= 39- 40 P2 v=        0.599 R= 8.223559 34.888267 lock=10 x=29.981 P=130.707
3 sat= 39- 41 P2 v=        0.354 R= 8.223559  8.262925 lock=10 x=-75.019 P=129.659
3 sat= 39- 48 P2 v=       -0.332 R= 8.223559 11.978982 lock=10 x=-53.019 P=129.691
3 sat= 39- 50 P2 v=       -0.911 R= 8.223559 56.850438 lock=10 x=-28.019 P=130.039
3 sat= 60- 63 L1 v=       -0.005 R= 0.000036  0.000039 lock=10 x=-62.667 P=84.731
3 sat= 60- 68 L1 v=       -0.003 R= 0.000036  0.000167 lock=10 x=-28.667 P=86.398
3 sat= 60- 73 L1 v=        0.006 R= 0.000036  0.000105 lock=10 x=-13.667 P=85.525
3 sat= 60- 78 L1 v=       -0.007 R= 0.000036  0.000060 lock=10 x=-18.667 P=85.137
3 sat= 60- 80 L1 v=       -0.007 R= 0.000036  0.000060 lock=10 x=-72.667 P=85.341
3 sat= 60- 90 L1 v=        0.002 R= 0.000036  0.000095 lock=10 x=-37.667 P=85.442
3 sat= 60- 63 P1 v=       -0.743 R= 3.271567  3.469109 lock=10 x=-62.667 P=84.731
3 sat= 60- 68 P1 v=       -1.026 R= 3.271567 14.989765 lock=10 x=-28.667 P=86.398
3 sat= 60- 73 P1 v=       -0.077 R= 3.271567  9.420252 lock=10 x=-13.667 P=85.525
3 sat= 60- 78 P1 v=       -1.081 R= 3.271567  5.414092 lock=10 x=-18.667 P=85.137
3 sat= 60- 80 P1 v=       -1.682 R= 3.271567  5.433886 lock=10 x=-72.667 P=85.341
3 sat= 60- 90 P1 v=       -0.574 R= 3.271567  8.533387 lock=10 x=-37.667 P=85.442
3 valpos  : nv=42 thres=4.0
3 sol_rr=    -1276971.647    -4717196.857     4087248.825          -0.004          -0.006           0.005
1 
---------------------------------------------------------
1 relpos: dt=0.005 nu=24 nr=26
1 ---------------------------------------------------------
3 satposs  : teph= 2020/12/24 22:08:44.005 n=24 ephopt=0
3 satposs  : teph= 2020/12/24 22:08:44.000 n=26 ephopt=0
3 base station:
3 zdres: n=26 rr=-1283433.94 -4713073.29 4090105.09
3 sat= 4 rs=    -6740.123 -24852840.557   9301576.856 dts=-0.0001671608 az= 141.9 el= 59.5
3 unhealthy satellite: sat=7 svh=3f
3 sat= 8 rs=  5096843.176 -25894423.562   -803357.189 dts=-0.0000040918 az= 143.5 el= 29.6
3 sat= 9 rs= -9305584.175 -17157590.584  17937685.856 dts=-0.0003052096 az= 288.4 el= 76.6
3 sat=16 rs=  9940806.308 -11003652.945  21785884.468 dts=-0.0002551590 az=  47.3 el= 39.1
3 sat=27 rs= 12301774.834 -20665066.754  10716648.106 dts=-0.0000418405 az=  98.4 el= 37.3
3 sat=30 rs=-24307627.754  -1730960.457  10870894.505 dts=-0.0003578177 az= 277.8 el= 16.3
3 sat=38 rs= -8304745.881 -23988382.476   2334493.446 dts= 0.0001897532 az= 186.7 el= 44.8
3 sat=39 rs=-12408006.343 -13689291.874  17593136.757 dts=-0.0000419300 az= 288.8 el= 63.3
3 sat=40 rs=-10338997.791   3788384.906  23056327.183 dts=-0.0000564558 az= 329.0 el= 20.0
3 sat=41 rs=-11172249.434 -12546982.074  19235376.384 dts= 0.0000148843 az= 303.9 el= 62.8
3 sat=42 rs=-23291101.475  -8577915.261   5704763.245 dts=-0.0000649858 az= 256.4 el= 21.8
3 sat=48 rs=  7117412.733  -9558140.580  22545265.186 dts=-0.0000094939 az=  36.8 el= 41.4
3 sat=50 rs= 19280547.296 -11440034.730  12141521.076 dts= 0.0000607964 az=  75.8 el= 15.1
3 sat=60 rs= -8764815.794 -20436323.827  19535513.717 dts=-0.0010103688 az= 283.9 el= 82.1
3 sat=63 rs=-13414761.024 -18137106.945  19160176.087 dts=-0.0006747671 az= 277.8 el= 69.5
3 sat=68 rs=-16813145.009   4219055.503  23987950.317 dts= 0.0058217660 az= 316.3 el= 20.5
3 sat=73 rs=  6529660.921 -28193509.704  -2317992.011 dts=-0.0012706425 az= 143.0 el= 27.0
3 sat=78 rs=  -571365.395 -29567404.544   1204794.338 dts= 0.0001612761 az= 157.6 el= 40.7
3 sat=80 rs= 11146377.249 -12451707.051  24433229.985 dts=-0.0006390823 az=  47.5 el= 40.6
3 sat=90 rs=-24346352.213 -16587712.971   2843928.045 dts=-0.0004767740 az= 237.4 el= 29.0
3 y=
        0.000         8.810         0.000        13.818        14.511         9.588         0.000        13.173         8.527        17.005        14.725        12.871        19.903        10.526        15.233         0.000        13.657         0.000        10.780        10.526         4.776         0.000         9.952         2.323        15.013        12.158
        0.000         0.000         0.000         0.000         0.000         0.000         0.000         0.000         0.000         0.000        23.939        21.297        30.457         0.000        24.969         0.000        22.460         0.000         0.000         0.000         0.000         0.000         0.000         0.000         0.000         0.000
        0.000         2.113         0.000         6.778         2.757         0.911         0.000         4.919         5.028         8.442        10.246        11.373        10.327         4.646         8.302         0.000         9.823         0.000         0.998        -0.164         1.328         0.000         2.266         1.650         2.303         3.186
        0.000         0.000         0.000         0.000         0.000         0.000         0.000         0.000         0.000         0.000        13.532        14.628        12.325         0.000        10.117         0.000        14.718         0.000         0.000         0.000         0.000         0.000         0.000         0.000         0.000         0.000
3 selsat  : nu=24 nr=26
3 before udstate: x=-1276971.7612 -4717197.3575 4087248.5416 -0.0039 -0.0056 0.0049 -0.0081 -0.0114 0.0108
3 udstate : ns=20
3 udpos : tt=1.000
3 udbias  : tt=1.000 ns=20
3 after udstate x=-1276971.7692 -4717197.3688 4087248.5519 -0.0121 -0.0170 0.0157 -0.0081 -0.0114 0.0108
3 rover: dt=0.005
3 zdres: n=24 rr=-1276971.77 -4717197.37 4087248.55
3 unhealthy satellite: sat=7 svh=3f
3 y=
        0.000   1643709.162         0.000   1643717.695   1643707.008   1643705.202         0.000   1643710.856   1643686.947   1643715.400   1643723.008   1643739.889   1643720.817   1643718.510   1643716.862         0.000   1643730.164   1643703.111   1643701.124   1643701.361   1643710.191   1643701.652   1643703.407   1643707.686
        0.000   1643699.623         0.000   1643718.015   1643704.978         0.000         0.000   1643710.925   1643689.843         0.000   1643718.236   1643732.126   1643716.479         0.000   1643716.069         0.000   1643719.666         0.000         0.000         0.000         0.000         0.000         0.000         0.000
        0.000   1643706.936         0.000   1643712.233   1643707.352   1643705.820         0.000   1643710.395   1643710.998   1643717.570   1643722.608   1643725.004   1643720.070   1643714.419   1643718.853         0.000   1643720.087   1643702.959   1643702.430   1643703.651   1643704.982   1643705.135   1643705.616   1643706.083
        0.000   1643703.563         0.000   1643710.177   1643704.408         0.000         0.000   1643706.113   1643707.099         0.000   1643717.880   1643718.058   1643716.121         0.000   1643714.551         0.000   1643719.386         0.000         0.000         0.000         0.000         0.000         0.000         0.000
3 ddres   : dt=0.0050 ns=20
3 sat=  9-  4 L1 v=        0.003 R= 0.000037  0.000042 lock=11 x=-28.113 P=92.172
3 sat=  9-  8 L1 v=        0.007 R= 0.000037  0.000091 lock=11 x=-9.567 P=92.410
3 sat=  9- 16 L1 v=        0.010 R= 0.000037  0.000063 lock=11 x=-52.975 P=92.611
3 sat=  9- 27 L1 v=        0.007 R= 0.000037  0.000067 lock=11 x=-42.124 P=92.383
3 sat=  9- 30 L1 v=        0.009 R= 0.000037  0.000248 lock=11 x=-143.332 P=95.015
3 sat=  9-  4 P1 v=       -0.228 R= 3.333895  3.797934 lock=11 x=-28.113 P=92.172
3 sat=  9-  8 P1 v=       -0.860 R= 3.333895  8.230247 lock=11 x=-9.567 P=92.410
3 sat=  9- 16 P1 v=       -0.313 R= 3.333895  5.691888 lock=11 x=-52.975 P=92.611
3 sat=  9- 27 P1 v=       -0.880 R= 3.333895  6.019642 lock=11 x=-42.124 P=92.383
3 sat=  9- 30 P1 v=       -1.375 R= 3.333895 22.323580 lock=11 x=-143.332 P=95.015
3 sat= 39- 38 L1 v=        0.006 R= 0.000091  0.000122 lock=11 x=-65.137 P=92.715
3 sat= 39- 40 L1 v=        0.010 R= 0.000091  0.000387 lock=11 x=87.935 P=93.450
3 sat= 39- 41 L1 v=        0.005 R= 0.000091  0.000092 lock=11 x=-51.737 P=92.329
3 sat= 39- 42 L1 v=        0.007 R= 0.000091  0.000336 lock=11 x=-13.947 P=92.722
3 sat= 39- 48 L1 v=        0.012 R= 0.000091  0.000133 lock=11 x=-47.896 P=92.600
3 sat= 39- 50 L1 v=        0.022 R= 0.000091  0.000631 lock=11 x=31.608 P=93.329
3 sat= 39- 40 L2 v=        0.010 R= 0.000091  0.000387 lock=11 x=27.895 P=130.707
3 sat= 39- 41 L2 v=        0.007 R= 0.000091  0.000092 lock=11 x=-75.228 P=129.659
3 sat= 39- 48 L2 v=        0.006 R= 0.000091  0.000133 lock=11 x=-54.160 P=129.691
3 sat= 39- 50 L2 v=        0.013 R= 0.000091  0.000631 lock=11 x=-28.743 P=130.039
3 sat= 39- 38 P1 v=        3.234 R= 8.223316 10.987600 lock=11 x=-65.137 P=92.715
3 sat= 39- 40 P1 v=       -1.269 R= 8.223316 34.866285 lock=11 x=87.935 P=93.450
3 sat= 39- 41 P1 v=        2.620 R= 8.223316  8.262779 lock=11 x=-51.737 P=92.329
3 sat= 39- 42 P1 v=        2.589 R= 8.223316 30.260172 lock=11 x=-13.947 P=92.722
3 sat= 39- 48 P1 v=        1.811 R= 8.223316 11.981208 lock=11 x=-47.896 P=92.600
3 sat= 39- 50 P1 v=        2.098 R= 8.223316 56.822390 lock=11 x=31.608 P=93.329
3 sat= 39- 40 P2 v=        0.918 R= 8.223316 34.866285 lock=11 x=27.895 P=130.707
3 sat= 39- 41 P2 v=        0.553 R= 8.223316  8.262779 lock=11 x=-75.228 P=129.659
3 sat= 39- 48 P2 v=       -0.086 R= 8.223316 11.981208 lock=11 x=-54.160 P=129.691
3 sat= 39- 50 P2 v=       -0.320 R= 8.223316 56.822390 lock=11 x=-28.743 P=130.039
3 sat= 60- 63 L1 v=       -0.001 R= 0.000036  0.000039 lock=11 x=-62.665 P=84.731
3 sat= 60- 68 L1 v=        0.005 R= 0.000036  0.000166 lock=11 x=-31.172 P=86.398
3 sat= 60- 73 L1 v=        0.008 R= 0.000036  0.000105 lock=11 x=-11.957 P=85.525
3 sat= 60- 78 L1 v=        0.008 R= 0.000036  0.000060 lock=11 x=-16.736 P=85.137
3 sat= 60- 80 L1 v=        0.009 R= 0.000036  0.000060 lock=11 x=-74.195 P=85.341
3 sat= 60- 90 L1 v=        0.006 R= 0.000036  0.000095 lock=11 x=-36.730 P=85.442
3 sat= 60- 63 P1 v=       -0.633 R= 3.271553  3.469057 lock=11 x=-62.665 P=84.731
3 sat= 60- 68 P1 v=       -0.363 R= 3.271553 14.983393 lock=11 x=-31.172 P=86.398
3 sat= 60- 73 P1 v=       -0.755 R= 3.271553  9.417614 lock=11 x=-11.957 P=85.525
3 sat= 60- 78 P1 v=       -1.525 R= 3.271553  5.415083 lock=11 x=-16.736 P=85.137
3 sat= 60- 80 P1 v=       -1.353 R= 3.271553  5.434732 lock=11 x=-74.195 P=85.341
3 sat= 60- 90 P1 v=       -0.937 R= 3.271553  8.531255 lock=11 x=-36.730 P=85.442
3 before filter x=-1276971.7692 -4717197.3688 4087248.5519 -0.0121 -0.0170 0.0157 -0.0081 -0.0114 0.0108
3 after filter x=-1276971.7616 -4717197.3460 4087248.5446 0.0016 0.0026 0.0005 0.0052 0.0074 -0.0038
3 posvar=0.061450 
3 zdres: n=24 rr=-1276971.76 -4717197.35 4087248.54
3 unhealthy satellite: sat=7 svh=3f
3 y=
        0.000   1643709.139         0.000   1643717.678   1643706.986   1643705.194         0.000   1643710.842   1643686.941   1643715.377   1643722.988   1643739.888   1643720.799   1643718.499   1643716.854         0.000   1643730.161   1643703.088   1643701.102   1643701.359   1643710.174   1643701.631   1643703.398   1643707.669
        0.000   1643699.600         0.000   1643717.998   1643704.956         0.000         0.000   1643710.911   1643689.837         0.000   1643718.217   1643732.126   1643716.460         0.000   1643716.061         0.000   1643719.664         0.000         0.000         0.000         0.000         0.000         0.000         0.000
        0.000   1643706.913         0.000   1643712.216   1643707.330   1643705.812         0.000   1643710.381   1643710.992   1643717.547   1643722.588   1643725.004   1643720.051   1643714.407   1643718.844         0.000   1643720.085   1643702.936   1643702.408   1643703.649   1643704.965   1643705.114   1643705.607   1643706.067
        0.000   1643703.540         0.000   1643710.160   1643704.386         0.000         0.000   1643706.099   1643707.093         0.000   1643717.860   1643718.058   1643716.102         0.000   1643714.542         0.000   1643719.384         0.000         0.000         0.000         0.000         0.000         0.000         0.000
3 ddres   : dt=0.0050 ns=20
3 sat=  9-  4 L1 v=       -0.000 R= 0.000037  0.000042 lock=11 x=-28.129 P=92.167
3 sat=  9-  8 L1 v=       -0.001 R= 0.000037  0.000091 lock=11 x=-9.582 P=92.395
3 sat=  9- 16 L1 v=        0.001 R= 0.000037  0.000063 lock=11 x=-52.943 P=92.588
3 sat=  9- 27 L1 v=       -0.002 R= 0.000037  0.000067 lock=11 x=-42.122 P=92.373
3 sat=  9- 30 L1 v=        0.002 R= 0.000037  0.000248 lock=11 x=-143.281 P=94.919
3 sat=  9-  4 P1 v=       -0.227 R= 3.333895  3.797934 lock=11 x=-28.129 P=92.167
3 sat=  9-  8 P1 v=       -0.864 R= 3.333895  8.230247 lock=11 x=-9.582 P=92.395
3 sat=  9- 16 P1 v=       -0.326 R= 3.333895  5.691888 lock=11 x=-52.943 P=92.588
3 sat=  9- 27 P1 v=       -0.888 R= 3.333895  6.019642 lock=11 x=-42.122 P=92.373
3 sat=  9- 30 P1 v=       -1.391 R= 3.333895 22.323580 lock=11 x=-143.281 P=94.919
3 sat= 39- 38 L1 v=        0.003 R= 0.000091  0.000122 lock=11 x=-65.183 P=92.682
3 sat= 39- 40 L1 v=        0.002 R= 0.000091  0.000387 lock=11 x=87.980 P=93.418
3 sat= 39- 41 L1 v=        0.004 R= 0.000091  0.000092 lock=11 x=-51.745 P=92.316
3 sat= 39- 42 L1 v=        0.002 R= 0.000091  0.000336 lock=11 x=-13.944 P=92.685
3 sat= 39- 48 L1 v=        0.005 R= 0.000091  0.000133 lock=11 x=-47.889 P=92.581
3 sat= 39- 50 L1 v=        0.008 R= 0.000091  0.000631 lock=11 x=31.610 P=93.287
3 sat= 39- 40 L2 v=        0.002 R= 0.000091  0.000387 lock=11 x=27.925 P=130.688
3 sat= 39- 41 L2 v=        0.007 R= 0.000091  0.000092 lock=11 x=-75.240 P=129.650
3 sat= 39- 48 L2 v=       -0.001 R= 0.000091  0.000133 lock=11 x=-54.159 P=129.685
3 sat= 39- 50 L2 v=       -0.001 R= 0.000091  0.000631 lock=11 x=-28.745 P=130.018
3 sat= 39- 38 P1 v=        3.238 R= 8.223316 10.987600 lock=11 x=-65.183 P=92.682
3 sat= 39- 40 P1 v=       -1.288 R= 8.223316 34.866285 lock=11 x=87.980 P=93.418
3 sat= 39- 41 P1 v=        2.619 R= 8.223316  8.262779 lock=11 x=-51.745 P=92.316
3 sat= 39- 42 P1 v=        2.581 R= 8.223316 30.260172 lock=11 x=-13.944 P=92.685
3 sat= 39- 48 P1 v=        1.800 R= 8.223316 11.981208 lock=11 x=-47.889 P=92.581
3 sat= 39- 50 P1 v=        2.081 R= 8.223316 56.822390 lock=11 x=31.610 P=93.287
3 sat= 39- 40 P2 v=        0.899 R= 8.223316 34.866285 lock=11 x=27.925 P=130.688
3 sat= 39- 41 P2 v=        0.552 R= 8.223316  8.262779 lock=11 x=-75.240 P=129.650
3 sat= 39- 48 P2 v=       -0.097 R= 8.223316 11.981208 lock=11 x=-54.159 P=129.685
3 sat= 39- 50 P2 v=       -0.337 R= 8.223316 56.822390 lock=11 x=-28.745 P=130.018
3 sat= 60- 63 L1 v=       -0.001 R= 0.000036  0.000039 lock=11 x=-62.665 P=84.726
3 sat= 60- 68 L1 v=       -0.003 R= 0.000036  0.000166 lock=11 x=-31.112 P=86.334
3 sat= 60- 73 L1 v=       -0.001 R= 0.000036  0.000105 lock=11 x=-11.981 P=85.493
3 sat= 60- 78 L1 v=        0.003 R= 0.000036  0.000060 lock=11 x=-16.766 P=85.118
3 sat= 60- 80 L1 v=        0.001 R= 0.000036  0.000060 lock=11 x=-74.174 P=85.315
3 sat= 60- 90 L1 v=        0.002 R= 0.000036  0.000095 lock=11 x=-36.727 P=85.410
3 sat= 60- 63 P1 v=       -0.634 R= 3.271553  3.469057 lock=11 x=-62.665 P=84.726
3 sat= 60- 68 P1 v=       -0.383 R= 3.271553 14.983393 lock=11 x=-31.112 P=86.334
3 sat= 60- 73 P1 v=       -0.761 R= 3.271553  9.417614 lock=11 x=-11.981 P=85.493
3 sat= 60- 78 P1 v=       -1.526 R= 3.271553  5.415083 lock=11 x=-16.766 P=85.118
3 sat= 60- 80 P1 v=       -1.366 R= 3.271553  5.434732 lock=11 x=-74.174 P=85.315
3 sat= 60- 90 P1 v=       -0.943 R= 3.271553  8.531255 lock=11 x=-36.727 P=85.410
3 valpos  : nv=42 thres=4.0
3 posvar=0.061450
3 prevRatios = 3.999 3.999
3 refSats=       4       4       4       4       4      38      38      38      38      38      38      39      39      39      39      60      60      60      60      60      60
3 fixSats=       8       9      16      27      30      39      40      41      42      48      50      40      41      48      50      63      68      73      78      80      90
3 N(0)=       -18.55   41.27   24.81   13.99  115.15  -52.73 -153.16  -13.44  -51.24  -17.29  -96.79  -68.93   34.23   13.15  -12.26    9.10  -22.45  -41.58  -36.80   20.61  -16.84
3 Qb*1000=   428.1915 504.1556 984.3514 448.1977 4022.4517 750.6700 3175.8230 865.4250 1762.0510 1640.5442 2302.1499 1001.6831  7.4112 636.6606 1656.8422 71.5029 2552.6625 1387.6062 764.2932 938.4227 1438.9033
3 N(1)=       -18.00   40.00   22.00   13.00  113.00  -55.00 -158.00  -16.00  -53.00  -21.00 -100.00  -71.00   34.00   12.00  -13.00    9.00  -25.00  -40.00  -35.00   19.00  -16.00
3 N(2)=       -18.00   40.00   22.00   13.00  113.00  -55.00 -158.00  -16.00  -53.00  -21.00  -99.00  -71.00   34.00   12.00  -13.00    9.00  -25.00  -40.00  -35.00   19.00  -16.00
3 resamb : validation ok (nb=21 ratio=4.02 thresh=3.00 s=1318.17/328.01
3 restamb :
3 lambda: nb=21 r1= 3.999 r2=3.999 r=4.019
3 zdres: n=24 rr=-1276971.65 -4717196.86 4087248.83
3 unhealthy satellite: sat=7 svh=3f
3 y=
        0.000   1643708.745         0.000   1643717.192   1643706.835   1643705.340         0.000   1643710.643   1643686.972   1643714.857   1643722.895   1643740.262   1643720.765   1643718.323   1643717.036         0.000   1643730.219   1643702.909   1643700.946   1643701.665   1643709.689   1643701.116   1643703.533   1643707.331
        0.000   1643699.206         0.000   1643717.512   1643704.804         0.000         0.000   1643710.712   1643689.868         0.000   1643718.124   1643732.500   1643716.426         0.000   1643716.243         0.000   1643719.721         0.000         0.000         0.000         0.000         0.000         0.000         0.000
        0.000   1643706.519         0.000   1643711.730   1643707.179   1643705.958         0.000   1643710.182   1643711.023   1643717.027   1643722.495   1643725.378   1643720.017   1643714.231   1643719.027         0.000   1643720.143   1643702.757   1643702.252   1643703.956   1643704.480   1643704.599   1643705.742   1643705.729
        0.000   1643703.146         0.000   1643709.674   1643704.235         0.000         0.000   1643705.900   1643707.124         0.000   1643717.767   1643718.432   1643716.068         0.000   1643714.725         0.000   1643719.442         0.000         0.000         0.000         0.000         0.000         0.000         0.000
3 ddres   : dt=0.0050 ns=20
3 sat=  9-  4 L1 v=       -0.000 R= 0.000037  0.000042 lock=11 x=-28.129 P=92.167
3 sat=  9-  8 L1 v=       -0.014 R= 0.000037  0.000091 lock=11 x=-10.129 P=92.395
3 sat=  9- 16 L1 v=       -0.004 R= 0.000037  0.000063 lock=11 x=-50.129 P=92.588
3 sat=  9- 27 L1 v=       -0.008 R= 0.000037  0.000067 lock=11 x=-41.129 P=92.373
3 sat=  9- 30 L1 v=       -0.013 R= 0.000037  0.000248 lock=11 x=-141.129 P=94.919
3 sat=  9-  4 P1 v=        0.016 R= 3.333895  3.797934 lock=11 x=-28.129 P=92.167
3 sat=  9-  8 P1 v=       -0.530 R= 3.333895  8.230249 lock=11 x=-10.129 P=92.395
3 sat=  9- 16 P1 v=       -0.625 R= 3.333895  5.691887 lock=11 x=-50.129 P=92.588
3 sat=  9- 27 P1 v=       -0.841 R= 3.333895  6.019642 lock=11 x=-41.129 P=92.373
3 sat=  9- 30 P1 v=       -1.573 R= 3.333895 22.323577 lock=11 x=-141.129 P=94.919
3 sat= 39- 38 L1 v=        0.006 R= 0.000091  0.000122 lock=11 x=-65.183 P=92.682
3 sat= 39- 40 L1 v=        0.014 R= 0.000091  0.000387 lock=11 x=92.817 P=93.418
3 sat= 39- 41 L1 v=        0.000 R= 0.000091  0.000092 lock=11 x=-49.183 P=92.316
3 sat= 39- 42 L1 v=       -0.010 R= 0.000091  0.000336 lock=11 x=-12.183 P=92.685
3 sat= 39- 48 L1 v=       -0.001 R= 0.000091  0.000133 lock=11 x=-44.183 P=92.581
3 sat= 39- 50 L1 v=        0.033 R= 0.000091  0.000631 lock=11 x=34.817 P=93.287
3 sat= 39- 40 L2 v=        0.032 R= 0.000091  0.000387 lock=11 x=29.995 P=130.688
3 sat= 39- 41 L2 v=        0.004 R= 0.000091  0.000092 lock=11 x=-75.005 P=129.650
3 sat= 39- 48 L2 v=        0.001 R= 0.000091  0.000133 lock=11 x=-53.005 P=129.685
3 sat= 39- 50 L2 v=        0.026 R= 0.000091  0.000631 lock=11 x=-28.005 P=130.018
3 sat= 39- 38 P1 v=        3.665 R= 8.223316 10.987602 lock=11 x=-65.183 P=92.682
3 sat= 39- 40 P1 v=       -1.755 R= 8.223316 34.866270 lock=11 x=92.817 P=93.418
3 sat= 39- 41 P1 v=        2.559 R= 8.223316  8.262779 lock=11 x=-49.183 P=92.316
3 sat= 39- 42 P1 v=        2.664 R= 8.223316 30.260173 lock=11 x=-12.183 P=92.685
3 sat= 39- 48 P1 v=        1.524 R= 8.223316 11.981207 lock=11 x=-44.183 P=92.581
3 sat= 39- 50 P1 v=        1.930 R= 8.223316 56.822378 lock=11 x=34.817 P=93.287
3 sat= 39- 40 P2 v=        0.432 R= 8.223316 34.866270 lock=11 x=29.995 P=130.688
3 sat= 39- 41 P2 v=        0.492 R= 8.223316  8.262779 lock=11 x=-75.005 P=129.650
3 sat= 39- 48 P2 v=       -0.373 R= 8.223316 11.981207 lock=11 x=-53.005 P=129.685
3 sat= 39- 50 P2 v=       -0.488 R= 8.223316 56.822378 lock=11 x=-28.005 P=130.018
3 sat= 60- 63 L1 v=       -0.004 R= 0.000036  0.000039 lock=11 x=-62.564 P=84.726
3 sat= 60- 68 L1 v=       -0.004 R= 0.000036  0.000166 lock=11 x=-28.564 P=86.334
3 sat= 60- 73 L1 v=        0.003 R= 0.000036  0.000105 lock=11 x=-13.564 P=85.493
3 sat= 60- 78 L1 v=       -0.004 R= 0.000036  0.000060 lock=11 x=-18.564 P=85.118
3 sat= 60- 80 L1 v=       -0.006 R= 0.000036  0.000060 lock=11 x=-72.564 P=85.315
3 sat= 60- 90 L1 v=        0.001 R= 0.000036  0.000095 lock=11 x=-37.564 P=85.410
3 sat= 60- 63 P1 v=       -0.657 R= 3.271553  3.469057 lock=11 x=-62.564 P=84.726
3 sat= 60- 68 P1 v=       -0.869 R= 3.271553 14.983387 lock=11 x=-28.564 P=86.334
3 sat= 60- 73 P1 v=       -0.455 R= 3.271553  9.417616 lock=11 x=-13.564 P=85.493
3 sat= 60- 78 P1 v=       -1.190 R= 3.271553  5.415084 lock=11 x=-18.564 P=85.118
3 sat= 60- 80 P1 v=       -1.680 R= 3.271553  5.434731 lock=11 x=-72.564 P=85.315
3 sat= 60- 90 P1 v=       -0.784 R= 3.271553  8.531256 lock=11 x=-37.564 P=85.410
3 valpos  : nv=42 thres=4.0
3 sol_rr=    -1276971.648    -4717196.858     4087248.827           0.002           0.003           0.001
1 
---------------------------------------------------------
1 relpos: dt=0.005 nu=24 nr=26
1 ---------------------------------------------------------
3 satposs  : teph= 2020/12/24 22:08:45.005 n=24 ephopt=0
3 satposs  : teph= 2020/12/24 22:08:45.000 n=26 ephopt=0
3 base station:
3 zdres: n=26 rr=-1283433.94 -4713073.29 4090105.09
3 sat= 4 rs=    -6177.765 -24853913.139   9298705.634 dts=-0.0001671608 az= 141.9 el= 59.5
3 unhealthy satellite: sat=7 svh=3f
3 sat= 8 rs=  5097141.530 -25894464.660   -800148.354 dts=-0.0000040918 az= 143.5 el= 29.6
3 sat= 9 rs= -9304923.259 -17159794.305  17935924.992 dts=-0.0003052096 az= 288.4 el= 76.6
3 sat=16 rs=  9942704.421 -11001567.905  21786114.081 dts=-0.0002551590 az=  47.3 el= 39.1
3 sat=27 rs= 12301681.355 -20663657.320  10719468.361 dts=-0.0000418405 az=  98.4 el= 37.3
3 sat=30 rs=-24306378.932  -1731595.127  10873574.835 dts=-0.0003578177 az= 277.8 el= 16.3
3 sat=38 rs= -8304970.197 -23988651.549   2330949.985 dts= 0.0001897532 az= 186.7 el= 44.8
3 sat=39 rs=-12408737.293 -13691584.473  17590828.986 dts=-0.0000419300 az= 288.8 el= 63.3
3 sat=40 rs=-10339817.272   3785349.980  23056456.371 dts=-0.0000564558 az= 329.0 el= 20.1
3 sat=41 rs=-11169719.018 -12546276.744  19237301.331 dts= 0.0000148843 az= 303.9 el= 62.8
3 sat=42 rs=-23290376.604  -8577580.632   5708226.427 dts=-0.0000649858 az= 256.4 el= 21.8
3 sat=48 rs=  7120427.406  -9557462.751  22544613.548 dts=-0.0000094939 az=  36.8 el= 41.4
3 sat=50 rs= 19279224.829 -11439006.164  12144599.530 dts= 0.0000607964 az=  75.8 el= 15.1
3 sat=60 rs= -8763165.917 -20435262.353  19537365.324 dts=-0.0010103688 az= 284.0 el= 82.1
3 sat=63 rs=-13414764.501 -18139028.718  19158354.518 dts=-0.0006747671 az= 277.8 el= 69.5
3 sat=68 rs=-16813128.269   4216649.020  23988386.136 dts= 0.0058217660 az= 316.3 el= 20.5
3 sat=73 rs=  6529750.342 -28193115.096  -2315189.840 dts=-0.0012706425 az= 143.0 el= 27.0
3 sat=78 rs=  -571416.781 -29567526.067   1201792.185 dts= 0.0001612761 az= 157.6 el= 40.7
3 sat=80 rs= 11148495.215 -12450471.798  24432893.845 dts=-0.0006390823 az=  47.5 el= 40.6
3 sat=90 rs=-24346164.526 -16587470.990   2846955.613 dts=-0.0004767740 az= 237.4 el= 29.0
3 y=
        0.000         8.863         0.000        13.875        14.565         9.640         0.000        13.226         8.581        17.055        14.775        12.924        19.955        10.578        15.293         0.000        13.713         0.000        10.832        10.578         4.827         0.000        10.005         2.377        15.066        12.210
        0.000         0.000         0.000         0.000         0.000         0.000         0.000         0.000         0.000         0.000        23.991        21.351        30.510         0.000        25.028         0.000        22.515         0.000         0.000         0.000         0.000         0.000         0.000         0.000         0.000         0.000
        0.000         2.162         0.000         6.823         2.794         0.911         0.000         4.967         5.045         8.527        10.259        11.376        10.410         4.558         8.394         0.000         9.698         0.000         1.026        -0.120         1.348         0.000         2.303         1.730         2.352         3.236
        0.000         0.000         0.000         0.000         0.000         0.000         0.000         0.000         0.000         0.000        13.581        14.846        12.399         0.000        10.263         0.000        14.945         0.000         0.000         0.000         0.000         0.000         0.000         0.000         0.000         0.000
3 selsat  : nu=24 nr=26
3 before udstate: x=-1276971.7616 -4717197.3460 4087248.5446 0.0016 0.0026 0.0005 0.0052 0.0074 -0.0038
3 udstate : ns=20
3 udpos : tt=1.000
3 udbias  : tt=1.000 ns=20
3 after udstate x=-1276971.7574 -4717197.3398 4087248.5433 0.0068 0.0099 -0.0033 0.0052 0.0074 -0.0038
3 rover: dt=0.005
3 zdres: n=24 rr=-1276971.76 -4717197.34 4087248.54
3 unhealthy satellite: sat=7 svh=3f
3 y=
        0.000   1643791.282         0.000   1643799.824   1643789.128   1643787.341         0.000   1643792.988   1643769.087   1643797.516   1643805.128   1643822.036   1643802.942   1643800.644   1643799.005         0.000   1643812.313   1643785.231   1643783.244   1643783.507   1643792.317   1643783.775   1643785.546   1643789.812
        0.000   1643781.743         0.000   1643800.145   1643787.095         0.000         0.000   1643793.058   1643771.981         0.000   1643800.357   1643814.275   1643798.605         0.000   1643798.212         0.000   1643801.815         0.000         0.000         0.000         0.000         0.000         0.000         0.000
        0.000   1643789.074         0.000   1643794.385   1643789.419   1643787.917         0.000   1643792.567   1643793.260   1643799.662   1643804.947   1643807.177   1643802.252   1643796.591   1643801.168         0.000   1643802.156   1643785.068   1643784.515   1643785.860   1643787.163   1643787.370   1643787.980   1643788.455
        0.000   1643785.665         0.000   1643792.368   1643786.488         0.000         0.000   1643788.126   1643789.092         0.000   1643800.064   1643800.149   1643798.201         0.000   1643796.698         0.000   1643801.590         0.000         0.000         0.000         0.000         0.000         0.000         0.000
3 ddres   : dt=0.0050 ns=20
3 sat=  9-  4 L1 v=       -0.002 R= 0.000037  0.000042 lock=12 x=-28.574 P=92.167
3 sat=  9-  8 L1 v=       -0.002 R= 0.000037  0.000091 lock=12 x=-10.027 P=92.395
3 sat=  9- 16 L1 v=       -0.005 R= 0.000037  0.000063 lock=12 x=-53.388 P=92.588
3 sat=  9- 27 L1 v=       -0.007 R= 0.000037  0.000067 lock=12 x=-42.567 P=92.373
3 sat=  9- 30 L1 v=       -0.001 R= 0.000037  0.000248 lock=12 x=-143.726 P=94.919
3 sat=  9-  4 P1 v=       -0.286 R= 3.333813  3.798291 lock=12 x=-28.574 P=92.167
3 sat=  9-  8 P1 v=       -0.936 R= 3.333813  8.227513 lock=12 x=-10.027 P=92.395
3 sat=  9- 16 P1 v=       -0.381 R= 3.333813  5.693142 lock=12 x=-53.388 P=92.588
3 sat=  9- 27 P1 v=       -0.975 R= 3.333813  6.019025 lock=12 x=-42.567 P=92.373
3 sat=  9- 30 P1 v=       -1.589 R= 3.333813 22.310801 lock=12 x=-143.726 P=94.919
3 sat= 39- 38 L1 v=        0.004 R= 0.000091  0.000122 lock=12 x=-65.628 P=92.682
3 sat= 39- 40 L1 v=       -0.002 R= 0.000091  0.000387 lock=12 x=87.535 P=93.418
3 sat= 39- 41 L1 v=        0.003 R= 0.000091  0.000092 lock=12 x=-52.190 P=92.316
3 sat= 39- 42 L1 v=       -0.002 R= 0.000091  0.000336 lock=12 x=-14.389 P=92.685
3 sat= 39- 48 L1 v=        0.002 R= 0.000091  0.000133 lock=12 x=-48.334 P=92.581
3 sat= 39- 50 L1 v=        0.001 R= 0.000091  0.000631 lock=12 x=31.165 P=93.287
3 sat= 39- 40 L2 v=       -0.004 R= 0.000091  0.000387 lock=12 x=28.274 P=130.688
3 sat= 39- 41 L2 v=        0.005 R= 0.000091  0.000092 lock=12 x=-74.890 P=129.650
3 sat= 39- 48 L2 v=       -0.004 R= 0.000091  0.000133 lock=12 x=-53.810 P=129.685
3 sat= 39- 50 L2 v=       -0.007 R= 0.000091  0.000631 lock=12 x=-28.396 P=130.018
3 sat= 39- 38 P1 v=        3.553 R= 8.223074 10.990115 lock=12 x=-65.628 P=92.682
3 sat= 39- 40 P1 v=       -1.113 R= 8.223074 34.844312 lock=12 x=87.535 P=93.418
3 sat= 39- 41 P1 v=        2.847 R= 8.223074  8.262634 lock=12 x=-52.190 P=92.316
3 sat= 39- 42 P1 v=        2.655 R= 8.223074 30.247140 lock=12 x=-14.389 P=92.685
3 sat= 39- 48 P1 v=        1.914 R= 8.223074 11.983434 lock=12 x=-48.334 P=92.581
3 sat= 39- 50 P1 v=        2.230 R= 8.223074 56.794358 lock=12 x=31.165 P=93.287
3 sat= 39- 40 P2 v=        1.180 R= 8.223074 34.844312 lock=12 x=28.274 P=130.688
3 sat= 39- 41 P2 v=        0.682 R= 8.223074  8.262634 lock=12 x=-74.890 P=129.650
3 sat= 39- 48 P2 v=        0.048 R= 8.223074 11.983434 lock=12 x=-53.810 P=129.685
3 sat= 39- 50 P2 v=       -0.162 R= 8.223074 56.794358 lock=12 x=-28.396 P=130.018
3 sat= 60- 63 L1 v=        0.000 R= 0.000036  0.000039 lock=12 x=-63.110 P=84.726
3 sat= 60- 68 L1 v=       -0.009 R= 0.000036  0.000166 lock=12 x=-31.557 P=86.334
3 sat= 60- 73 L1 v=       -0.000 R= 0.000036  0.000105 lock=12 x=-12.426 P=85.493
3 sat= 60- 78 L1 v=        0.003 R= 0.000036  0.000060 lock=12 x=-17.211 P=85.118
3 sat= 60- 80 L1 v=       -0.003 R= 0.000036  0.000060 lock=12 x=-74.619 P=85.315
3 sat= 60- 90 L1 v=        0.000 R= 0.000036  0.000095 lock=12 x=-37.172 P=85.410
3 sat= 60- 63 P1 v=       -0.593 R= 3.271539  3.469005 lock=12 x=-63.110 P=84.726
3 sat= 60- 68 P1 v=       -0.470 R= 3.271539 14.977019 lock=12 x=-31.557 P=86.334
3 sat= 60- 73 P1 v=       -0.818 R= 3.271539  9.414979 lock=12 x=-12.426 P=85.493
3 sat= 60- 78 P1 v=       -1.598 R= 3.271539  5.416075 lock=12 x=-17.211 P=85.118
3 sat= 60- 80 P1 v=       -1.586 R= 3.271539  5.435578 lock=12 x=-74.619 P=85.315
3 sat= 60- 90 P1 v=       -1.177 R= 3.271539  8.529125 lock=12 x=-37.172 P=85.410
3 before filter x=-1276971.7574 -4717197.3398 4087248.5433 0.0068 0.0099 -0.0033 0.0052 0.0074 -0.0038
3 after filter x=-1276971.7604 -4717197.3478 4087248.5472 0.0012 -0.0024 -0.0004 -0.0002 -0.0045 -0.0011
3 posvar=0.059037 
3 zdres: n=24 rr=-1276971.76 -4717197.35 4087248.55
3 unhealthy satellite: sat=7 svh=3f
3 y=
        0.000   1643791.291         0.000   1643799.830   1643789.137   1643787.345         0.000   1643792.993   1643769.090   1643797.524   1643805.137   1643822.037   1643802.950   1643800.649   1643799.009         0.000   1643812.314   1643785.240   1643783.253   1643783.509   1643792.322   1643783.783   1643785.550   1643789.819
        0.000   1643781.751         0.000   1643800.150   1643787.104         0.000         0.000   1643793.063   1643771.984         0.000   1643800.366   1643814.276   1643798.612         0.000   1643798.216         0.000   1643801.816         0.000         0.000         0.000         0.000         0.000         0.000         0.000
        0.000   1643789.082         0.000   1643794.390   1643789.428   1643787.921         0.000   1643792.572   1643793.263   1643799.670   1643804.955   1643807.179   1643802.259   1643796.596   1643801.172         0.000   1643802.157   1643785.077   1643784.523   1643785.862   1643787.168   1643787.377   1643787.984   1643788.461
        0.000   1643785.673         0.000   1643792.373   1643786.497         0.000         0.000   1643788.131   1643789.095         0.000   1643800.072   1643800.151   1643798.208         0.000   1643796.702         0.000   1643801.591         0.000         0.000         0.000         0.000         0.000         0.000         0.000
3 ddres   : dt=0.0050 ns=20
3 sat=  9-  4 L1 v=       -0.002 R= 0.000037  0.000042 lock=12 x=-28.573 P=92.162
3 sat=  9-  8 L1 v=       -0.001 R= 0.000037  0.000091 lock=12 x=-10.033 P=92.381
3 sat=  9- 16 L1 v=       -0.000 R= 0.000037  0.000063 lock=12 x=-53.386 P=92.566
3 sat=  9- 27 L1 v=       -0.004 R= 0.000037  0.000067 lock=12 x=-42.567 P=92.364
3 sat=  9- 30 L1 v=        0.002 R= 0.000037  0.000248 lock=12 x=-143.733 P=94.828
3 sat=  9-  4 P1 v=       -0.286 R= 3.333813  3.798291 lock=12 x=-28.573 P=92.162
3 sat=  9-  8 P1 v=       -0.933 R= 3.333813  8.227513 lock=12 x=-10.033 P=92.381
3 sat=  9- 16 P1 v=       -0.376 R= 3.333813  5.693142 lock=12 x=-53.386 P=92.566
3 sat=  9- 27 P1 v=       -0.971 R= 3.333813  6.019025 lock=12 x=-42.567 P=92.364
3 sat=  9- 30 P1 v=       -1.584 R= 3.333813 22.310801 lock=12 x=-143.733 P=94.828
3 sat= 39- 38 L1 v=        0.002 R= 0.000091  0.000122 lock=12 x=-65.630 P=92.650
3 sat= 39- 40 L1 v=        0.003 R= 0.000091  0.000387 lock=12 x=87.533 P=93.386
3 sat= 39- 41 L1 v=        0.003 R= 0.000091  0.000092 lock=12 x=-52.185 P=92.303
3 sat= 39- 42 L1 v=       -0.001 R= 0.000091  0.000336 lock=12 x=-14.394 P=92.651
3 sat= 39- 48 L1 v=        0.006 R= 0.000091  0.000133 lock=12 x=-48.331 P=92.563
3 sat= 39- 50 L1 v=        0.006 R= 0.000091  0.000631 lock=12 x=31.161 P=93.248
3 sat= 39- 40 L2 v=        0.002 R= 0.000091  0.000387 lock=12 x=28.272 P=130.670
3 sat= 39- 41 L2 v=        0.005 R= 0.000091  0.000092 lock=12 x=-74.888 P=129.641
3 sat= 39- 48 L2 v=       -0.000 R= 0.000091  0.000133 lock=12 x=-53.808 P=129.680
3 sat= 39- 50 L2 v=       -0.002 R= 0.000091  0.000631 lock=12 x=-28.399 P=129.998
3 sat= 39- 38 P1 v=        3.553 R= 8.223074 10.990115 lock=12 x=-65.630 P=92.650
3 sat= 39- 40 P1 v=       -1.106 R= 8.223074 34.844312 lock=12 x=87.533 P=93.386
3 sat= 39- 41 P1 v=        2.847 R= 8.223074  8.262634 lock=12 x=-52.185 P=92.303
3 sat= 39- 42 P1 v=        2.659 R= 8.223074 30.247140 lock=12 x=-14.394 P=92.651
3 sat= 39- 48 P1 v=        1.918 R= 8.223074 11.983434 lock=12 x=-48.331 P=92.563
3 sat= 39- 50 P1 v=        2.237 R= 8.223074 56.794358 lock=12 x=31.161 P=93.248
3 sat= 39- 40 P2 v=        1.187 R= 8.223074 34.844312 lock=12 x=28.272 P=130.670
3 sat= 39- 41 P2 v=        0.682 R= 8.223074  8.262634 lock=12 x=-74.888 P=129.641
3 sat= 39- 48 P2 v=        0.052 R= 8.223074 11.983434 lock=12 x=-53.808 P=129.680
3 sat= 39- 50 P2 v=       -0.155 R= 8.223074 56.794358 lock=12 x=-28.399 P=129.998
3 sat= 60- 63 L1 v=        0.000 R= 0.000036  0.000039 lock=12 x=-63.107 P=84.721
3 sat= 60- 68 L1 v=       -0.003 R= 0.000036  0.000166 lock=12 x=-31.560 P=86.273
3 sat= 60- 73 L1 v=        0.001 R= 0.000036  0.000105 lock=12 x=-12.433 P=85.463
3 sat= 60- 78 L1 v=        0.003 R= 0.000036  0.000060 lock=12 x=-17.215 P=85.100
3 sat= 60- 80 L1 v=        0.001 R= 0.000036  0.000060 lock=12 x=-74.618 P=85.290
3 sat= 60- 90 L1 v=        0.001 R= 0.000036  0.000095 lock=12 x=-37.179 P=85.379
3 sat= 60- 63 P1 v=       -0.592 R= 3.271539  3.469005 lock=12 x=-63.107 P=84.721
3 sat= 60- 68 P1 v=       -0.463 R= 3.271539 14.977019 lock=12 x=-31.560 P=86.273
3 sat= 60- 73 P1 v=       -0.815 R= 3.271539  9.414979 lock=12 x=-12.433 P=85.463
3 sat= 60- 78 P1 v=       -1.597 R= 3.271539  5.416075 lock=12 x=-17.215 P=85.100
3 sat= 60- 80 P1 v=       -1.581 R= 3.271539  5.435578 lock=12 x=-74.618 P=85.290
3 sat= 60- 90 P1 v=       -1.174 R= 3.271539  8.529125 lock=12 x=-37.179 P=85.379
3 valpos  : nv=42 thres=4.0
3 posvar=0.059037
3 prevRatios = 4.019 4.019
3 refSats=       4       4       4       4       4      38      38      38      38      38      38      39      39      39      39      60      60      60      60      60      60
3 fixSats=       8       9      16      27      30      39      40      41      42      48      50      40      41      48      50      63      68      73      78      80      90
3 N(0)=       -18.54   41.27   24.81   13.99  115.16  -52.74 -153.16  -13.44  -51.24  -17.30  -96.79  -68.93   34.23   13.15  -12.25    9.10  -22.45  -41.57  -36.79   20.61  -16.83
3 Qb*1000=   409.0310 489.1116 945.1149 432.2064 3891.5313 721.8685 3058.8370 831.3727 1705.8768 1572.9383 2218.5420 962.0043  7.1572 616.3853 1603.3484 69.3559 2457.4122 1333.7285 734.2125 905.1074 1379.5228
3 N(1)=       -18.00   40.00   22.00   13.00  113.00  -55.00 -158.00  -16.00  -53.00  -21.00 -100.00  -71.00   34.00   12.00  -13.00    9.00  -25.00  -40.00  -35.00   19.00  -16.00
3 N(2)=       -18.00   40.00   22.00   13.00  113.00  -55.00 -158.00  -16.00  -53.00  -21.00  -99.00  -71.00   34.00   12.00  -13.00    9.00  -25.00  -40.00  -35.00   19.00  -16.00
3 resamb : validation ok (nb=21 ratio=4.04 thresh=3.00 s=1358.39/336.64
3 restamb :
3 lambda: nb=21 r1= 4.019 r2=4.019 r=4.035
3 zdres: n=24 rr=-1276971.65 -4717196.86 4087248.83
3 unhealthy satellite: sat=7 svh=3f
3 y=
        0.000   1643790.894         0.000   1643799.343   1643788.983   1643787.489         0.000   1643792.792   1643769.121   1643797.002   1643805.041   1643822.410   1643802.913   1643800.473   1643799.189         0.000   1643812.371   1643785.058   1643783.094   1643783.814   1643791.837   1643783.267   1643785.683   1643789.480
        0.000   1643781.355         0.000   1643799.664   1643786.950         0.000         0.000   1643792.862   1643772.015         0.000   1643800.270   1643814.649   1643798.576         0.000   1643798.396         0.000   1643801.872         0.000         0.000         0.000         0.000         0.000         0.000         0.000
        0.000   1643788.686         0.000   1643793.904   1643789.274   1643788.065         0.000   1643792.371   1643793.293   1643799.149   1643804.860   1643807.551   1643802.223   1643796.419   1643801.353         0.000   1643802.214   1643784.896   1643784.364   1643786.168   1643786.683   1643786.862   1643788.117   1643788.122
        0.000   1643785.277         0.000   1643791.887   1643786.343         0.000         0.000   1643787.930   1643789.125         0.000   1643799.977   1643800.523   1643798.172         0.000   1643796.883         0.000   1643801.648         0.000         0.000         0.000         0.000         0.000         0.000         0.000
3 ddres   : dt=0.0050 ns=20
3 sat=  9-  4 L1 v=       -0.002 R= 0.000037  0.000042 lock=12 x=-28.573 P=92.162
3 sat=  9-  8 L1 v=       -0.014 R= 0.000037  0.000091 lock=12 x=-10.573 P=92.381
3 sat=  9- 16 L1 v=       -0.005 R= 0.000037  0.000063 lock=12 x=-50.573 P=92.566
3 sat=  9- 27 L1 v=       -0.011 R= 0.000037  0.000067 lock=12 x=-41.573 P=92.364
3 sat=  9- 30 L1 v=       -0.013 R= 0.000037  0.000248 lock=12 x=-141.573 P=94.828
3 sat=  9-  4 P1 v=       -0.044 R= 3.333813  3.798292 lock=12 x=-28.573 P=92.162
3 sat=  9-  8 P1 v=       -0.601 R= 3.333813  8.227514 lock=12 x=-10.573 P=92.381
3 sat=  9- 16 P1 v=       -0.675 R= 3.333813  5.693141 lock=12 x=-50.573 P=92.566
3 sat=  9- 27 P1 v=       -0.925 R= 3.333813  6.019026 lock=12 x=-41.573 P=92.364
3 sat=  9- 30 P1 v=       -1.768 R= 3.333813 22.310798 lock=12 x=-141.573 P=94.828
3 sat= 39- 38 L1 v=        0.005 R= 0.000091  0.000122 lock=12 x=-65.630 P=92.650
3 sat= 39- 40 L1 v=        0.016 R= 0.000091  0.000387 lock=12 x=92.370 P=93.386
3 sat= 39- 41 L1 v=       -0.001 R= 0.000091  0.000092 lock=12 x=-49.630 P=92.303
3 sat= 39- 42 L1 v=       -0.012 R= 0.000091  0.000336 lock=12 x=-12.630 P=92.651
3 sat= 39- 48 L1 v=       -0.000 R= 0.000091  0.000133 lock=12 x=-44.630 P=92.563
3 sat= 39- 50 L1 v=        0.032 R= 0.000091  0.000631 lock=12 x=34.370 P=93.248
3 sat= 39- 40 L2 v=        0.032 R= 0.000091  0.000387 lock=12 x=30.346 P=130.670
3 sat= 39- 41 L2 v=        0.003 R= 0.000091  0.000092 lock=12 x=-74.654 P=129.641
3 sat= 39- 48 L2 v=        0.002 R= 0.000091  0.000133 lock=12 x=-52.654 P=129.680
3 sat= 39- 50 L2 v=        0.026 R= 0.000091  0.000631 lock=12 x=-27.654 P=129.998
3 sat= 39- 38 P1 v=        3.979 R= 8.223074 10.990116 lock=12 x=-65.630 P=92.650
3 sat= 39- 40 P1 v=       -1.575 R= 8.223074 34.844297 lock=12 x=92.370 P=93.386
3 sat= 39- 41 P1 v=        2.788 R= 8.223074  8.262633 lock=12 x=-49.630 P=92.303
3 sat= 39- 42 P1 v=        2.739 R= 8.223074 30.247142 lock=12 x=-12.630 P=92.651
3 sat= 39- 48 P1 v=        1.642 R= 8.223074 11.983432 lock=12 x=-44.630 P=92.563
3 sat= 39- 50 P1 v=        2.085 R= 8.223074 56.794347 lock=12 x=34.370 P=93.248
3 sat= 39- 40 P2 v=        0.718 R= 8.223074 34.844297 lock=12 x=30.346 P=130.670
3 sat= 39- 41 P2 v=        0.623 R= 8.223074  8.262633 lock=12 x=-74.654 P=129.641
3 sat= 39- 48 P2 v=       -0.224 R= 8.223074 11.983432 lock=12 x=-52.654 P=129.680
3 sat= 39- 50 P2 v=       -0.307 R= 8.223074 56.794347 lock=12 x=-27.654 P=129.998
3 sat= 60- 63 L1 v=       -0.003 R= 0.000036  0.000039 lock=12 x=-63.005 P=84.721
3 sat= 60- 68 L1 v=       -0.004 R= 0.000036  0.000166 lock=12 x=-29.005 P=86.273
3 sat= 60- 73 L1 v=        0.006 R= 0.000036  0.000105 lock=12 x=-14.005 P=85.463
3 sat= 60- 78 L1 v=       -0.004 R= 0.000036  0.000060 lock=12 x=-19.005 P=85.100
3 sat= 60- 80 L1 v=       -0.006 R= 0.000036  0.000060 lock=12 x=-73.005 P=85.290
3 sat= 60- 90 L1 v=        0.001 R= 0.000036  0.000095 lock=12 x=-38.005 P=85.379
3 sat= 60- 63 P1 v=       -0.615 R= 3.271539  3.469005 lock=12 x=-63.005 P=84.721
3 sat= 60- 68 P1 v=       -0.950 R= 3.271539 14.977014 lock=12 x=-29.005 P=86.273
3 sat= 60- 73 P1 v=       -0.511 R= 3.271539  9.414981 lock=12 x=-14.005 P=85.463
3 sat= 60- 78 P1 v=       -1.263 R= 3.271539  5.416076 lock=12 x=-19.005 P=85.100
3 sat= 60- 80 P1 v=       -1.895 R= 3.271539  5.435577 lock=12 x=-73.005 P=85.290
3 sat= 60- 90 P1 v=       -1.017 R= 3.271539  8.529127 lock=12 x=-38.005 P=85.379
3 valpos  : nv=42 thres=4.0
3 sol_rr=    -1276971.646    -4717196.858     4087248.827           0.001          -0.002          -0.000
1 
---------------------------------------------------------
1 relpos: dt=0.005 nu=24 nr=26
1 ---------------------------------------------------------
3 satposs  : teph= 2020/12/24 22:08:46.005 n=24 ephopt=0
3 satposs  : teph= 2020/12/24 22:08:46.000 n=26 ephopt=0
3 base station:
3 zdres: n=26 rr=-1283433.94 -4713073.29 4090105.09
3 sat= 4 rs=    -5615.563 -24854985.404   9295834.213 dts=-0.0001671608 az= 141.9 el= 59.5
3 unhealthy satellite: sat=7 svh=3f
3 sat= 8 rs=  5097439.795 -25894505.378   -796939.502 dts=-0.0000040918 az= 143.5 el= 29.6
3 sat= 9 rs= -9304262.516 -17161997.847  17934163.744 dts=-0.0003052096 az= 288.4 el= 76.6
3 sat=16 rs=  9944602.674 -10999482.961  21786343.220 dts=-0.0002551590 az=  47.3 el= 39.1
3 sat=27 rs= 12301587.879 -20662247.529  10722288.382 dts=-0.0000418405 az=  98.4 el= 37.3
3 sat=30 rs=-24305129.822  -1732229.951  10876254.936 dts=-0.0003578177 az= 277.8 el= 16.3
3 sat=38 rs= -8305194.397 -23988920.138   2327406.468 dts= 0.0001897532 az= 186.7 el= 44.7
3 sat=39 rs=-12409468.344 -13693876.710  17588520.793 dts=-0.0000419300 az= 288.8 el= 63.3
3 sat=40 rs=-10340637.003   3782315.103  23056585.008 dts=-0.0000564558 az= 329.0 el= 20.1
3 sat=41 rs=-11167188.291 -12545571.550  19239225.819 dts= 0.0000148843 az= 304.0 el= 62.8
3 sat=42 rs=-23289651.246  -8577245.946   5711689.471 dts=-0.0000649858 az= 256.4 el= 21.8
3 sat=48 rs=  7123442.045  -9556785.183  22543961.367 dts=-0.0000094939 az=  36.9 el= 41.4
3 sat=50 rs= 19277902.151 -11437977.191  12147677.691 dts= 0.0000607964 az=  75.8 el= 15.1
3 sat=60 rs= -8761515.797 -20434200.915  19539216.631 dts=-0.0010103688 az= 284.0 el= 82.1
3 sat=63 rs=-13414768.122 -18140950.308  19156532.655 dts=-0.0006747671 az= 277.8 el= 69.5
3 sat=68 rs=-16813111.711   4214242.492  23988821.586 dts= 0.0058217660 az= 316.3 el= 20.5
3 sat=73 rs=  6529839.749 -28192720.191  -2312387.630 dts=-0.0012706425 az= 143.0 el= 27.1
3 sat=78 rs=  -571468.178 -29567647.285   1198790.013 dts= 0.0001612761 az= 157.6 el= 40.7
3 sat=80 rs= 11150613.249 -12449236.728  24432557.330 dts=-0.0006390823 az=  47.5 el= 40.6
3 sat=90 rs=-24345976.559 -16587228.869   2849983.137 dts=-0.0004767740 az= 237.4 el= 29.0
3 y=
        0.000         8.947         0.000        13.960        14.650         9.726         0.000        13.312         8.667        17.138        14.861        13.009        20.040        10.663        15.378         0.000        13.796         0.000        10.918        10.664         4.913         0.000        10.089         2.460        15.150        12.295
        0.000         0.000         0.000         0.000         0.000         0.000         0.000         0.000         0.000         0.000        24.076        21.438        30.594         0.000        25.112         0.000        22.600         0.000         0.000         0.000         0.000         0.000         0.000         0.000         0.000         0.000
        0.000         2.310         0.000         6.954         2.919         0.951         0.000         5.030         5.127         8.671        10.440        11.329        10.485         4.557         8.591         0.000         9.780         0.000         1.142        -0.031         1.467         0.000         2.433         1.851         2.434         3.399
        0.000         0.000         0.000         0.000         0.000         0.000         0.000         0.000         0.000         0.000        13.691        14.885        12.479         0.000        10.111         0.000        15.010         0.000         0.000         0.000         0.000         0.000         0.000         0.000         0.000         0.000
3 selsat  : nu=24 nr=26
3 before udstate: x=-1276971.7604 -4717197.3478 4087248.5472 0.0012 -0.0024 -0.0004 -0.0002 -0.0045 -0.0011
3 udstate : ns=20
3 udpos : tt=1.000
3 udbias  : tt=1.000 ns=20
3 after udstate x=-1276971.7593 -4717197.3524 4087248.5462 0.0010 -0.0069 -0.0015 -0.0002 -0.0045 -0.0011
3 rover: dt=0.005
3 zdres: n=24 rr=-1276971.76 -4717197.35 4087248.55
3 unhealthy satellite: sat=7 svh=3f
3 y=
        0.000   1643873.423         0.000   1643881.965   1643871.267   1643869.476         0.000   1643875.125   1643851.218   1643879.655   1643887.268   1643904.166   1643885.079   1643882.774   1643881.140         0.000   1643894.445   1643867.369   1643865.383   1643865.634   1643874.458   1643865.916   1643867.680   1643871.949
        0.000   1643863.883         0.000   1643882.286   1643869.238         0.000         0.000   1643875.195   1643854.111         0.000   1643882.497   1643896.406   1643880.740         0.000   1643880.344         0.000   1643883.940         0.000         0.000         0.000         0.000         0.000         0.000         0.000
        0.000   1643871.282         0.000   1643876.449   1643871.538   1643870.129         0.000   1643874.829   1643875.358   1643881.742   1643887.135   1643889.293   1643884.305   1643878.850   1643883.298         0.000   1643884.314   1643867.429   1643866.471   1643868.006   1643869.283   1643869.702   1643869.984   1643870.779
        0.000   1643867.734         0.000   1643874.392   1643868.661         0.000         0.000   1643870.233   1643871.222         0.000   1643882.258   1643882.201   1643880.425         0.000   1643878.842         0.000   1643883.680         0.000         0.000         0.000         0.000         0.000         0.000         0.000
3 ddres   : dt=0.0050 ns=20
3 sat=  9-  4 L1 v=       -0.005 R= 0.000037  0.000042 lock=13 x=-28.605 P=92.162
3 sat=  9-  8 L1 v=       -0.006 R= 0.000037  0.000091 lock=13 x=-10.064 P=92.381
3 sat=  9- 16 L1 v=       -0.000 R= 0.000037  0.000063 lock=13 x=-53.418 P=92.566
3 sat=  9- 27 L1 v=       -0.006 R= 0.000037  0.000067 lock=13 x=-42.599 P=92.364
3 sat=  9- 30 L1 v=        0.006 R= 0.000037  0.000248 lock=13 x=-143.764 P=94.828
3 sat=  9-  4 P1 v=       -0.353 R= 3.333731  3.798649 lock=13 x=-28.605 P=92.162
3 sat=  9-  8 P1 v=       -0.875 R= 3.333731  8.224780 lock=13 x=-10.064 P=92.381
3 sat=  9- 16 P1 v=       -0.559 R= 3.333731  5.694396 lock=13 x=-53.418 P=92.566
3 sat=  9- 27 P1 v=       -1.180 R= 3.333731  6.018410 lock=13 x=-42.599 P=92.364
3 sat=  9- 30 P1 v=       -1.612 R= 3.333731 22.298034 lock=13 x=-143.764 P=94.828
3 sat= 39- 38 L1 v=        0.001 R= 0.000091  0.000122 lock=13 x=-65.662 P=92.650
3 sat= 39- 40 L1 v=        0.005 R= 0.000091  0.000387 lock=13 x=87.502 P=93.386
3 sat= 39- 41 L1 v=        0.004 R= 0.000091  0.000092 lock=13 x=-52.217 P=92.303
3 sat= 39- 42 L1 v=        0.004 R= 0.000091  0.000336 lock=13 x=-14.426 P=92.651
3 sat= 39- 48 L1 v=        0.006 R= 0.000091  0.000133 lock=13 x=-48.363 P=92.563
3 sat= 39- 50 L1 v=        0.004 R= 0.000091  0.000631 lock=13 x=31.129 P=93.248
3 sat= 39- 40 L2 v=        0.005 R= 0.000091  0.000387 lock=13 x=28.002 P=130.670
3 sat= 39- 41 L2 v=        0.008 R= 0.000091  0.000092 lock=13 x=-75.158 P=129.641
3 sat= 39- 48 L2 v=        0.002 R= 0.000091  0.000133 lock=13 x=-54.078 P=129.680
3 sat= 39- 50 L2 v=        0.004 R= 0.000091  0.000631 lock=13 x=-28.669 P=129.998
3 sat= 39- 38 P1 v=        3.625 R= 8.222833 10.992631 lock=13 x=-65.662 P=92.650
3 sat= 39- 40 P1 v=       -1.270 R= 8.222833 34.822365 lock=13 x=87.502 P=93.386
3 sat= 39- 41 P1 v=        2.876 R= 8.222833  8.262488 lock=13 x=-52.217 P=92.303
3 sat= 39- 42 P1 v=        2.403 R= 8.222833 30.234119 lock=13 x=-14.426 P=92.651
3 sat= 39- 48 P1 v=        1.988 R= 8.222833 11.985661 lock=13 x=-48.363 P=92.563
3 sat= 39- 50 P1 v=        2.161 R= 8.222833 56.766357 lock=13 x=31.129 P=93.248
3 sat= 39- 40 P2 v=        1.250 R= 8.222833 34.822365 lock=13 x=28.002 P=130.670
3 sat= 39- 41 P2 v=        0.622 R= 8.222833  8.262488 lock=13 x=-75.158 P=129.641
3 sat= 39- 48 P2 v=       -0.164 R= 8.222833 11.985661 lock=13 x=-54.078 P=129.680
3 sat= 39- 50 P2 v=       -0.103 R= 8.222833 56.766357 lock=13 x=-28.669 P=129.998
3 sat= 60- 63 L1 v=       -0.000 R= 0.000036  0.000039 lock=13 x=-63.139 P=84.721
3 sat= 60- 68 L1 v=        0.001 R= 0.000036  0.000166 lock=13 x=-31.592 P=86.273
3 sat= 60- 73 L1 v=       -0.006 R= 0.000036  0.000105 lock=13 x=-12.464 P=85.463
3 sat= 60- 78 L1 v=       -0.004 R= 0.000036  0.000060 lock=13 x=-17.247 P=85.100
3 sat= 60- 80 L1 v=       -0.001 R= 0.000036  0.000060 lock=13 x=-74.649 P=85.290
3 sat= 60- 90 L1 v=       -0.001 R= 0.000036  0.000095 lock=13 x=-37.211 P=85.379
3 sat= 60- 63 P1 v=       -0.215 R= 3.271525  3.468953 lock=13 x=-63.139 P=84.721
3 sat= 60- 68 P1 v=       -0.252 R= 3.271525 14.970650 lock=13 x=-31.592 P=86.273
3 sat= 60- 73 P1 v=       -0.563 R= 3.271525  9.412346 lock=13 x=-12.464 P=85.463
3 sat= 60- 78 P1 v=       -1.564 R= 3.271525  5.417068 lock=13 x=-17.247 P=85.100
3 sat= 60- 80 P1 v=       -1.262 R= 3.271525  5.436423 lock=13 x=-74.649 P=85.290
3 sat= 60- 90 P1 v=       -1.093 R= 3.271525  8.526997 lock=13 x=-37.211 P=85.379
3 before filter x=-1276971.7593 -4717197.3524 4087248.5462 0.0010 -0.0069 -0.0015 -0.0002 -0.0045 -0.0011
3 after filter x=-1276971.7608 -4717197.3462 4087248.5602 -0.0031 0.0002 0.0038 -0.0043 0.0024 0.0042
3 posvar=0.056751 
3 zdres: n=24 rr=-1276971.76 -4717197.35 4087248.56
3 unhealthy satellite: sat=7 svh=3f
3 y=
        0.000   1643873.421         0.000   1643881.956   1643871.274   1643869.484         0.000   1643875.124   1643851.225   1643879.648   1643887.276   1643904.180   1643885.088   1643882.776   1643881.150         0.000   1643894.447   1643867.375   1643865.390   1643865.648   1643874.448   1643865.908   1643867.689   1643871.946
        0.000   1643863.881         0.000   1643882.276   1643869.244         0.000         0.000   1643875.194   1643854.118         0.000   1643882.504   1643896.421   1643880.749         0.000   1643880.354         0.000   1643883.942         0.000         0.000         0.000         0.000         0.000         0.000         0.000
        0.000   1643871.280         0.000   1643876.440   1643871.545   1643870.137         0.000   1643874.828   1643875.364   1643881.735   1643887.143   1643889.308   1643884.314   1643878.851   1643883.308         0.000   1643884.316   1643867.435   1643866.477   1643868.019   1643869.273   1643869.694   1643869.992   1643870.777
        0.000   1643867.732         0.000   1643874.383   1643868.668         0.000         0.000   1643870.232   1643871.228         0.000   1643882.266   1643882.216   1643880.434         0.000   1643878.852         0.000   1643883.682         0.000         0.000         0.000         0.000         0.000         0.000         0.000
3 ddres   : dt=0.0050 ns=20
3 sat=  9-  4 L1 v=       -0.002 R= 0.000037  0.000042 lock=13 x=-28.612 P=92.157
3 sat=  9-  8 L1 v=       -0.001 R= 0.000037  0.000091 lock=13 x=-10.098 P=92.367
3 sat=  9- 16 L1 v=       -0.000 R= 0.000037  0.000063 lock=13 x=-53.382 P=92.545
3 sat=  9- 27 L1 v=       -0.002 R= 0.000037  0.000067 lock=13 x=-42.598 P=92.355
3 sat=  9- 30 L1 v=        0.003 R= 0.000037  0.000248 lock=13 x=-143.759 P=94.742
3 sat=  9-  4 P1 v=       -0.344 R= 3.333731  3.798649 lock=13 x=-28.612 P=92.157
3 sat=  9-  8 P1 v=       -0.860 R= 3.333731  8.224780 lock=13 x=-10.098 P=92.367
3 sat=  9- 16 P1 v=       -0.561 R= 3.333731  5.694396 lock=13 x=-53.382 P=92.545
3 sat=  9- 27 P1 v=       -1.173 R= 3.333731  6.018410 lock=13 x=-42.598 P=92.355
3 sat=  9- 30 P1 v=       -1.612 R= 3.333731 22.298034 lock=13 x=-143.759 P=94.742
3 sat= 39- 38 L1 v=        0.005 R= 0.000091  0.000122 lock=13 x=-65.707 P=92.620
3 sat= 39- 40 L1 v=        0.002 R= 0.000091  0.000387 lock=13 x=87.530 P=93.357
3 sat= 39- 41 L1 v=        0.004 R= 0.000091  0.000092 lock=13 x=-52.205 P=92.291
3 sat= 39- 42 L1 v=        0.004 R= 0.000091  0.000336 lock=13 x=-14.454 P=92.618
3 sat= 39- 48 L1 v=        0.006 R= 0.000091  0.000133 lock=13 x=-48.338 P=92.547
3 sat= 39- 50 L1 v=        0.007 R= 0.000091  0.000631 lock=13 x=31.122 P=93.211
3 sat= 39- 40 L2 v=        0.002 R= 0.000091  0.000387 lock=13 x=28.016 P=130.653
3 sat= 39- 41 L2 v=        0.008 R= 0.000091  0.000092 lock=13 x=-75.157 P=129.633
3 sat= 39- 48 L2 v=        0.003 R= 0.000091  0.000133 lock=13 x=-54.067 P=129.674
3 sat= 39- 50 L2 v=        0.007 R= 0.000091  0.000631 lock=13 x=-28.683 P=129.978
3 sat= 39- 38 P1 v=        3.639 R= 8.222833 10.992631 lock=13 x=-65.707 P=92.620
3 sat= 39- 40 P1 v=       -1.277 R= 8.222833 34.822365 lock=13 x=87.530 P=93.357
3 sat= 39- 41 P1 v=        2.875 R= 8.222833  8.262488 lock=13 x=-52.205 P=92.291
3 sat= 39- 42 P1 v=        2.409 R= 8.222833 30.234119 lock=13 x=-14.454 P=92.618
3 sat= 39- 48 P1 v=        1.986 R= 8.222833 11.985661 lock=13 x=-48.338 P=92.547
3 sat= 39- 50 P1 v=        2.167 R= 8.222833 56.766357 lock=13 x=31.122 P=93.211
3 sat= 39- 40 P2 v=        1.243 R= 8.222833 34.822365 lock=13 x=28.016 P=130.653
3 sat= 39- 41 P2 v=        0.621 R= 8.222833  8.262488 lock=13 x=-75.157 P=129.633
3 sat= 39- 48 P2 v=       -0.166 R= 8.222833 11.985661 lock=13 x=-54.067 P=129.674
3 sat= 39- 50 P2 v=       -0.097 R= 8.222833 56.766357 lock=13 x=-28.683 P=129.978
3 sat= 60- 63 L1 v=       -0.001 R= 0.000036  0.000039 lock=13 x=-63.128 P=84.717
3 sat= 60- 68 L1 v=       -0.003 R= 0.000036  0.000166 lock=13 x=-31.562 P=86.215
3 sat= 60- 73 L1 v=       -0.002 R= 0.000036  0.000105 lock=13 x=-12.508 P=85.434
3 sat= 60- 78 L1 v=       -0.000 R= 0.000036  0.000060 lock=13 x=-17.284 P=85.084
3 sat= 60- 80 L1 v=       -0.001 R= 0.000036  0.000060 lock=13 x=-74.622 P=85.266
3 sat= 60- 90 L1 v=       -0.001 R= 0.000036  0.000095 lock=13 x=-37.240 P=85.351
3 sat= 60- 63 P1 v=       -0.216 R= 3.271525  3.468953 lock=13 x=-63.128 P=84.717
3 sat= 60- 68 P1 v=       -0.260 R= 3.271525 14.970650 lock=13 x=-31.562 P=86.215
3 sat= 60- 73 P1 v=       -0.548 R= 3.271525  9.412346 lock=13 x=-12.508 P=85.434
3 sat= 60- 78 P1 v=       -1.551 R= 3.271525  5.417068 lock=13 x=-17.284 P=85.084
3 sat= 60- 80 P1 v=       -1.266 R= 3.271525  5.436423 lock=13 x=-74.622 P=85.266
3 sat= 60- 90 P1 v=       -1.085 R= 3.271525  8.526997 lock=13 x=-37.240 P=85.351
3 valpos  : nv=42 thres=4.0
3 posvar=0.056751
3 prevRatios = 4.035 4.035
3 refSats=       4       4       4       4       4      38      38      38      38      38      38      39      39      39      39      60      60      60      60      60      60
3 fixSats=       8       9      16      27      30      39      40      41      42      48      50      40      41      48      50      63      68      73      78      80      90
3 N(0)=       -18.51   41.24   24.77   13.99  115.15  -52.79 -153.24  -13.50  -51.25  -17.37  -96.83  -68.94   34.23   13.14  -12.24    9.10  -22.46  -41.52  -36.74   20.60  -16.79
3 Qb*1000=   390.9618 474.7937 907.8483 417.0054 3766.9514 694.6069 2947.5951 799.1439 1652.3833 1508.8702 2139.0551 924.3291  6.9161 597.0787 1552.4842 67.3109 2366.9306 1282.8125 705.7871 873.4286 1323.4090
3 N(1)=       -18.00   40.00   22.00   13.00  113.00  -55.00 -158.00  -16.00  -53.00  -21.00 -100.00  -71.00   34.00   12.00  -13.00    9.00  -25.00  -40.00  -35.00   19.00  -16.00
3 N(2)=       -18.00   40.00   22.00   13.00  113.00  -55.00 -158.00  -16.00  -53.00  -21.00  -99.00  -71.00   34.00   12.00  -13.00    9.00  -25.00  -40.00  -35.00   19.00  -16.00
3 resamb : validation ok (nb=21 ratio=4.05 thresh=3.00 s=1399.26/345.66
3 restamb :
3 lambda: nb=21 r1= 4.035 r2=4.035 r=4.048
3 zdres: n=24 rr=-1276971.65 -4717196.86 4087248.83
3 unhealthy satellite: sat=7 svh=3f
3 y=
        0.000   1643873.024         0.000   1643881.474   1643871.113   1643869.620         0.000   1643874.922   1643851.252   1643879.130   1643887.174   1643904.542   1643885.045   1643882.600   1643881.321         0.000   1643894.500   1643867.188   1643865.225   1643865.944   1643873.967   1643865.396   1643867.813   1643871.610
        0.000   1643863.484         0.000   1643881.795   1643869.084         0.000         0.000   1643874.991   1643854.145         0.000   1643882.402   1643896.783   1643880.705         0.000   1643880.525         0.000   1643883.995         0.000         0.000         0.000         0.000         0.000         0.000         0.000
        0.000   1643870.883         0.000   1643875.958   1643871.384   1643870.273         0.000   1643874.626   1643875.392   1643881.217   1643887.041   1643889.670   1643884.270   1643878.675   1643883.479         0.000   1643884.369   1643867.248   1643866.313   1643868.316   1643868.793   1643869.183   1643870.116   1643870.440
        0.000   1643867.335         0.000   1643873.901   1643868.507         0.000         0.000   1643870.030   1643871.256         0.000   1643882.164   1643882.578   1643880.390         0.000   1643879.023         0.000   1643883.735         0.000         0.000         0.000         0.000         0.000         0.000         0.000
3 ddres   : dt=0.0050 ns=20
3 sat=  9-  4 L1 v=       -0.002 R= 0.000037  0.000042 lock=13 x=-28.612 P=92.157
3 sat=  9-  8 L1 v=       -0.013 R= 0.000037  0.000091 lock=13 x=-10.612 P=92.367
3 sat=  9- 16 L1 v=       -0.005 R= 0.000037  0.000063 lock=13 x=-50.612 P=92.545
3 sat=  9- 27 L1 v=       -0.009 R= 0.000037  0.000067 lock=13 x=-41.612 P=92.355
3 sat=  9- 30 L1 v=       -0.013 R= 0.000037  0.000248 lock=13 x=-141.612 P=94.742
3 sat=  9-  4 P1 v=       -0.108 R= 3.333731  3.798649 lock=13 x=-28.612 P=92.157
3 sat=  9-  8 P1 v=       -0.538 R= 3.333731  8.224782 lock=13 x=-10.612 P=92.367
3 sat=  9- 16 P1 v=       -0.857 R= 3.333731  5.694396 lock=13 x=-50.612 P=92.545
3 sat=  9- 27 P1 v=       -1.130 R= 3.333731  6.018410 lock=13 x=-41.612 P=92.355
3 sat=  9- 30 P1 v=       -1.800 R= 3.333731 22.298031 lock=13 x=-141.612 P=94.742
3 sat= 39- 38 L1 v=        0.008 R= 0.000091  0.000122 lock=13 x=-65.707 P=92.620
3 sat= 39- 40 L1 v=        0.014 R= 0.000091  0.000387 lock=13 x=92.293 P=93.357
3 sat= 39- 41 L1 v=        0.000 R= 0.000091  0.000092 lock=13 x=-49.707 P=92.291
3 sat= 39- 42 L1 v=       -0.008 R= 0.000091  0.000336 lock=13 x=-12.707 P=92.618
3 sat= 39- 48 L1 v=        0.000 R= 0.000091  0.000133 lock=13 x=-44.707 P=92.547
3 sat= 39- 50 L1 v=        0.033 R= 0.000091  0.000631 lock=13 x=34.293 P=93.211
3 sat= 39- 40 L2 v=        0.032 R= 0.000091  0.000387 lock=13 x=30.074 P=130.653
3 sat= 39- 41 L2 v=        0.005 R= 0.000091  0.000092 lock=13 x=-74.926 P=129.633
3 sat= 39- 48 L2 v=        0.005 R= 0.000091  0.000133 lock=13 x=-52.926 P=129.674
3 sat= 39- 50 L2 v=        0.035 R= 0.000091  0.000631 lock=13 x=-27.926 P=129.978
3 sat= 39- 38 P1 v=        4.055 R= 8.222832 10.992632 lock=13 x=-65.707 P=92.620
3 sat= 39- 40 P1 v=       -1.741 R= 8.222832 34.822350 lock=13 x=92.293 P=93.357
3 sat= 39- 41 P1 v=        2.816 R= 8.222832  8.262488 lock=13 x=-49.707 P=92.291
3 sat= 39- 42 P1 v=        2.483 R= 8.222832 30.234121 lock=13 x=-12.707 P=92.618
3 sat= 39- 48 P1 v=        1.713 R= 8.222832 11.985659 lock=13 x=-44.707 P=92.547
3 sat= 39- 50 P1 v=        2.012 R= 8.222832 56.766346 lock=13 x=34.293 P=93.211
3 sat= 39- 40 P2 v=        0.779 R= 8.222832 34.822350 lock=13 x=30.074 P=130.653
3 sat= 39- 41 P2 v=        0.562 R= 8.222832  8.262488 lock=13 x=-74.926 P=129.633
3 sat= 39- 48 P2 v=       -0.439 R= 8.222832 11.985659 lock=13 x=-52.926 P=129.674
3 sat= 39- 50 P2 v=       -0.252 R= 8.222832 56.766346 lock=13 x=-27.926 P=129.978
3 sat= 60- 63 L1 v=       -0.004 R= 0.000036  0.000039 lock=13 x=-63.026 P=84.717
3 sat= 60- 68 L1 v=       -0.004 R= 0.000036  0.000166 lock=13 x=-29.026 P=86.215
3 sat= 60- 73 L1 v=        0.003 R= 0.000036  0.000105 lock=13 x=-14.026 P=85.434
3 sat= 60- 78 L1 v=       -0.007 R= 0.000036  0.000060 lock=13 x=-19.026 P=85.084
3 sat= 60- 80 L1 v=       -0.009 R= 0.000036  0.000060 lock=13 x=-73.026 P=85.266
3 sat= 60- 90 L1 v=       -0.001 R= 0.000036  0.000095 lock=13 x=-38.026 P=85.351
3 sat= 60- 63 P1 v=       -0.239 R= 3.271525  3.468953 lock=13 x=-63.026 P=84.717
3 sat= 60- 68 P1 v=       -0.743 R= 3.271525 14.970645 lock=13 x=-29.026 P=86.215
3 sat= 60- 73 P1 v=       -0.254 R= 3.271525  9.412348 lock=13 x=-14.026 P=85.434
3 sat= 60- 78 P1 v=       -1.226 R= 3.271525  5.417069 lock=13 x=-19.026 P=85.084
3 sat= 60- 80 P1 v=       -1.577 R= 3.271525  5.436423 lock=13 x=-73.026 P=85.266
3 sat= 60- 90 P1 v=       -0.936 R= 3.271525  8.526998 lock=13 x=-38.026 P=85.351
3 valpos  : nv=42 thres=4.0
3 sol_rr=    -1276971.647    -4717196.859     4087248.829          -0.003           0.000           0.004
1 
---------------------------------------------------------
1 relpos: dt=0.005 nu=24 nr=26
1 ---------------------------------------------------------
3 satposs  : teph= 2020/12/24 22:08:47.005 n=24 ephopt=0
3 satposs  : teph= 2020/12/24 22:08:47.000 n=26 ephopt=0
3 base station:
3 zdres: n=26 rr=-1283433.94 -4713073.29 4090105.09
3 sat= 4 rs=    -5053.517 -24856057.354   9292962.594 dts=-0.0001671609 az= 141.9 el= 59.5
3 unhealthy satellite: sat=7 svh=3f
3 sat= 8 rs=  5097737.972 -25894545.717   -793730.632 dts=-0.0000040918 az= 143.5 el= 29.6
3 sat= 9 rs= -9303601.944 -17164201.209  17932402.112 dts=-0.0003052096 az= 288.4 el= 76.6
3 sat=16 rs=  9946501.067 -10997398.112  21786571.885 dts=-0.0002551590 az=  47.3 el= 39.1
3 sat=27 rs= 12301494.405 -20660837.384  10725108.168 dts=-0.0000418405 az=  98.4 el= 37.3
3 sat=30 rs=-24303880.424  -1732864.930  10878934.809 dts=-0.0003578177 az= 277.8 el= 16.3
3 sat=38 rs= -8305418.480 -23989188.246   2323862.895 dts= 0.0001897532 az= 186.7 el= 44.7
3 sat=39 rs=-12410199.498 -13696168.584  17586212.177 dts=-0.0000419300 az= 288.8 el= 63.3
3 sat=40 rs=-10341456.984   3779280.276  23056713.094 dts=-0.0000564558 az= 329.0 el= 20.1
3 sat=41 rs=-11164657.253 -12544866.491  19241149.845 dts= 0.0000148843 az= 304.0 el= 62.8
3 sat=42 rs=-23288925.401  -8576911.206   5715152.378 dts=-0.0000649858 az= 256.4 el= 21.8
3 sat=48 rs=  7126456.649  -9556107.876  22543308.645 dts=-0.0000094939 az=  36.9 el= 41.4
3 sat=50 rs= 19276579.262 -11436947.811  12150755.560 dts= 0.0000607964 az=  75.8 el= 15.1
3 sat=60 rs= -8759865.435 -20433139.512  19541067.638 dts=-0.0010103688 az= 284.0 el= 82.2
3 sat=63 rs=-13414771.889 -18142871.716  19154710.497 dts=-0.0006747671 az= 277.7 el= 69.5
3 sat=68 rs=-16813095.335   4211835.918  23989256.667 dts= 0.0058217660 az= 316.3 el= 20.5
3 sat=73 rs=  6529929.142 -28192324.990  -2309585.383 dts=-0.0012706425 az= 143.0 el= 27.1
3 sat=78 rs=  -571519.588 -29567768.198   1195787.823 dts= 0.0001612761 az= 157.6 el= 40.7
3 sat=80 rs= 11152731.351 -12448001.843  24432220.439 dts=-0.0006390823 az=  47.5 el= 40.6
3 sat=90 rs=-24345788.311 -16586986.608   2853010.618 dts=-0.0004767740 az= 237.4 el= 29.0
3 y=
        0.000         8.957         0.000        13.973        14.660         9.737         0.000        13.321         8.678        17.148        14.873        13.019        20.049        10.673        15.388         0.000        13.804         0.000        10.929        10.672         4.925         0.000        10.101         2.471        15.161        12.305
        0.000         0.000         0.000         0.000         0.000         0.000         0.000         0.000         0.000         0.000        24.088        21.447        30.604         0.000        25.121         0.000        22.607         0.000         0.000         0.000         0.000         0.000         0.000         0.000         0.000         0.000
        0.000         2.316         0.000         6.936         2.947         0.878         0.000         5.166         5.106         8.557        10.486        11.267        10.480         4.736         8.627         0.000         9.730         0.000         1.150         0.018         1.465         0.000         2.435         1.889         2.426         3.459
        0.000         0.000         0.000         0.000         0.000         0.000         0.000         0.000         0.000         0.000        13.714        14.804        12.536         0.000        10.129         0.000        15.107         0.000         0.000         0.000         0.000         0.000         0.000         0.000         0.000         0.000
3 selsat  : nu=24 nr=26
3 before udstate: x=-1276971.7608 -4717197.3462 4087248.5602 -0.0031 0.0002 0.0038 -0.0043 0.0024 0.0042
3 udstate : ns=20
3 udpos : tt=1.000
3 udbias  : tt=1.000 ns=20
3 after udstate x=-1276971.7661 -4717197.3448 4087248.5661 -0.0074 0.0027 0.0080 -0.0043 0.0024 0.0042
3 rover: dt=0.005
3 zdres: n=24 rr=-1276971.77 -4717197.34 4087248.57
3 unhealthy satellite: sat=7 svh=3f
3 y=
        0.000   1643955.532         0.000   1643964.069   1643953.391   1643951.599         0.000   1643957.235   1643933.344   1643961.762   1643969.397   1643986.298   1643967.207   1643964.893   1643963.265         0.000   1643976.556   1643949.493   1643947.508   1643947.771   1643956.557   1643948.016   1643949.803   1643954.064
        0.000   1643945.992         0.000   1643964.386   1643951.361         0.000         0.000   1643957.308   1643936.244         0.000   1643964.624   1643978.537   1643962.868         0.000   1643962.473         0.000   1643966.056         0.000         0.000         0.000         0.000         0.000         0.000         0.000
        0.000   1643953.414         0.000   1643958.393   1643953.668   1643952.271         0.000   1643957.049   1643957.456   1643963.813   1643969.421   1643971.369   1643966.466   1643960.903   1643965.581         0.000   1643966.457   1643949.247   1643948.488   1643950.372   1643951.391   1643951.696   1643952.037   1643952.809
        0.000   1643949.880         0.000   1643956.479   1643950.934         0.000         0.000   1643952.478   1643953.408         0.000   1643964.342   1643964.305   1643962.554         0.000   1643961.040         0.000   1643965.779         0.000         0.000         0.000         0.000         0.000         0.000         0.000
3 ddres   : dt=0.0050 ns=20
3 sat=  9-  4 L1 v=        0.004 R= 0.000037  0.000042 lock=14 x=-28.541 P=92.157
3 sat=  9-  8 L1 v=        0.006 R= 0.000037  0.000091 lock=14 x=-10.027 P=92.367
3 sat=  9- 16 L1 v=        0.004 R= 0.000037  0.000063 lock=14 x=-53.311 P=92.545
3 sat=  9- 27 L1 v=        0.003 R= 0.000037  0.000067 lock=14 x=-42.528 P=92.355
3 sat=  9- 30 L1 v=        0.002 R= 0.000037  0.000248 lock=14 x=-143.688 P=94.742
3 sat=  9-  4 P1 v=       -0.378 R= 3.333650  3.799006 lock=14 x=-28.541 P=92.157
3 sat=  9-  8 P1 v=       -0.736 R= 3.333650  8.222050 lock=14 x=-10.027 P=92.367
3 sat=  9- 16 P1 v=       -0.672 R= 3.333650  5.695652 lock=14 x=-53.311 P=92.545
3 sat=  9- 27 P1 v=       -1.162 R= 3.333650  6.017794 lock=14 x=-42.528 P=92.355
3 sat=  9- 30 P1 v=       -1.629 R= 3.333650 22.285279 lock=14 x=-143.688 P=94.742
3 sat= 39- 38 L1 v=        0.010 R= 0.000091  0.000122 lock=14 x=-65.637 P=92.620
3 sat= 39- 40 L1 v=        0.004 R= 0.000091  0.000387 lock=14 x=87.600 P=93.357
3 sat= 39- 41 L1 v=        0.003 R= 0.000091  0.000092 lock=14 x=-52.134 P=92.291
3 sat= 39- 42 L1 v=        0.006 R= 0.000091  0.000336 lock=14 x=-14.383 P=92.618
3 sat= 39- 48 L1 v=        0.010 R= 0.000091  0.000133 lock=14 x=-48.268 P=92.547
3 sat= 39- 50 L1 v=        0.016 R= 0.000091  0.000630 lock=14 x=31.193 P=93.211
3 sat= 39- 40 L2 v=        0.002 R= 0.000091  0.000387 lock=14 x=28.084 P=130.653
3 sat= 39- 41 L2 v=        0.005 R= 0.000091  0.000092 lock=14 x=-75.089 P=129.633
3 sat= 39- 48 L2 v=        0.000 R= 0.000091  0.000133 lock=14 x=-53.998 P=129.674
3 sat= 39- 50 L2 v=        0.008 R= 0.000091  0.000630 lock=14 x=-28.614 P=129.978
3 sat= 39- 38 P1 v=        3.680 R= 8.222591 10.995148 lock=14 x=-65.637 P=92.620
3 sat= 39- 40 P1 v=       -1.166 R= 8.222591 34.800442 lock=14 x=87.600 P=93.357
3 sat= 39- 41 P1 v=        2.950 R= 8.222591  8.262343 lock=14 x=-52.134 P=92.291
3 sat= 39- 42 P1 v=        2.768 R= 8.222591 30.221109 lock=14 x=-14.383 P=92.618
3 sat= 39- 48 P1 v=        1.981 R= 8.222591 11.987889 lock=14 x=-48.268 P=92.547
3 sat= 39- 50 P1 v=        2.209 R= 8.222591 56.738386 lock=14 x=31.193 P=93.211
3 sat= 39- 40 P2 v=        1.128 R= 8.222591 34.800442 lock=14 x=28.084 P=130.653
3 sat= 39- 41 P2 v=        0.611 R= 8.222591  8.262343 lock=14 x=-75.089 P=129.633
3 sat= 39- 48 P2 v=       -0.283 R= 8.222591 11.987889 lock=14 x=-53.998 P=129.674
3 sat= 39- 50 P2 v=       -0.043 R= 8.222591 56.738386 lock=14 x=-28.614 P=129.978
3 sat= 60- 63 L1 v=       -0.003 R= 0.000036  0.000039 lock=14 x=-63.057 P=84.717
3 sat= 60- 68 L1 v=       -0.007 R= 0.000036  0.000166 lock=14 x=-31.492 P=86.215
3 sat= 60- 73 L1 v=        0.010 R= 0.000036  0.000105 lock=14 x=-12.437 P=85.434
3 sat= 60- 78 L1 v=        0.011 R= 0.000036  0.000060 lock=14 x=-17.214 P=85.084
3 sat= 60- 80 L1 v=        0.003 R= 0.000036  0.000060 lock=14 x=-74.551 P=85.266
3 sat= 60- 90 L1 v=        0.000 R= 0.000036  0.000095 lock=14 x=-37.169 P=85.351
3 sat= 60- 63 P1 v=       -0.372 R= 3.271511  3.468901 lock=14 x=-63.057 P=84.717
3 sat= 60- 68 P1 v=       -0.810 R= 3.271511 14.964286 lock=14 x=-31.492 P=86.215
3 sat= 60- 73 P1 v=       -0.859 R= 3.271511  9.409714 lock=14 x=-12.437 P=85.434
3 sat= 60- 78 P1 v=       -1.710 R= 3.271511  5.418061 lock=14 x=-17.214 P=85.084
3 sat= 60- 80 P1 v=       -1.514 R= 3.271511  5.437270 lock=14 x=-74.551 P=85.266
3 sat= 60- 90 P1 v=       -1.252 R= 3.271511  8.524869 lock=14 x=-37.169 P=85.351
3 before filter x=-1276971.7661 -4717197.3448 4087248.5661 -0.0074 0.0027 0.0080 -0.0043 0.0024 0.0042
3 after filter x=-1276971.7624 -4717197.3403 4087248.5574 0.0024 -0.0001 -0.0048 0.0053 -0.0003 -0.0083
3 posvar=0.054583 
3 zdres: n=24 rr=-1276971.76 -4717197.34 4087248.56
3 unhealthy satellite: sat=7 svh=3f
3 y=
        0.000   1643955.526         0.000   1643964.067   1643953.380   1643951.593         0.000   1643957.232   1643933.339   1643961.757   1643969.387   1643986.291   1643967.197   1643964.888   1643963.258         0.000   1643976.554   1643949.483   1643947.498   1643947.764   1643956.556   1643948.013   1643949.797   1643954.059
        0.000   1643945.986         0.000   1643964.385   1643951.351         0.000         0.000   1643957.304   1643936.238         0.000   1643964.614   1643978.530   1643962.858         0.000   1643962.465         0.000   1643966.055         0.000         0.000         0.000         0.000         0.000         0.000         0.000
        0.000   1643953.408         0.000   1643958.392   1643953.658   1643952.264         0.000   1643957.045   1643957.451   1643963.808   1643969.411   1643971.362   1643966.455   1643960.898   1643965.574         0.000   1643966.456   1643949.237   1643948.478   1643950.365   1643951.390   1643951.692   1643952.031   1643952.804
        0.000   1643949.874         0.000   1643956.478   1643950.924         0.000         0.000   1643952.474   1643953.403         0.000   1643964.332   1643964.298   1643962.543         0.000   1643961.033         0.000   1643965.778         0.000         0.000         0.000         0.000         0.000         0.000         0.000
3 ddres   : dt=0.0050 ns=20
3 sat=  9-  4 L1 v=       -0.001 R= 0.000037  0.000042 lock=14 x=-28.548 P=92.153
3 sat=  9-  8 L1 v=       -0.003 R= 0.000037  0.000091 lock=14 x=-10.029 P=92.354
3 sat=  9- 16 L1 v=        0.000 R= 0.000037  0.000063 lock=14 x=-53.307 P=92.525
3 sat=  9- 27 L1 v=       -0.004 R= 0.000037  0.000067 lock=14 x=-42.531 P=92.346
3 sat=  9- 30 L1 v=        0.003 R= 0.000037  0.000248 lock=14 x=-143.655 P=94.659
3 sat=  9-  4 P1 v=       -0.382 R= 3.333650  3.799006 lock=14 x=-28.548 P=92.153
3 sat=  9-  8 P1 v=       -0.745 R= 3.333650  8.222050 lock=14 x=-10.029 P=92.354
3 sat=  9- 16 P1 v=       -0.675 R= 3.333650  5.695652 lock=14 x=-53.307 P=92.525
3 sat=  9- 27 P1 v=       -1.168 R= 3.333650  6.017794 lock=14 x=-42.531 P=92.346
3 sat=  9- 30 P1 v=       -1.634 R= 3.333650 22.285279 lock=14 x=-143.655 P=94.659
3 sat= 39- 38 L1 v=        0.003 R= 0.000091  0.000122 lock=14 x=-65.649 P=92.592
3 sat= 39- 40 L1 v=        0.005 R= 0.000091  0.000387 lock=14 x=87.619 P=93.329
3 sat= 39- 41 L1 v=        0.003 R= 0.000091  0.000092 lock=14 x=-52.138 P=92.280
3 sat= 39- 42 L1 v=        0.004 R= 0.000091  0.000336 lock=14 x=-14.369 P=92.587
3 sat= 39- 48 L1 v=        0.007 R= 0.000091  0.000133 lock=14 x=-48.275 P=92.531
3 sat= 39- 50 L1 v=        0.006 R= 0.000091  0.000630 lock=14 x=31.186 P=93.175
3 sat= 39- 40 L2 v=        0.003 R= 0.000091  0.000387 lock=14 x=28.099 P=130.637
3 sat= 39- 41 L2 v=        0.006 R= 0.000091  0.000092 lock=14 x=-75.092 P=129.626
3 sat= 39- 48 L2 v=       -0.003 R= 0.000091  0.000133 lock=14 x=-54.003 P=129.669
3 sat= 39- 50 L2 v=       -0.001 R= 0.000091  0.000630 lock=14 x=-28.618 P=129.960
3 sat= 39- 38 P1 v=        3.675 R= 8.222591 10.995148 lock=14 x=-65.649 P=92.592
3 sat= 39- 40 P1 v=       -1.169 R= 8.222591 34.800442 lock=14 x=87.619 P=93.329
3 sat= 39- 41 P1 v=        2.950 R= 8.222591  8.262343 lock=14 x=-52.138 P=92.280
3 sat= 39- 42 P1 v=        2.763 R= 8.222591 30.221109 lock=14 x=-14.369 P=92.587
3 sat= 39- 48 P1 v=        1.978 R= 8.222591 11.987889 lock=14 x=-48.275 P=92.531
3 sat= 39- 50 P1 v=        2.200 R= 8.222591 56.738386 lock=14 x=31.186 P=93.175
3 sat= 39- 40 P2 v=        1.125 R= 8.222591 34.800442 lock=14 x=28.099 P=130.637
3 sat= 39- 41 P2 v=        0.611 R= 8.222591  8.262343 lock=14 x=-75.092 P=129.626
3 sat= 39- 48 P2 v=       -0.286 R= 8.222591 11.987889 lock=14 x=-54.003 P=129.669
3 sat= 39- 50 P2 v=       -0.052 R= 8.222591 56.738386 lock=14 x=-28.618 P=129.960
3 sat= 60- 63 L1 v=       -0.002 R= 0.000036  0.000039 lock=14 x=-63.058 P=84.712
3 sat= 60- 68 L1 v=       -0.003 R= 0.000036  0.000166 lock=14 x=-31.465 P=86.160
3 sat= 60- 73 L1 v=        0.000 R= 0.000036  0.000105 lock=14 x=-12.445 P=85.407
3 sat= 60- 78 L1 v=        0.003 R= 0.000036  0.000060 lock=14 x=-17.223 P=85.068
3 sat= 60- 80 L1 v=        0.000 R= 0.000036  0.000060 lock=14 x=-74.553 P=85.244
3 sat= 60- 90 L1 v=       -0.001 R= 0.000036  0.000095 lock=14 x=-37.156 P=85.323
3 sat= 60- 63 P1 v=       -0.372 R= 3.271511  3.468901 lock=14 x=-63.058 P=84.712
3 sat= 60- 68 P1 v=       -0.813 R= 3.271511 14.964286 lock=14 x=-31.465 P=86.160
3 sat= 60- 73 P1 v=       -0.868 R= 3.271511  9.409714 lock=14 x=-12.445 P=85.407
3 sat= 60- 78 P1 v=       -1.716 R= 3.271511  5.418061 lock=14 x=-17.223 P=85.068
3 sat= 60- 80 P1 v=       -1.517 R= 3.271511  5.437270 lock=14 x=-74.553 P=85.244
3 sat= 60- 90 P1 v=       -1.257 R= 3.271511  8.524869 lock=14 x=-37.156 P=85.323
3 valpos  : nv=42 thres=4.0
3 posvar=0.054583
3 prevRatios = 4.048 4.048
3 refSats=       4       4       4       4       4      38      38      38      38      38      38      39      39      39      39      60      60      60      60      60      60
3 fixSats=       8       9      16      27      30      39      40      41      42      48      50      40      41      48      50      63      68      73      78      80      90
3 N(0)=       -18.52   41.23   24.76   13.98  115.11  -52.80 -153.27  -13.51  -51.28  -17.37  -96.84  -68.96   34.23   13.14  -12.24    9.10  -22.50  -41.52  -36.74   20.59  -16.80
3 Qb*1000=   373.9093 461.1527 872.4279 402.5434 3648.3033 668.7815 2841.7362 768.6166 1601.3985 1448.1125 2063.4254 888.5311  6.6869 578.6774 1504.0725 65.3612 2280.9147 1234.6535 678.9032 843.2808 1270.3440
3 N(1)=       -18.00   40.00   22.00   13.00  113.00  -55.00 -158.00  -16.00  -53.00  -21.00 -100.00  -71.00   34.00   12.00  -13.00    9.00  -25.00  -40.00  -35.00   19.00  -16.00
3 N(2)=       -18.00   40.00   22.00   13.00  113.00  -55.00 -158.00  -16.00  -53.00  -21.00  -99.00  -71.00   34.00   12.00  -13.00    9.00  -25.00  -40.00  -35.00   19.00  -16.00
3 resamb : validation ok (nb=21 ratio=4.06 thresh=3.00 s=1440.42/354.72
3 restamb :
3 lambda: nb=21 r1= 4.048 r2=4.048 r=4.061
3 zdres: n=24 rr=-1276971.65 -4717196.86 4087248.83
3 unhealthy satellite: sat=7 svh=3f
3 y=
        0.000   1643955.135         0.000   1643963.591   1643953.225   1643951.733         0.000   1643957.035   1643933.365   1643961.244   1643969.288   1643986.652   1643967.156   1643964.712   1643963.433         0.000   1643976.611   1643949.301   1643947.338   1643948.060   1643956.080   1643947.507   1643949.925   1643953.724
        0.000   1643945.595         0.000   1643963.908   1643951.195         0.000         0.000   1643957.108   1643936.264         0.000   1643964.515   1643978.891   1643962.817         0.000   1643962.640         0.000   1643966.111         0.000         0.000         0.000         0.000         0.000         0.000         0.000
        0.000   1643953.018         0.000   1643957.915   1643953.502   1643952.404         0.000   1643956.849   1643957.477   1643963.295   1643969.313   1643971.723   1643966.415   1643960.723   1643965.748         0.000   1643966.512   1643949.055   1643948.317   1643950.660   1643950.915   1643951.186   1643952.159   1643952.469
        0.000   1643949.484         0.000   1643956.001   1643950.768         0.000         0.000   1643952.278   1643953.429         0.000   1643964.234   1643964.659   1643962.503         0.000   1643961.207         0.000   1643965.834         0.000         0.000         0.000         0.000         0.000         0.000         0.000
3 ddres   : dt=0.0050 ns=20
3 sat=  9-  4 L1 v=       -0.001 R= 0.000037  0.000042 lock=14 x=-28.548 P=92.153
3 sat=  9-  8 L1 v=       -0.016 R= 0.000037  0.000091 lock=14 x=-10.548 P=92.354
3 sat=  9- 16 L1 v=       -0.005 R= 0.000037  0.000063 lock=14 x=-50.548 P=92.525
3 sat=  9- 27 L1 v=       -0.011 R= 0.000037  0.000067 lock=14 x=-41.548 P=92.346
3 sat=  9- 30 L1 v=       -0.013 R= 0.000037  0.000248 lock=14 x=-141.548 P=94.659
3 sat=  9-  4 P1 v=       -0.147 R= 3.333650  3.799006 lock=14 x=-28.548 P=92.153
3 sat=  9-  8 P1 v=       -0.425 R= 3.333650  8.222051 lock=14 x=-10.548 P=92.354
3 sat=  9- 16 P1 v=       -0.971 R= 3.333650  5.695651 lock=14 x=-50.548 P=92.525
3 sat=  9- 27 P1 v=       -1.128 R= 3.333650  6.017794 lock=14 x=-41.548 P=92.346
3 sat=  9- 30 P1 v=       -1.816 R= 3.333650 22.285276 lock=14 x=-141.548 P=94.659
3 sat= 39- 38 L1 v=        0.006 R= 0.000091  0.000122 lock=14 x=-65.649 P=92.592
3 sat= 39- 40 L1 v=        0.017 R= 0.000091  0.000387 lock=14 x=92.351 P=93.329
3 sat= 39- 41 L1 v=       -0.000 R= 0.000091  0.000092 lock=14 x=-49.649 P=92.280
3 sat= 39- 42 L1 v=       -0.008 R= 0.000091  0.000336 lock=14 x=-12.649 P=92.587
3 sat= 39- 48 L1 v=        0.001 R= 0.000091  0.000133 lock=14 x=-44.649 P=92.531
3 sat= 39- 50 L1 v=        0.033 R= 0.000091  0.000630 lock=14 x=34.351 P=93.175
3 sat= 39- 40 L2 v=        0.033 R= 0.000091  0.000387 lock=14 x=30.139 P=130.637
3 sat= 39- 41 L2 v=        0.003 R= 0.000091  0.000092 lock=14 x=-74.861 P=129.626
3 sat= 39- 48 L2 v=       -0.001 R= 0.000091  0.000133 lock=14 x=-52.861 P=129.669
3 sat= 39- 50 L2 v=        0.026 R= 0.000091  0.000630 lock=14 x=-27.861 P=129.960
3 sat= 39- 38 P1 v=        4.089 R= 8.222591 10.995150 lock=14 x=-65.649 P=92.592
3 sat= 39- 40 P1 v=       -1.629 R= 8.222591 34.800427 lock=14 x=92.351 P=93.329
3 sat= 39- 41 P1 v=        2.892 R= 8.222591  8.262343 lock=14 x=-49.649 P=92.280
3 sat= 39- 42 P1 v=        2.841 R= 8.222591 30.221110 lock=14 x=-12.649 P=92.587
3 sat= 39- 48 P1 v=        1.705 R= 8.222591 11.987887 lock=14 x=-44.649 P=92.531
3 sat= 39- 50 P1 v=        2.045 R= 8.222591 56.738375 lock=14 x=34.351 P=93.175
3 sat= 39- 40 P2 v=        0.665 R= 8.222591 34.800427 lock=14 x=30.139 P=130.637
3 sat= 39- 41 P2 v=        0.553 R= 8.222591  8.262343 lock=14 x=-74.861 P=129.626
3 sat= 39- 48 P2 v=       -0.559 R= 8.222591 11.987887 lock=14 x=-52.861 P=129.669
3 sat= 39- 50 P2 v=       -0.207 R= 8.222591 56.738375 lock=14 x=-27.861 P=129.960
3 sat= 60- 63 L1 v=       -0.005 R= 0.000036  0.000039 lock=14 x=-62.961 P=84.712
3 sat= 60- 68 L1 v=       -0.004 R= 0.000036  0.000166 lock=14 x=-28.961 P=86.160
3 sat= 60- 73 L1 v=        0.005 R= 0.000036  0.000105 lock=14 x=-13.961 P=85.407
3 sat= 60- 78 L1 v=       -0.003 R= 0.000036  0.000060 lock=14 x=-18.961 P=85.068
3 sat= 60- 80 L1 v=       -0.007 R= 0.000036  0.000060 lock=14 x=-72.961 P=85.244
3 sat= 60- 90 L1 v=       -0.002 R= 0.000036  0.000095 lock=14 x=-37.961 P=85.323
3 sat= 60- 63 P1 v=       -0.394 R= 3.271511  3.468901 lock=14 x=-62.961 P=84.712
3 sat= 60- 68 P1 v=       -1.290 R= 3.271511 14.964281 lock=14 x=-28.961 P=86.160
3 sat= 60- 73 P1 v=       -0.575 R= 3.271511  9.409716 lock=14 x=-13.961 P=85.407
3 sat= 60- 78 P1 v=       -1.392 R= 3.271511  5.418062 lock=14 x=-18.961 P=85.068
3 sat= 60- 80 P1 v=       -1.828 R= 3.271511  5.437269 lock=14 x=-72.961 P=85.244
3 sat= 60- 90 P1 v=       -1.104 R= 3.271511  8.524870 lock=14 x=-37.961 P=85.323
3 valpos  : nv=42 thres=4.0
3 sol_rr=    -1276971.648    -4717196.859     4087248.829           0.002          -0.000          -0.005
1 
---------------------------------------------------------
1 relpos: dt=0.005 nu=24 nr=26
1 ---------------------------------------------------------
3 satposs  : teph= 2020/12/24 22:08:48.005 n=24 ephopt=0
3 satposs  : teph= 2020/12/24 22:08:48.000 n=26 ephopt=0
3 base station:
3 zdres: n=26 rr=-1283433.94 -4713073.29 4090105.09
3 sat= 4 rs=    -4491.627 -24857128.987   9290090.776 dts=-0.0001671609 az= 141.9 el= 59.5
3 unhealthy satellite: sat=7 svh=3f
3 sat= 8 rs=  5098036.059 -25894585.676   -790521.745 dts=-0.0000040918 az= 143.5 el= 29.6
3 sat= 9 rs= -9302941.544 -17166404.392  17930640.097 dts=-0.0003052096 az= 288.3 el= 76.6
3 sat=16 rs=  9948399.601 -10995313.359  21786800.075 dts=-0.0002551590 az=  47.3 el= 39.0
3 sat=27 rs= 12301400.933 -20659426.884  10727927.720 dts=-0.0000418405 az=  98.4 el= 37.3
3 sat=30 rs=-24302630.738  -1733500.065  10881614.454 dts=-0.0003578177 az= 277.8 el= 16.3
3 sat=38 rs= -8305642.447 -23989455.870   2320319.266 dts= 0.0001897532 az= 186.7 el= 44.7
3 sat=39 rs=-12410930.755 -13698460.095  17583903.139 dts=-0.0000419300 az= 288.8 el= 63.3
3 sat=40 rs=-10342277.216   3776245.498  23056840.629 dts=-0.0000564558 az= 329.0 el= 20.1
3 sat=41 rs=-11162125.905 -12544161.568  19243073.412 dts= 0.0000148843 az= 304.0 el= 62.8
3 sat=42 rs=-23288199.068  -8576576.409   5718615.147 dts=-0.0000649858 az= 256.4 el= 21.8
3 sat=48 rs=  7129471.218  -9555430.830  22542655.381 dts=-0.0000094939 az=  36.9 el= 41.4
3 sat=50 rs= 19275256.162 -11435918.024  12153833.136 dts= 0.0000607964 az=  75.8 el= 15.1
3 sat=60 rs= -8758214.829 -20432078.144  19542918.343 dts=-0.0010103688 az= 284.1 el= 82.2
3 sat=63 rs=-13414775.802 -18144792.941  19152888.045 dts=-0.0006747671 az= 277.7 el= 69.5
3 sat=68 rs=-16813079.140   4209429.301  23989691.379 dts= 0.0058217660 az= 316.3 el= 20.5
3 sat=73 rs=  6530018.521 -28191929.493  -2306783.098 dts=-0.0012706425 az= 143.0 el= 27.1
3 sat=78 rs=  -571571.009 -29567888.806   1192785.614 dts= 0.0001612761 az= 157.6 el= 40.7
3 sat=80 rs= 11154849.521 -12446767.141  24431883.173 dts=-0.0006390823 az=  47.5 el= 40.6
3 sat=90 rs=-24345599.784 -16586744.209   2856038.054 dts=-0.0004767740 az= 237.4 el= 29.0
3 y=
        0.000         8.852         0.000        13.871        14.555         9.632         0.000        13.215         8.574        17.041        14.767        12.909        19.942        10.563        15.280         0.000        13.699         0.000        10.823        10.566         4.820         0.000         9.999         2.365        15.053        12.200
        0.000         0.000         0.000         0.000         0.000         0.000         0.000         0.000         0.000         0.000        23.982        21.334        30.497         0.000        25.016         0.000        22.504         0.000         0.000         0.000         0.000         0.000         0.000         0.000         0.000         0.000
        0.000         2.237         0.000         6.881         2.909         0.699         0.000         5.118         5.345         8.429        10.392        11.416        10.393         4.666         8.563         0.000         9.827         0.000         1.072        -0.056         1.259         0.000         2.461         1.744         2.328         3.317
        0.000         0.000         0.000         0.000         0.000         0.000         0.000         0.000         0.000         0.000        13.678        14.797        12.413         0.000        10.026         0.000        15.084         0.000         0.000         0.000         0.000         0.000         0.000         0.000         0.000         0.000
3 selsat  : nu=24 nr=26
3 before udstate: x=-1276971.7624 -4717197.3403 4087248.5574 0.0024 -0.0001 -0.0048 0.0053 -0.0003 -0.0083
3 udstate : ns=20
3 udpos : tt=1.000
3 udbias  : tt=1.000 ns=20
3 after udstate x=-1276971.7573 -4717197.3405 4087248.5485 0.0078 -0.0004 -0.0131 0.0053 -0.0003 -0.0083
3 rover: dt=0.005
3 zdres: n=24 rr=-1276971.76 -4717197.34 4087248.55
3 unhealthy satellite: sat=7 svh=3f
3 y=
        0.000   1644037.666         0.000   1644046.215   1644035.516   1644033.732         0.000   1644039.373   1644015.474   1644043.895   1644051.518   1644068.416   1644049.327   1644047.022   1644045.392         0.000   1644058.698   1644031.619   1644029.631   1644029.895   1644038.703   1644030.159   1644031.933   1644036.198
        0.000   1644028.128         0.000   1644046.532   1644033.486         0.000         0.000   1644039.444   1644018.372         0.000   1644046.746   1644060.661   1644044.989         0.000   1644044.594         0.000   1644048.193         0.000         0.000         0.000         0.000         0.000         0.000         0.000
        0.000   1644035.607         0.000   1644040.648   1644035.746   1644034.403         0.000   1644039.252   1644039.573   1644045.949   1644051.626   1644053.502   1644048.645   1644043.088   1644047.753         0.000   1644048.653   1644031.384   1644030.564   1644032.416   1644033.533   1644033.793   1644033.992   1644034.945
        0.000   1644031.984         0.000   1644038.607   1644033.103         0.000         0.000   1644034.669   1644035.500         0.000   1644046.525   1644046.358   1644044.677         0.000   1644043.142         0.000   1644047.861         0.000         0.000         0.000         0.000         0.000         0.000         0.000
3 ddres   : dt=0.0050 ns=20
3 sat=  9-  4 L1 v=       -0.007 R= 0.000037  0.000042 lock=15 x=-28.313 P=92.153
3 sat=  9-  8 L1 v=       -0.013 R= 0.000037  0.000091 lock=15 x=-9.795 P=92.354
3 sat=  9- 16 L1 v=       -0.004 R= 0.000037  0.000063 lock=15 x=-53.072 P=92.525
3 sat=  9- 27 L1 v=       -0.011 R= 0.000037  0.000067 lock=15 x=-42.297 P=92.346
3 sat=  9- 30 L1 v=        0.003 R= 0.000037  0.000247 lock=15 x=-143.421 P=94.659
3 sat=  9-  4 P1 v=       -0.533 R= 3.333568  3.799364 lock=15 x=-28.313 P=92.153
3 sat=  9-  8 P1 v=       -0.931 R= 3.333568  8.219321 lock=15 x=-9.795 P=92.354
3 sat=  9- 16 P1 v=       -0.867 R= 3.333568  5.696908 lock=15 x=-53.072 P=92.525
3 sat=  9- 27 P1 v=       -1.297 R= 3.333568  6.017179 lock=15 x=-42.297 P=92.346
3 sat=  9- 30 P1 v=       -1.391 R= 3.333568 22.272536 lock=15 x=-143.421 P=94.659
3 sat= 39- 38 L1 v=       -0.005 R= 0.000091  0.000122 lock=15 x=-65.414 P=92.592
3 sat= 39- 40 L1 v=        0.008 R= 0.000091  0.000386 lock=15 x=87.853 P=93.329
3 sat= 39- 41 L1 v=        0.003 R= 0.000091  0.000092 lock=15 x=-51.904 P=92.280
3 sat= 39- 42 L1 v=       -0.003 R= 0.000091  0.000336 lock=15 x=-14.134 P=92.587
3 sat= 39- 48 L1 v=        0.003 R= 0.000091  0.000133 lock=15 x=-48.040 P=92.531
3 sat= 39- 50 L1 v=       -0.005 R= 0.000091  0.000630 lock=15 x=31.421 P=93.175
3 sat= 39- 40 L2 v=       -0.001 R= 0.000091  0.000386 lock=15 x=28.368 P=130.637
3 sat= 39- 41 L2 v=        0.007 R= 0.000091  0.000092 lock=15 x=-74.823 P=129.626
3 sat= 39- 48 L2 v=        0.002 R= 0.000091  0.000133 lock=15 x=-53.734 P=129.669
3 sat= 39- 50 L2 v=       -0.003 R= 0.000091  0.000630 lock=15 x=-28.349 P=129.960
3 sat= 39- 38 P1 v=        3.714 R= 8.222350 10.997667 lock=15 x=-65.414 P=92.592
3 sat= 39- 40 P1 v=       -0.853 R= 8.222350 34.778544 lock=15 x=87.853 P=93.329
3 sat= 39- 41 P1 v=        2.981 R= 8.222350  8.262198 lock=15 x=-51.904 P=92.280
3 sat= 39- 42 P1 v=        2.811 R= 8.222350 30.208109 lock=15 x=-14.134 P=92.587
3 sat= 39- 48 P1 v=        2.043 R= 8.222350 11.990118 lock=15 x=-48.040 P=92.531
3 sat= 39- 50 P1 v=        2.408 R= 8.222350 56.710443 lock=15 x=31.421 P=93.175
3 sat= 39- 40 P2 v=        1.285 R= 8.222350 34.778544 lock=15 x=28.368 P=130.637
3 sat= 39- 41 P2 v=        0.582 R= 8.222350  8.262198 lock=15 x=-74.823 P=129.626
3 sat= 39- 48 P2 v=       -0.270 R= 8.222350 11.990118 lock=15 x=-53.734 P=129.669
3 sat= 39- 50 P2 v=        0.070 R= 8.222350 56.710443 lock=15 x=-28.349 P=129.960
3 sat= 60- 63 L1 v=        0.000 R= 0.000036  0.000039 lock=15 x=-62.823 P=84.712
3 sat= 60- 68 L1 v=        0.002 R= 0.000036  0.000166 lock=15 x=-31.230 P=86.160
3 sat= 60- 73 L1 v=       -0.007 R= 0.000036  0.000105 lock=15 x=-12.210 P=85.407
3 sat= 60- 78 L1 v=       -0.007 R= 0.000036  0.000060 lock=15 x=-16.988 P=85.068
3 sat= 60- 80 L1 v=       -0.002 R= 0.000036  0.000060 lock=15 x=-74.318 P=85.244
3 sat= 60- 90 L1 v=       -0.003 R= 0.000036  0.000095 lock=15 x=-36.922 P=85.323
3 sat= 60- 63 P1 v=       -0.308 R= 3.271498  3.468849 lock=15 x=-62.823 P=84.712
3 sat= 60- 68 P1 v=       -0.845 R= 3.271498 14.957928 lock=15 x=-31.230 P=86.160
3 sat= 60- 73 P1 v=       -0.761 R= 3.271498  9.407083 lock=15 x=-12.210 P=85.407
3 sat= 60- 78 P1 v=       -1.738 R= 3.271498  5.419055 lock=15 x=-16.988 P=85.068
3 sat= 60- 80 P1 v=       -1.352 R= 3.271498  5.438116 lock=15 x=-74.318 P=85.244
3 sat= 60- 90 P1 v=       -1.316 R= 3.271498  8.522743 lock=15 x=-36.922 P=85.323
3 before filter x=-1276971.7573 -4717197.3405 4087248.5485 0.0078 -0.0004 -0.0131 0.0053 -0.0003 -0.0083
3 after filter x=-1276971.7621 -4717197.3443 4087248.5613 -0.0000 0.0025 0.0019 -0.0023 0.0026 0.0063
3 posvar=0.052526 
3 zdres: n=24 rr=-1276971.76 -4717197.34 4087248.56
3 unhealthy satellite: sat=7 svh=3f
3 y=
        0.000   1644037.673         0.000   1644046.214   1644035.529   1644033.741         0.000   1644039.376   1644015.482   1644043.899   1644051.531   1644068.427   1644049.341   1644047.028   1644045.402         0.000   1644058.700   1644031.632   1644029.644   1644029.906   1644038.702   1644030.161   1644031.942   1644036.203
        0.000   1644028.134         0.000   1644046.532   1644033.499         0.000         0.000   1644039.447   1644018.380         0.000   1644046.759   1644060.672   1644045.002         0.000   1644044.605         0.000   1644048.194         0.000         0.000         0.000         0.000         0.000         0.000         0.000
        0.000   1644035.613         0.000   1644040.647   1644035.759   1644034.412         0.000   1644039.255   1644039.580   1644045.953   1644051.639   1644053.514   1644048.659   1644043.095   1644047.763         0.000   1644048.655   1644031.397   1644030.577   1644032.427   1644033.532   1644033.795   1644034.002   1644034.951
        0.000   1644031.990         0.000   1644038.606   1644033.116         0.000         0.000   1644034.672   1644035.507         0.000   1644046.538   1644046.370   1644044.691         0.000   1644043.152         0.000   1644047.863         0.000         0.000         0.000         0.000         0.000         0.000         0.000
3 ddres   : dt=0.0050 ns=20
3 sat=  9-  4 L1 v=       -0.001 R= 0.000037  0.000042 lock=15 x=-28.308 P=92.148
3 sat=  9-  8 L1 v=       -0.003 R= 0.000037  0.000091 lock=15 x=-9.804 P=92.342
3 sat=  9- 16 L1 v=       -0.002 R= 0.000037  0.000063 lock=15 x=-53.072 P=92.506
3 sat=  9- 27 L1 v=       -0.004 R= 0.000037  0.000067 lock=15 x=-42.299 P=92.337
3 sat=  9- 30 L1 v=        0.003 R= 0.000037  0.000247 lock=15 x=-143.440 P=94.580
3 sat=  9-  4 P1 v=       -0.526 R= 3.333568  3.799364 lock=15 x=-28.308 P=92.148
3 sat=  9-  8 P1 v=       -0.917 R= 3.333568  8.219321 lock=15 x=-9.804 P=92.342
3 sat=  9- 16 P1 v=       -0.863 R= 3.333568  5.696908 lock=15 x=-53.072 P=92.506
3 sat=  9- 27 P1 v=       -1.288 R= 3.333568  6.017179 lock=15 x=-42.299 P=92.337
3 sat=  9- 30 P1 v=       -1.386 R= 3.333568 22.272536 lock=15 x=-143.440 P=94.580
3 sat= 39- 38 L1 v=        0.003 R= 0.000091  0.000122 lock=15 x=-65.412 P=92.565
3 sat= 39- 40 L1 v=        0.006 R= 0.000091  0.000386 lock=15 x=87.844 P=93.302
3 sat= 39- 41 L1 v=        0.003 R= 0.000091  0.000092 lock=15 x=-51.892 P=92.269
3 sat= 39- 42 L1 v=        0.000 R= 0.000091  0.000336 lock=15 x=-14.145 P=92.557
3 sat= 39- 48 L1 v=        0.005 R= 0.000091  0.000133 lock=15 x=-48.034 P=92.516
3 sat= 39- 50 L1 v=        0.003 R= 0.000091  0.000630 lock=15 x=31.411 P=93.141
3 sat= 39- 40 L2 v=       -0.003 R= 0.000091  0.000386 lock=15 x=28.361 P=130.622
3 sat= 39- 41 L2 v=        0.006 R= 0.000091  0.000092 lock=15 x=-74.815 P=129.619
3 sat= 39- 48 L2 v=        0.004 R= 0.000091  0.000133 lock=15 x=-53.731 P=129.665
3 sat= 39- 50 L2 v=        0.005 R= 0.000091  0.000630 lock=15 x=-28.358 P=129.942
3 sat= 39- 38 P1 v=        3.723 R= 8.222350 10.997667 lock=15 x=-65.412 P=92.565
3 sat= 39- 40 P1 v=       -0.851 R= 8.222350 34.778544 lock=15 x=87.844 P=93.302
3 sat= 39- 41 P1 v=        2.981 R= 8.222350  8.262198 lock=15 x=-51.892 P=92.269
3 sat= 39- 42 P1 v=        2.818 R= 8.222350 30.208109 lock=15 x=-14.145 P=92.557
3 sat= 39- 48 P1 v=        2.046 R= 8.222350 11.990118 lock=15 x=-48.034 P=92.516
3 sat= 39- 50 P1 v=        2.420 R= 8.222350 56.710443 lock=15 x=31.411 P=93.141
3 sat= 39- 40 P2 v=        1.287 R= 8.222350 34.778544 lock=15 x=28.361 P=130.622
3 sat= 39- 41 P2 v=        0.582 R= 8.222350  8.262198 lock=15 x=-74.815 P=129.619
3 sat= 39- 48 P2 v=       -0.267 R= 8.222350 11.990118 lock=15 x=-53.731 P=129.665
3 sat= 39- 50 P2 v=        0.082 R= 8.222350 56.710443 lock=15 x=-28.358 P=129.942
3 sat= 60- 63 L1 v=       -0.000 R= 0.000036  0.000039 lock=15 x=-62.817 P=84.708
3 sat= 60- 68 L1 v=       -0.001 R= 0.000036  0.000166 lock=15 x=-31.245 P=86.108
3 sat= 60- 73 L1 v=        0.002 R= 0.000036  0.000105 lock=15 x=-12.222 P=85.381
3 sat= 60- 78 L1 v=        0.001 R= 0.000036  0.000060 lock=15 x=-16.993 P=85.053
3 sat= 60- 80 L1 v=        0.000 R= 0.000036  0.000060 lock=15 x=-74.318 P=85.222
3 sat= 60- 90 L1 v=       -0.000 R= 0.000036  0.000095 lock=15 x=-36.935 P=85.297
3 sat= 60- 63 P1 v=       -0.309 R= 3.271498  3.468849 lock=15 x=-62.817 P=84.708
3 sat= 60- 68 P1 v=       -0.844 R= 3.271498 14.957928 lock=15 x=-31.245 P=86.108
3 sat= 60- 73 P1 v=       -0.747 R= 3.271498  9.407083 lock=15 x=-12.222 P=85.381
3 sat= 60- 78 P1 v=       -1.727 R= 3.271498  5.419055 lock=15 x=-16.993 P=85.053
3 sat= 60- 80 P1 v=       -1.349 R= 3.271498  5.438116 lock=15 x=-74.318 P=85.222
3 sat= 60- 90 P1 v=       -1.309 R= 3.271498  8.522743 lock=15 x=-36.935 P=85.297
3 valpos  : nv=42 thres=4.0
3 posvar=0.052526
3 prevRatios = 4.061 4.061
3 refSats=       4       4       4       4       4      38      38      38      38      38      38      39      39      39      39      60      60      60      60      60      60
3 fixSats=       8       9      16      27      30      39      40      41      42      48      50      40      41      48      50      63      68      73      78      80      90
3 N(0)=       -18.50   41.23   24.76   13.99  115.13  -52.81 -153.26  -13.52  -51.27  -17.38  -96.82  -68.94   34.23   13.15  -12.23    9.10  -22.47  -41.50  -36.72   20.60  -16.78
3 Qb*1000=   357.8049 448.1437 838.7402 388.7735 3535.2119 644.2971 2740.9285 739.6789 1552.7643 1390.4557 1991.4112 854.4940  6.4689 561.1237 1457.9520 63.5008 2199.0862 1189.0637 653.4565 814.5673 1220.1272
3 N(1)=       -18.00   40.00   22.00   13.00  113.00  -55.00 -158.00  -16.00  -53.00  -21.00 -100.00  -71.00   34.00   12.00  -13.00    9.00  -25.00  -40.00  -35.00   19.00  -16.00
3 N(2)=       -18.00   40.00   22.00   13.00  113.00  -55.00 -158.00  -16.00  -53.00  -21.00  -99.00  -71.00   34.00   12.00  -13.00    9.00  -25.00  -40.00  -35.00   19.00  -16.00
3 resamb : validation ok (nb=21 ratio=4.07 thresh=3.00 s=1482.93/364.22
3 restamb :
3 lambda: nb=21 r1= 4.061 r2=4.061 r=4.072
3 zdres: n=24 rr=-1276971.65 -4717196.86 4087248.83
3 unhealthy satellite: sat=7 svh=3f
3 y=
        0.000   1644037.276         0.000   1644045.735   1644035.366   1644033.876         0.000   1644039.175   1644015.507   1644043.382   1644051.426   1644068.785   1644049.295   1644046.850   1644045.571         0.000   1644058.754   1644031.443   1644029.477   1644030.199   1644038.223   1644029.650   1644032.065   1644035.866
        0.000   1644027.737         0.000   1644046.052   1644033.336         0.000         0.000   1644039.246   1644018.404         0.000   1644046.654   1644061.030   1644044.956         0.000   1644044.774         0.000   1644048.248         0.000         0.000         0.000         0.000         0.000         0.000         0.000
        0.000   1644035.217         0.000   1644040.167   1644035.596   1644034.547         0.000   1644039.054   1644039.605   1644045.435   1644051.534   1644053.872   1644048.612   1644042.917   1644047.932         0.000   1644048.708   1644031.208   1644030.410   1644032.720   1644033.054   1644033.285   1644034.125   1644034.613
        0.000   1644031.594         0.000   1644038.126   1644032.953         0.000         0.000   1644034.471   1644035.532         0.000   1644046.433   1644046.728   1644044.644         0.000   1644043.321         0.000   1644047.916         0.000         0.000         0.000         0.000         0.000         0.000         0.000
3 ddres   : dt=0.0050 ns=20
3 sat=  9-  4 L1 v=       -0.001 R= 0.000037  0.000042 lock=15 x=-28.308 P=92.148
3 sat=  9-  8 L1 v=       -0.015 R= 0.000037  0.000091 lock=15 x=-10.308 P=92.342
3 sat=  9- 16 L1 v=       -0.007 R= 0.000037  0.000063 lock=15 x=-50.308 P=92.506
3 sat=  9- 27 L1 v=       -0.011 R= 0.000037  0.000067 lock=15 x=-41.308 P=92.337
3 sat=  9- 30 L1 v=       -0.012 R= 0.000037  0.000247 lock=15 x=-141.308 P=94.580
3 sat=  9-  4 P1 v=       -0.292 R= 3.333568  3.799364 lock=15 x=-28.308 P=92.148
3 sat=  9-  8 P1 v=       -0.600 R= 3.333568  8.219323 lock=15 x=-10.308 P=92.342
3 sat=  9- 16 P1 v=       -1.160 R= 3.333568  5.696907 lock=15 x=-50.308 P=92.506
3 sat=  9- 27 P1 v=       -1.249 R= 3.333568  6.017179 lock=15 x=-41.308 P=92.337
3 sat=  9- 30 P1 v=       -1.573 R= 3.333568 22.272532 lock=15 x=-141.308 P=94.580
3 sat= 39- 38 L1 v=        0.006 R= 0.000091  0.000122 lock=15 x=-65.412 P=92.565
3 sat= 39- 40 L1 v=        0.018 R= 0.000091  0.000386 lock=15 x=92.588 P=93.302
3 sat= 39- 41 L1 v=       -0.001 R= 0.000091  0.000092 lock=15 x=-49.412 P=92.269
3 sat= 39- 42 L1 v=       -0.012 R= 0.000091  0.000336 lock=15 x=-12.412 P=92.557
3 sat= 39- 48 L1 v=       -0.001 R= 0.000091  0.000133 lock=15 x=-44.412 P=92.516
3 sat= 39- 50 L1 v=        0.030 R= 0.000091  0.000630 lock=15 x=34.588 P=93.141
3 sat= 39- 40 L2 v=        0.027 R= 0.000091  0.000386 lock=15 x=30.416 P=130.622
3 sat= 39- 41 L2 v=        0.004 R= 0.000091  0.000092 lock=15 x=-74.584 P=129.619
3 sat= 39- 48 L2 v=        0.006 R= 0.000091  0.000133 lock=15 x=-52.584 P=129.665
3 sat= 39- 50 L2 v=        0.032 R= 0.000091  0.000630 lock=15 x=-27.584 P=129.942
3 sat= 39- 38 P1 v=        4.136 R= 8.222350 10.997669 lock=15 x=-65.412 P=92.565
3 sat= 39- 40 P1 v=       -1.315 R= 8.222350 34.778528 lock=15 x=92.588 P=93.302
3 sat= 39- 41 P1 v=        2.922 R= 8.222350  8.262197 lock=15 x=-49.412 P=92.269
3 sat= 39- 42 P1 v=        2.891 R= 8.222350 30.208111 lock=15 x=-12.412 P=92.557
3 sat= 39- 48 P1 v=        1.772 R= 8.222350 11.990116 lock=15 x=-44.412 P=92.516
3 sat= 39- 50 P1 v=        2.261 R= 8.222350 56.710433 lock=15 x=34.588 P=93.141
3 sat= 39- 40 P2 v=        0.823 R= 8.222350 34.778528 lock=15 x=30.416 P=130.622
3 sat= 39- 41 P2 v=        0.523 R= 8.222350  8.262197 lock=15 x=-74.584 P=129.619
3 sat= 39- 48 P2 v=       -0.541 R= 8.222350 11.990116 lock=15 x=-52.584 P=129.665
3 sat= 39- 50 P2 v=       -0.077 R= 8.222350 56.710433 lock=15 x=-27.584 P=129.942
3 sat= 60- 63 L1 v=       -0.004 R= 0.000036  0.000039 lock=15 x=-62.717 P=84.708
3 sat= 60- 68 L1 v=       -0.002 R= 0.000036  0.000166 lock=15 x=-28.717 P=86.108
3 sat= 60- 73 L1 v=        0.007 R= 0.000036  0.000105 lock=15 x=-13.717 P=85.381
3 sat= 60- 78 L1 v=       -0.005 R= 0.000036  0.000060 lock=15 x=-18.717 P=85.053
3 sat= 60- 80 L1 v=       -0.007 R= 0.000036  0.000060 lock=15 x=-72.717 P=85.222
3 sat= 60- 90 L1 v=       -0.001 R= 0.000036  0.000095 lock=15 x=-37.717 P=85.297
3 sat= 60- 63 P1 v=       -0.331 R= 3.271498  3.468849 lock=15 x=-62.717 P=84.708
3 sat= 60- 68 P1 v=       -1.325 R= 3.271498 14.957922 lock=15 x=-28.717 P=86.108
3 sat= 60- 73 P1 v=       -0.457 R= 3.271498  9.407085 lock=15 x=-13.717 P=85.381
3 sat= 60- 78 P1 v=       -1.405 R= 3.271498  5.419056 lock=15 x=-18.717 P=85.053
3 sat= 60- 80 P1 v=       -1.661 R= 3.271498  5.438116 lock=15 x=-72.717 P=85.222
3 sat= 60- 90 P1 v=       -1.161 R= 3.271498  8.522744 lock=15 x=-37.717 P=85.297
3 valpos  : nv=42 thres=4.0
3 sol_rr=    -1276971.647    -4717196.858     4087248.827          -0.000           0.002           0.002
1 
---------------------------------------------------------
1 relpos: dt=0.005 nu=24 nr=26
1 ---------------------------------------------------------
3 satposs  : teph= 2020/12/24 22:08:49.005 n=24 ephopt=0
3 satposs  : teph= 2020/12/24 22:08:49.000 n=26 ephopt=0
3 base station:
3 zdres: n=26 rr=-1283433.94 -4713073.29 4090105.09
3 sat= 4 rs=    -3929.894 -24858200.305   9287218.761 dts=-0.0001671609 az= 141.9 el= 59.5
3 unhealthy satellite: sat=7 svh=3f
3 sat= 8 rs=  5098334.056 -25894625.256   -787312.841 dts=-0.0000040918 az= 143.5 el= 29.6
3 sat= 9 rs= -9302281.315 -17168607.395  17928877.698 dts=-0.0003052096 az= 288.3 el= 76.6
3 sat=16 rs=  9950298.275 -10993228.702  21787027.791 dts=-0.0002551590 az=  47.3 el= 39.0
3 sat=27 rs= 12301307.464 -20658016.029  10730747.038 dts=-0.0000418406 az=  98.3 el= 37.3
3 sat=30 rs=-24301380.764  -1734135.354  10884293.870 dts=-0.0003578177 az= 277.8 el= 16.3
3 sat=38 rs= -8305866.297 -23989723.013   2316775.581 dts= 0.0001897532 az= 186.7 el= 44.7
3 sat=39 rs=-12411662.114 -13700751.244  17581593.679 dts=-0.0000419300 az= 288.7 el= 63.3
3 sat=40 rs=-10343097.699   3773210.770  23056967.613 dts=-0.0000564558 az= 329.0 el= 20.1
3 sat=41 rs=-11159594.247 -12543456.780  19244996.517 dts= 0.0000148843 az= 304.0 el= 62.8
3 sat=42 rs=-23287472.249  -8576241.558   5722077.777 dts=-0.0000649858 az= 256.4 el= 21.8
3 sat=48 rs=  7132485.753  -9554754.044  22542001.575 dts=-0.0000094939 az=  36.9 el= 41.3
3 sat=50 rs= 19273932.851 -11434887.830  12156910.420 dts= 0.0000607964 az=  75.8 el= 15.1
3 sat=60 rs= -8756563.981 -20431016.812  19544768.749 dts=-0.0010103688 az= 284.1 el= 82.2
3 sat=63 rs=-13414779.859 -18146713.982  19151065.298 dts=-0.0006747671 az= 277.7 el= 69.5
3 sat=68 rs=-16813063.128   4207022.638  23990125.723 dts= 0.0058217660 az= 316.3 el= 20.5
3 sat=73 rs=  6530107.886 -28191533.699  -2303980.776 dts=-0.0012706425 az= 143.0 el= 27.1
3 sat=78 rs=  -571622.442 -29568009.110   1189783.387 dts= 0.0001612761 az= 157.6 el= 40.7
3 sat=80 rs= 11156967.759 -12445532.623  24431545.531 dts=-0.0006390823 az=  47.5 el= 40.6
3 sat=90 rs=-24345410.976 -16586501.670   2859065.447 dts=-0.0004767740 az= 237.4 el= 29.0
3 y=
        0.000         8.719         0.000        13.738        14.423         9.500         0.000        13.084         8.444        16.906        14.628        12.769        19.812        10.428        15.150         0.000        13.568         0.000        10.691        10.435         4.688         0.000         9.866         2.232        14.921        12.069
        0.000         0.000         0.000         0.000         0.000         0.000         0.000         0.000         0.000         0.000        23.842        21.197        30.366         0.000        24.884         0.000        22.374         0.000         0.000         0.000         0.000         0.000         0.000         0.000         0.000         0.000
        0.000         2.102         0.000         6.719         2.799         0.572         0.000         4.989         5.318         8.199        10.237        11.477        10.257         4.571         8.503         0.000         9.663         0.000         0.934        -0.215         1.230         0.000         2.370         1.567         2.160         3.164
        0.000         0.000         0.000         0.000         0.000         0.000         0.000         0.000         0.000         0.000        13.586        14.674        12.278         0.000         9.702         0.000        15.215         0.000         0.000         0.000         0.000         0.000         0.000         0.000         0.000         0.000
3 selsat  : nu=24 nr=26
3 before udstate: x=-1276971.7621 -4717197.3443 4087248.5613 -0.0000 0.0025 0.0019 -0.0023 0.0026 0.0063
3 udstate : ns=20
3 udpos : tt=1.000
3 udbias  : tt=1.000 ns=20
3 after udstate x=-1276971.7633 -4717197.3404 4087248.5663 -0.0023 0.0051 0.0082 -0.0023 0.0026 0.0063
3 rover: dt=0.005
3 zdres: n=24 rr=-1276971.76 -4717197.34 4087248.57
3 unhealthy satellite: sat=7 svh=3f
3 y=
        0.000   1644119.804         0.000   1644128.344   1644117.664   1644115.877         0.000   1644121.508   1644097.617   1644126.027   1644133.660   1644150.562   1644131.479   1644129.159   1644127.538         0.000   1644140.833   1644113.764   1644111.779   1644112.046   1644120.828   1644112.290   1644114.077   1644118.334
        0.000   1644110.262         0.000   1644128.660   1644115.633         0.000         0.000   1644121.582   1644100.518         0.000   1644128.890   1644142.805   1644127.138         0.000   1644126.747         0.000   1644130.329         0.000         0.000         0.000         0.000         0.000         0.000         0.000
        0.000   1644117.711         0.000   1644122.812   1644117.954   1644116.605         0.000   1644121.477   1644121.647   1644128.145   1644133.880   1644135.726   1644130.750   1644125.270   1644129.926         0.000   1644130.746   1644113.412   1644112.851   1644114.666   1644115.954   1644115.915   1644116.095   1644117.036
        0.000   1644114.174         0.000   1644120.672   1644115.279         0.000         0.000   1644116.837   1644117.650         0.000   1644128.651   1644128.473   1644126.774         0.000   1644125.389         0.000   1644129.913         0.000         0.000         0.000         0.000         0.000         0.000         0.000
3 ddres   : dt=0.0050 ns=20
3 sat=  9-  4 L1 v=        0.001 R= 0.000037  0.000042 lock=16 x=-28.419 P=92.148
3 sat=  9-  8 L1 v=        0.002 R= 0.000037  0.000091 lock=16 x=-9.915 P=92.342
3 sat=  9- 16 L1 v=       -0.002 R= 0.000037  0.000063 lock=16 x=-53.183 P=92.506
3 sat=  9- 27 L1 v=       -0.000 R= 0.000037  0.000067 lock=16 x=-42.410 P=92.337
3 sat=  9- 30 L1 v=        0.005 R= 0.000037  0.000247 lock=16 x=-143.551 P=94.580
3 sat=  9-  4 P1 v=       -0.454 R= 3.333487  3.799722 lock=16 x=-28.419 P=92.148
3 sat=  9-  8 P1 v=       -0.937 R= 3.333487  8.216594 lock=16 x=-9.915 P=92.342
3 sat=  9- 16 P1 v=       -0.877 R= 3.333487  5.698164 lock=16 x=-53.183 P=92.506
3 sat=  9- 27 P1 v=       -1.333 R= 3.333487  6.016565 lock=16 x=-42.410 P=92.337
3 sat=  9- 30 P1 v=       -1.174 R= 3.333487 22.259804 lock=16 x=-143.551 P=94.580
3 sat= 39- 38 L1 v=        0.008 R= 0.000091  0.000122 lock=16 x=-65.523 P=92.565
3 sat= 39- 40 L1 v=       -0.001 R= 0.000091  0.000386 lock=16 x=87.733 P=93.302
3 sat= 39- 41 L1 v=        0.003 R= 0.000091  0.000092 lock=16 x=-52.003 P=92.269
3 sat= 39- 42 L1 v=        0.002 R= 0.000091  0.000336 lock=16 x=-14.257 P=92.557
3 sat= 39- 48 L1 v=        0.007 R= 0.000091  0.000133 lock=16 x=-48.145 P=92.516
3 sat= 39- 50 L1 v=        0.007 R= 0.000091  0.000630 lock=16 x=31.300 P=93.141
3 sat= 39- 40 L2 v=       -0.005 R= 0.000091  0.000386 lock=16 x=28.542 P=130.622
3 sat= 39- 41 L2 v=        0.010 R= 0.000091  0.000092 lock=16 x=-74.634 P=129.619
3 sat= 39- 48 L2 v=       -0.001 R= 0.000091  0.000133 lock=16 x=-53.549 P=129.665
3 sat= 39- 50 L2 v=        0.009 R= 0.000091  0.000630 lock=16 x=-28.177 P=129.942
3 sat= 39- 38 P1 v=        3.696 R= 8.222110 11.000188 lock=16 x=-65.523 P=92.565
3 sat= 39- 40 P1 v=       -0.605 R= 8.222110 34.756670 lock=16 x=87.733 P=93.302
3 sat= 39- 41 P1 v=        3.150 R= 8.222110  8.262053 lock=16 x=-52.003 P=92.269
3 sat= 39- 42 P1 v=        2.944 R= 8.222110 30.195120 lock=16 x=-14.257 P=92.557
3 sat= 39- 48 P1 v=        2.220 R= 8.222110 11.992347 lock=16 x=-48.145 P=92.516
3 sat= 39- 50 P1 v=        2.561 R= 8.222110 56.682531 lock=16 x=31.300 P=93.141
3 sat= 39- 40 P2 v=        1.267 R= 8.222110 34.756670 lock=16 x=28.542 P=130.622
3 sat= 39- 41 P2 v=        0.569 R= 8.222110  8.262053 lock=16 x=-74.634 P=129.619
3 sat= 39- 48 P2 v=       -0.622 R= 8.222110 11.992347 lock=16 x=-53.549 P=129.665
3 sat= 39- 50 P2 v=        0.368 R= 8.222110 56.682531 lock=16 x=-28.177 P=129.942
3 sat= 60- 63 L1 v=       -0.003 R= 0.000036  0.000039 lock=16 x=-62.928 P=84.708
3 sat= 60- 68 L1 v=       -0.009 R= 0.000036  0.000166 lock=16 x=-31.356 P=86.108
3 sat= 60- 73 L1 v=        0.008 R= 0.000036  0.000104 lock=16 x=-12.333 P=85.381
3 sat= 60- 78 L1 v=        0.003 R= 0.000036  0.000060 lock=16 x=-17.104 P=85.053
3 sat= 60- 80 L1 v=       -0.003 R= 0.000036  0.000060 lock=16 x=-74.430 P=85.222
3 sat= 60- 90 L1 v=        0.001 R= 0.000036  0.000095 lock=16 x=-37.046 P=85.297
3 sat= 60- 63 P1 v=       -0.588 R= 3.271484  3.468797 lock=16 x=-62.928 P=84.708
3 sat= 60- 68 P1 v=       -0.959 R= 3.271484 14.951573 lock=16 x=-31.356 P=86.108
3 sat= 60- 73 P1 v=       -1.106 R= 3.271484  9.404454 lock=16 x=-12.333 P=85.381
3 sat= 60- 78 P1 v=       -1.870 R= 3.271484  5.420050 lock=16 x=-17.104 P=85.053
3 sat= 60- 80 P1 v=       -1.456 R= 3.271484  5.438963 lock=16 x=-74.430 P=85.222
3 sat= 60- 90 P1 v=       -1.394 R= 3.271484  8.520617 lock=16 x=-37.046 P=85.297
3 before filter x=-1276971.7633 -4717197.3404 4087248.5663 -0.0023 0.0051 0.0082 -0.0023 0.0026 0.0063
3 after filter x=-1276971.7617 -4717197.3440 4087248.5782 -0.0014 -0.0021 0.0001 -0.0014 -0.0045 -0.0017
3 posvar=0.050573 
3 zdres: n=24 rr=-1276971.76 -4717197.34 4087248.58
3 unhealthy satellite: sat=7 svh=3f
3 y=
        0.000   1644119.810         0.000   1644128.345   1644117.674   1644115.888         0.000   1644121.515   1644097.619   1644126.029   1644133.669   1644150.570   1644131.489   1644129.159   1644127.550         0.000   1644140.839   1644113.774   1644111.788   1644112.052   1644120.828   1644112.292   1644114.088   1644118.334
        0.000   1644110.268         0.000   1644128.661   1644115.642         0.000         0.000   1644121.589   1644100.519         0.000   1644128.899   1644142.813   1644127.148         0.000   1644126.759         0.000   1644130.336         0.000         0.000         0.000         0.000         0.000         0.000         0.000
        0.000   1644117.717         0.000   1644122.813   1644117.964   1644116.616         0.000   1644121.485   1644121.648   1644128.147   1644133.889   1644135.734   1644130.760   1644125.270   1644129.938         0.000   1644130.752   1644113.422   1644112.860   1644114.673   1644115.955   1644115.918   1644116.106   1644117.035
        0.000   1644114.180         0.000   1644120.673   1644115.289         0.000         0.000   1644116.845   1644117.651         0.000   1644128.660   1644128.481   1644126.784         0.000   1644125.401         0.000   1644129.919         0.000         0.000         0.000         0.000         0.000         0.000         0.000
3 ddres   : dt=0.0050 ns=20
3 sat=  9-  4 L1 v=       -0.002 R= 0.000037  0.000042 lock=16 x=-28.425 P=92.144
3 sat=  9-  8 L1 v=       -0.004 R= 0.000037  0.000091 lock=16 x=-9.959 P=92.331
3 sat=  9- 16 L1 v=       -0.001 R= 0.000037  0.000063 lock=16 x=-53.139 P=92.488
3 sat=  9- 27 L1 v=       -0.002 R= 0.000037  0.000067 lock=16 x=-42.408 P=92.330
3 sat=  9- 30 L1 v=        0.006 R= 0.000037  0.000247 lock=16 x=-143.560 P=94.505
3 sat=  9-  4 P1 v=       -0.451 R= 3.333487  3.799722 lock=16 x=-28.425 P=92.144
3 sat=  9-  8 P1 v=       -0.929 R= 3.333487  8.216594 lock=16 x=-9.959 P=92.331
3 sat=  9- 16 P1 v=       -0.878 R= 3.333487  5.698164 lock=16 x=-53.139 P=92.488
3 sat=  9- 27 P1 v=       -1.331 R= 3.333487  6.016565 lock=16 x=-42.408 P=92.330
3 sat=  9- 30 P1 v=       -1.165 R= 3.333487 22.259804 lock=16 x=-143.560 P=94.505
3 sat= 39- 38 L1 v=        0.003 R= 0.000091  0.000122 lock=16 x=-65.576 P=92.539
3 sat= 39- 40 L1 v=        0.003 R= 0.000091  0.000386 lock=16 x=87.760 P=93.276
3 sat= 39- 41 L1 v=        0.003 R= 0.000091  0.000092 lock=16 x=-51.984 P=92.259
3 sat= 39- 42 L1 v=        0.001 R= 0.000091  0.000336 lock=16 x=-14.299 P=92.529
3 sat= 39- 48 L1 v=        0.008 R= 0.000091  0.000133 lock=16 x=-48.111 P=92.501
3 sat= 39- 50 L1 v=        0.005 R= 0.000091  0.000630 lock=16 x=31.292 P=93.109
3 sat= 39- 40 L2 v=       -0.001 R= 0.000091  0.000386 lock=16 x=28.552 P=130.607
3 sat= 39- 41 L2 v=        0.010 R= 0.000091  0.000092 lock=16 x=-74.631 P=129.612
3 sat= 39- 48 L2 v=        0.000 R= 0.000091  0.000133 lock=16 x=-53.533 P=129.660
3 sat= 39- 50 L2 v=        0.007 R= 0.000091  0.000630 lock=16 x=-28.195 P=129.925
3 sat= 39- 38 P1 v=        3.704 R= 8.222110 11.000188 lock=16 x=-65.576 P=92.539
3 sat= 39- 40 P1 v=       -0.604 R= 8.222110 34.756670 lock=16 x=87.760 P=93.276
3 sat= 39- 41 P1 v=        3.149 R= 8.222110  8.262053 lock=16 x=-51.984 P=92.259
3 sat= 39- 42 P1 v=        2.953 R= 8.222110 30.195120 lock=16 x=-14.299 P=92.529
3 sat= 39- 48 P1 v=        2.217 R= 8.222110 11.992347 lock=16 x=-48.111 P=92.501
3 sat= 39- 50 P1 v=        2.564 R= 8.222110 56.682531 lock=16 x=31.292 P=93.109
3 sat= 39- 40 P2 v=        1.268 R= 8.222110 34.756670 lock=16 x=28.552 P=130.607
3 sat= 39- 41 P2 v=        0.568 R= 8.222110  8.262053 lock=16 x=-74.631 P=129.612
3 sat= 39- 48 P2 v=       -0.625 R= 8.222110 11.992347 lock=16 x=-53.533 P=129.660
3 sat= 39- 50 P2 v=        0.371 R= 8.222110 56.682531 lock=16 x=-28.195 P=129.925
3 sat= 60- 63 L1 v=       -0.002 R= 0.000036  0.000039 lock=16 x=-62.912 P=84.704
3 sat= 60- 68 L1 v=       -0.004 R= 0.000036  0.000166 lock=16 x=-31.331 P=86.058
3 sat= 60- 73 L1 v=        0.003 R= 0.000036  0.000104 lock=16 x=-12.389 P=85.357
3 sat= 60- 78 L1 v=       -0.001 R= 0.000036  0.000060 lock=16 x=-17.150 P=85.038
3 sat= 60- 80 L1 v=       -0.001 R= 0.000036  0.000060 lock=16 x=-74.394 P=85.202
3 sat= 60- 90 L1 v=       -0.001 R= 0.000036  0.000095 lock=16 x=-37.091 P=85.273
3 sat= 60- 63 P1 v=       -0.587 R= 3.271484  3.468797 lock=16 x=-62.912 P=84.704
3 sat= 60- 68 P1 v=       -0.956 R= 3.271484 14.951573 lock=16 x=-31.331 P=86.058
3 sat= 60- 73 P1 v=       -1.097 R= 3.271484  9.404454 lock=16 x=-12.389 P=85.357
3 sat= 60- 78 P1 v=       -1.862 R= 3.271484  5.420050 lock=16 x=-17.150 P=85.038
3 sat= 60- 80 P1 v=       -1.458 R= 3.271484  5.438963 lock=16 x=-74.394 P=85.202
3 sat= 60- 90 P1 v=       -1.384 R= 3.271484  8.520617 lock=16 x=-37.091 P=85.273
3 valpos  : nv=42 thres=4.0
3 posvar=0.050573
3 prevRatios = 4.072 4.072
3 refSats=       4       4       4       4       4      38      38      38      38      38      38      39      39      39      39      60      60      60      60      60      60
3 fixSats=       8       9      16      27      30      39      40      41      42      48      50      40      41      48      50      63      68      73      78      80      90
3 N(0)=       -18.47   41.20   24.71   13.98  115.14  -52.87 -153.34  -13.59  -51.28  -17.46  -96.87  -68.96   34.23   13.13  -12.21    9.10  -22.48  -41.42  -36.66   20.58  -16.72
3 Qb*1000=   342.5854 435.7255 806.6804 375.6526 3427.3317 621.0662 2644.8664 712.2277 1506.3354 1335.7064 1922.7902 822.1107  6.2615 544.3646 1413.9747 61.7239 2121.1883 1145.8708 629.3511 787.1994 1172.5732
3 N(1)=       -18.00   40.00   22.00   13.00  113.00  -55.00 -158.00  -16.00  -53.00  -21.00 -100.00  -71.00   34.00   12.00  -13.00    9.00  -25.00  -40.00  -35.00   19.00  -16.00
3 N(2)=       -18.00   40.00   22.00   13.00  113.00  -55.00 -158.00  -16.00  -53.00  -21.00  -99.00  -71.00   34.00   12.00  -13.00    9.00  -25.00  -40.00  -35.00   19.00  -16.00
3 resamb : validation ok (nb=21 ratio=4.08 thresh=3.00 s=1524.77/373.74
3 restamb :
3 lambda: nb=21 r1= 4.072 r2=4.072 r=4.080
3 zdres: n=24 rr=-1276971.65 -4717196.86 4087248.83
3 unhealthy satellite: sat=7 svh=3f
3 y=
        0.000   1644119.410         0.000   1644127.869   1644117.500   1644116.009         0.000   1644121.308   1644097.640   1644125.513   1644133.554   1644150.915   1644131.431   1644128.981   1644127.705         0.000   1644140.887   1644113.575   1644111.612   1644112.334   1644120.354   1644111.783   1644114.198   1644117.999
        0.000   1644109.868         0.000   1644128.185   1644115.469         0.000         0.000   1644121.382   1644100.541         0.000   1644128.783   1644143.159   1644127.090         0.000   1644126.914         0.000   1644130.383         0.000         0.000         0.000         0.000         0.000         0.000         0.000
        0.000   1644117.317         0.000   1644122.336   1644117.791   1644116.737         0.000   1644121.278   1644121.670   1644127.631   1644133.774   1644136.079   1644130.702   1644125.092   1644130.093         0.000   1644130.800   1644113.223   1644112.683   1644114.955   1644115.481   1644115.409   1644116.216   1644116.700
        0.000   1644113.780         0.000   1644120.196   1644115.116         0.000         0.000   1644116.638   1644117.673         0.000   1644128.545   1644128.826   1644126.726         0.000   1644125.556         0.000   1644129.967         0.000         0.000         0.000         0.000         0.000         0.000         0.000
3 ddres   : dt=0.0050 ns=20
3 sat=  9-  4 L1 v=       -0.002 R= 0.000037  0.000042 lock=16 x=-28.425 P=92.144
3 sat=  9-  8 L1 v=       -0.016 R= 0.000037  0.000091 lock=16 x=-10.425 P=92.331
3 sat=  9- 16 L1 v=       -0.006 R= 0.000037  0.000063 lock=16 x=-50.425 P=92.488
3 sat=  9- 27 L1 v=       -0.009 R= 0.000037  0.000067 lock=16 x=-41.425 P=92.330
3 sat=  9- 30 L1 v=       -0.010 R= 0.000037  0.000247 lock=16 x=-141.425 P=94.505
3 sat=  9-  4 P1 v=       -0.223 R= 3.333487  3.799722 lock=16 x=-28.425 P=92.144
3 sat=  9-  8 P1 v=       -0.625 R= 3.333487  8.216596 lock=16 x=-10.425 P=92.331
3 sat=  9- 16 P1 v=       -1.173 R= 3.333487  5.698164 lock=16 x=-50.425 P=92.488
3 sat=  9- 27 P1 v=       -1.297 R= 3.333487  6.016565 lock=16 x=-41.425 P=92.330
3 sat=  9- 30 P1 v=       -1.360 R= 3.333487 22.259801 lock=16 x=-141.425 P=94.505
3 sat= 39- 38 L1 v=        0.006 R= 0.000091  0.000122 lock=16 x=-65.576 P=92.539
3 sat= 39- 40 L1 v=        0.015 R= 0.000091  0.000386 lock=16 x=92.424 P=93.276
3 sat= 39- 41 L1 v=       -0.001 R= 0.000091  0.000092 lock=16 x=-49.576 P=92.259
3 sat= 39- 42 L1 v=       -0.011 R= 0.000091  0.000336 lock=16 x=-12.576 P=92.529
3 sat= 39- 48 L1 v=        0.002 R= 0.000091  0.000133 lock=16 x=-44.576 P=92.501
3 sat= 39- 50 L1 v=        0.032 R= 0.000091  0.000630 lock=16 x=34.424 P=93.109
3 sat= 39- 40 L2 v=        0.029 R= 0.000091  0.000386 lock=16 x=30.596 P=130.607
3 sat= 39- 41 L2 v=        0.007 R= 0.000091  0.000092 lock=16 x=-74.404 P=129.612
3 sat= 39- 48 L2 v=        0.002 R= 0.000091  0.000133 lock=16 x=-52.404 P=129.660
3 sat= 39- 50 L2 v=        0.035 R= 0.000091  0.000630 lock=16 x=-27.404 P=129.925
3 sat= 39- 38 P1 v=        4.104 R= 8.222109 11.000190 lock=16 x=-65.576 P=92.539
3 sat= 39- 40 P1 v=       -1.065 R= 8.222109 34.756655 lock=16 x=92.424 P=93.276
3 sat= 39- 41 P1 v=        3.092 R= 8.222109  8.262053 lock=16 x=-49.576 P=92.259
3 sat= 39- 42 P1 v=        3.016 R= 8.222109 30.195121 lock=16 x=-12.576 P=92.529
3 sat= 39- 48 P1 v=        1.947 R= 8.222109 11.992346 lock=16 x=-44.576 P=92.501
3 sat= 39- 50 P1 v=        2.401 R= 8.222109 56.682520 lock=16 x=34.424 P=93.109
3 sat= 39- 40 P2 v=        0.807 R= 8.222109 34.756655 lock=16 x=30.596 P=130.607
3 sat= 39- 41 P2 v=        0.511 R= 8.222109  8.262053 lock=16 x=-74.404 P=129.612
3 sat= 39- 48 P2 v=       -0.895 R= 8.222109 11.992346 lock=16 x=-52.404 P=129.660
3 sat= 39- 50 P2 v=        0.208 R= 8.222109 56.682520 lock=16 x=-27.404 P=129.925
3 sat= 60- 63 L1 v=       -0.006 R= 0.000036  0.000039 lock=16 x=-62.810 P=84.704
3 sat= 60- 68 L1 v=       -0.005 R= 0.000036  0.000166 lock=16 x=-28.810 P=86.058
3 sat= 60- 73 L1 v=        0.008 R= 0.000036  0.000104 lock=16 x=-13.810 P=85.357
3 sat= 60- 78 L1 v=       -0.007 R= 0.000036  0.000060 lock=16 x=-18.810 P=85.038
3 sat= 60- 80 L1 v=       -0.009 R= 0.000036  0.000060 lock=16 x=-72.810 P=85.202
3 sat= 60- 90 L1 v=       -0.001 R= 0.000036  0.000095 lock=16 x=-37.810 P=85.273
3 sat= 60- 63 P1 v=       -0.610 R= 3.271484  3.468797 lock=16 x=-62.810 P=84.704
3 sat= 60- 68 P1 v=       -1.436 R= 3.271484 14.951568 lock=16 x=-28.810 P=86.058
3 sat= 60- 73 P1 v=       -0.822 R= 3.271484  9.404456 lock=16 x=-13.810 P=85.357
3 sat= 60- 78 P1 v=       -1.553 R= 3.271484  5.420050 lock=16 x=-18.810 P=85.038
3 sat= 60- 80 P1 v=       -1.766 R= 3.271484  5.438963 lock=16 x=-72.810 P=85.202
3 sat= 60- 90 P1 v=       -1.247 R= 3.271484  8.520618 lock=16 x=-37.810 P=85.273
3 valpos  : nv=42 thres=4.0
3 sol_rr=    -1276971.647    -4717196.858     4087248.828          -0.001          -0.002           0.000
3 rtkpos: end solution
